#
# There is insufficient memory for the Java Runtime Environment to continue.
# Native memory allocation (malloc) failed to allocate 2496928 bytes. Error detail: Chunk::new
# Possible reasons:
#   The system is out of physical RAM or swap space
#   This process is running with CompressedOops enabled, and the Java Heap may be blocking the growth of the native heap
# Possible solutions:
#   Reduce memory load on the system
#   Increase physical memory or swap space
#   Check if swap backing store is full
#   Decrease Java heap size (-Xmx/-Xms)
#   Decrease number of Java threads
#   Decrease Java thread stack sizes (-Xss)
#   Set larger code cache with -XX:ReservedCodeCacheSize=
#   JVM is running with Unscaled Compressed Oops mode in which the Java heap is
#     placed in the first 4GB address space. The Java Heap base address is the
#     maximum limit for the native heap growth. Please use -XX:HeapBaseMinAddress
#     to set the Java Heap base and to place the Java Heap above 4GB virtual address.
# This output file may be truncated or incomplete.
#
#  Out of Memory Error (arena.cpp:168), pid=13940, tid=9200
#
# JRE version: OpenJDK Runtime Environment (21.0.10) (build 21.0.10+-14961533-b1163.108)
# Java VM: OpenJDK 64-Bit Server VM (21.0.10+-14961533-b1163.108, mixed mode, tiered, compressed oops, compressed class ptrs, g1 gc, windows-amd64)
# No core dump will be written. Minidumps are not enabled by default on client versions of Windows
#

---------------  S U M M A R Y ------------

Command Line: --add-opens=java.base/java.lang=ALL-UNNAMED --add-opens=java.base/java.lang.invoke=ALL-UNNAMED --add-opens=java.base/java.util=ALL-UNNAMED --add-opens=java.prefs/java.util.prefs=ALL-UNNAMED --add-exports=jdk.compiler/com.sun.tools.javac.api=ALL-UNNAMED --add-exports=jdk.compiler/com.sun.tools.javac.util=ALL-UNNAMED --add-opens=java.base/java.util=ALL-UNNAMED --add-opens=java.prefs/java.util.prefs=ALL-UNNAMED --add-opens=java.base/java.nio.charset=ALL-UNNAMED --add-opens=java.base/java.net=ALL-UNNAMED --add-opens=java.base/java.util.concurrent.atomic=ALL-UNNAMED --add-opens=java.xml/javax.xml.namespace=ALL-UNNAMED -Xmx2048m -Dfile.encoding=UTF-8 -Duser.country=US -Duser.language=en -Duser.variant -javaagent:C:\Users\Krish\.gradle\wrapper\dists\gradle-8.13-bin\5xuhj0ry160q40clulazy9h7d\gradle-8.13\lib\agents\gradle-instrumentation-agent-8.13.jar org.gradle.launcher.daemon.bootstrap.GradleDaemon 8.13

Host: AMD Ryzen 5 5500U with Radeon Graphics         , 12 cores, 5G,  Windows 11 , 64 bit Build 26100 (10.0.26100.8972)
Time: Mon Aug  3 14:03:36 2026 India Standard Time elapsed time: 1673.072086 seconds (0d 0h 27m 53s)

---------------  T H R E A D  ---------------

Current thread (0x000002af17086910):  JavaThread "C2 CompilerThread0" daemon [_thread_in_native, id=9200, stack(0x000000f46bb00000,0x000000f46bc00000) (1024K)]


Current CompileTask:
C2:1673072 44077 %     4       com.android.tools.r8.internal.CQ::a @ 14 (1862 bytes)

Stack: [0x000000f46bb00000,0x000000f46bc00000]
Native frames: (J=compiled Java code, j=interpreted, Vv=VM code, C=native code)
V  [jvm.dll+0x6d78a9]
V  [jvm.dll+0x8665b3]
V  [jvm.dll+0x868bde]
V  [jvm.dll+0x8692c3]
V  [jvm.dll+0x280ee6]
V  [jvm.dll+0xc07cd]
V  [jvm.dll+0xc0d03]
V  [jvm.dll+0x3ba0cb]
V  [jvm.dll+0x385df7]
V  [jvm.dll+0x38526a]
V  [jvm.dll+0x249bd2]
V  [jvm.dll+0x2491a1]
V  [jvm.dll+0x1c76e4]
V  [jvm.dll+0x25891e]
V  [jvm.dll+0x256e66]
V  [jvm.dll+0x3f513e]
V  [jvm.dll+0x80fd28]
V  [jvm.dll+0x6d60fd]
C  [ucrtbase.dll+0x2cd30]
C  [KERNEL32.DLL+0x2ccb7]
C  [ntdll.dll+0xaad6c]


---------------  P R O C E S S  ---------------

Threads class SMR info:
_java_thread_list=0x000002af260e4580, length=200, elements={
0x000002af7afdf2a0, 0x000002af17048c60, 0x000002af17056ba0, 0x000002af17052f90,
0x000002af1707f820, 0x000002af17080280, 0x000002af17081480, 0x000002af17082680,
0x000002af17086910, 0x000002af17087b50, 0x000002af1738c8a0, 0x000002af19903ca0,
0x000002af1995b040, 0x000002af19ab5950, 0x000002af19bcbf40, 0x000002af19bc9e70,
0x000002af19bc97e0, 0x000002af192d1350, 0x000002af192cffa0, 0x000002af192ce560,
0x000002af1bd8fd70, 0x000002af19211ab0, 0x000002af1920ecc0, 0x000002af19210700,
0x000002af19210070, 0x000002af1cd390d0, 0x000002af1ce8f070, 0x000002af184b4000,
0x000002af184b32e0, 0x000002af184b3970, 0x000002af2356c0c0, 0x000002af2356ba30,
0x000002af23568c40, 0x000002af235692d0, 0x000002af2356ad10, 0x000002af23569960,
0x000002af2356a680, 0x000002af24adca90, 0x000002af24adc400, 0x000002af24add7b0,
0x000002af24adeb60, 0x000002af24adde40, 0x000002af24ade4d0, 0x000002af24a4b780,
0x000002af24a4c4a0, 0x000002af24a4cb30, 0x000002af24a4a3d0, 0x000002af24a4be10,
0x000002af24a4d1c0, 0x000002af1cd39760, 0x000002af1cd3ab10, 0x000002af1cd37690,
0x000002af1cd3b1a0, 0x000002af1cd37d20, 0x000002af1cd3b830, 0x000002af1cd383b0,
0x000002af1cd3d270, 0x000002af1cd3bec0, 0x000002af1cd3c550, 0x000002af1cd3d900,
0x000002af1cd3cbe0, 0x000002af172a84f0, 0x000002af172a8b80, 0x000002af172a6420,
0x000002af172a9210, 0x000002af172a7e60, 0x000002af172a7140, 0x000002af172a6ab0,
0x000002af172a77d0, 0x000002af172a5d90, 0x000002af172acd20, 0x000002af172ab2e0,
0x000002af172ab970, 0x000002af1e414720, 0x000002af1ce8dcc0, 0x000002af1e065c60,
0x000002af1e0683c0, 0x000002af1e066980, 0x000002af1e067010, 0x000002af1e0676a0,
0x000002af1e067d30, 0x000002af1e064f40, 0x000002af258724c0, 0x000002af1da09570,
0x000002af1da0c360, 0x000002af1b1a58a0, 0x000002af1b1a37d0, 0x000002af1b1a5210,
0x000002af1b1a3e60, 0x000002af1b1a2ab0, 0x000002af1b1a2420, 0x000002af1b1a44f0,
0x000002af1b1a4b80, 0x000002af1b6b2940, 0x000002af1b6b01e0, 0x000002af1b6b1590,
0x000002af1b6b2fd0, 0x000002af1e415440, 0x000002af1e416160, 0x000002af1e412ce0,
0x000002af26417700, 0x000002af26417d90, 0x000002af26418420, 0x000002af2641a4f0,
0x000002af26418ab0, 0x000002af26419140, 0x000002af264197d0, 0x000002af26419e60,
0x000002af1c9e3670, 0x000002af172aa5c0, 0x000002af172a98a0, 0x000002af172a9f30,
0x000002af172aac50, 0x000002af172ac000, 0x000002af172ad3b0, 0x000002af1d780790,
0x000002af1d77e6c0, 0x000002af1d780e20, 0x000002af1d77d9a0, 0x000002af1d7814b0,
0x000002af26417070, 0x000002af1dbb1070, 0x000002af1dbaefa0, 0x000002af1dbafcc0,
0x000002af1dbb2420, 0x000002af25094e40, 0x000002af25095b60, 0x000002af25096880,
0x000002af1a89a920, 0x000002af1a897b30, 0x000002af1a899c00, 0x000002af1c9e2fe0,
0x000002af1c9e4390, 0x000002af1c9e5740, 0x000002af24a4d850, 0x000002af24a4aa60,
0x000002af24a4b0f0, 0x000002af23267d80, 0x000002af23267060, 0x000002af2326a4e0,
0x000002af23268410, 0x000002af23268aa0, 0x000002af1a89a290, 0x000002af1a8981c0,
0x000002af1a898850, 0x000002af1a898ee0, 0x000002af1dbaf630, 0x000002af1dbb1700,
0x000002af1dbb0350, 0x000002af1dbb09e0, 0x000002af1dbb1d90, 0x000002af1dd54ea0,
0x000002af1dd56250, 0x000002af23a996b0, 0x000002af23a98990, 0x000002af23a98300,
0x000002af23a99020, 0x000002af2635d2b0, 0x000002af2635c590, 0x000002af2635cc20,
0x000002af2635ab50, 0x000002af26359e30, 0x000002af2635a4c0, 0x000002af1b6b0870,
0x000002af1b6b0f00, 0x000002af24a3e860, 0x000002af24a3f580, 0x000002af24a402a0,
0x000002af24a3fc10, 0x000002af24a40930, 0x000002af24a3e1d0, 0x000002af24a3d4b0,
0x000002af1e0509b0, 0x000002af184b18a0, 0x000002af1d77e030, 0x000002af1d783c10,
0x000002af1d784930, 0x000002af1d782860, 0x000002af1d781b40, 0x000002af1d782ef0,
0x000002af184b1f30, 0x000002af184b25c0, 0x000002af1c8eeac0, 0x000002af1e0516d0,
0x000002af1e051d60, 0x000002af1e04ef70, 0x000002af24d2c750, 0x000002af23867410,
0x000002af256f42e0, 0x000002af1c8f1220, 0x000002af256f70d0, 0x000002af256f4970,
0x000002af256f63b0, 0x000002af256f5000, 0x000002af256f6a40, 0x000002af256f5690,
0x000002af1bd36f20, 0x000002af1bd38ff0, 0x000002af2b116280, 0x000002af1b86d910
}

Java Threads: ( => current thread )
  0x000002af7afdf2a0 JavaThread "main"                              [_thread_blocked, id=11784, stack(0x000000f46ac00000,0x000000f46ad00000) (1024K)]
  0x000002af17048c60 JavaThread "Common-Cleaner"             daemon [_thread_blocked, id=13340, stack(0x000000f46b400000,0x000000f46b500000) (1024K)]
  0x000002af17056ba0 JavaThread "Reference Handler"          daemon [_thread_blocked, id=13240, stack(0x000000f46b500000,0x000000f46b600000) (1024K)]
  0x000002af17052f90 JavaThread "Finalizer"                  daemon [_thread_blocked, id=6376, stack(0x000000f46b600000,0x000000f46b700000) (1024K)]
  0x000002af1707f820 JavaThread "Signal Dispatcher"          daemon [_thread_blocked, id=20136, stack(0x000000f46b700000,0x000000f46b800000) (1024K)]
  0x000002af17080280 JavaThread "Attach Listener"            daemon [_thread_blocked, id=18304, stack(0x000000f46b800000,0x000000f46b900000) (1024K)]
  0x000002af17081480 JavaThread "Service Thread"             daemon [_thread_blocked, id=10592, stack(0x000000f46b900000,0x000000f46ba00000) (1024K)]
  0x000002af17082680 JavaThread "Monitor Deflation Thread"   daemon [_thread_blocked, id=10732, stack(0x000000f46ba00000,0x000000f46bb00000) (1024K)]
=>0x000002af17086910 JavaThread "C2 CompilerThread0"         daemon [_thread_in_native, id=9200, stack(0x000000f46bb00000,0x000000f46bc00000) (1024K)]
  0x000002af17087b50 JavaThread "C1 CompilerThread0"         daemon [_thread_blocked, id=23408, stack(0x000000f46bc00000,0x000000f46bd00000) (1024K)]
  0x000002af1738c8a0 JavaThread "Notification Thread"        daemon [_thread_blocked, id=13704, stack(0x000000f46bd00000,0x000000f46be00000) (1024K)]
  0x000002af19903ca0 JavaThread "Daemon health stats"               [_thread_blocked, id=340, stack(0x000000f46be00000,0x000000f46bf00000) (1024K)]
  0x000002af1995b040 JavaThread "Incoming local TCP Connector on port 63798"        [_thread_in_native, id=24136, stack(0x000000f46c400000,0x000000f46c500000) (1024K)]
  0x000002af19ab5950 JavaThread "Daemon periodic checks"            [_thread_blocked, id=18284, stack(0x000000f46c500000,0x000000f46c600000) (1024K)]
  0x000002af19bcbf40 JavaThread "Cache worker for journal cache (C:\Users\Krish\.gradle\caches\journal-1)"        [_thread_blocked, id=816, stack(0x000000f46c300000,0x000000f46c400000) (1024K)]
  0x000002af19bc9e70 JavaThread "File lock request listener"        [_thread_in_native, id=1636, stack(0x000000f46d400000,0x000000f46d500000) (1024K)]
  0x000002af19bc97e0 JavaThread "Cache worker for file hash cache (C:\Users\Krish\.gradle\caches\8.13\fileHashes)"        [_thread_blocked, id=16504, stack(0x000000f46d500000,0x000000f46d600000) (1024K)]
  0x000002af192d1350 JavaThread "File watcher server"        daemon [_thread_in_native, id=10808, stack(0x000000f46d900000,0x000000f46da00000) (1024K)]
  0x000002af192cffa0 JavaThread "File watcher consumer"      daemon [_thread_blocked, id=1028, stack(0x000000f46da00000,0x000000f46db00000) (1024K)]
  0x000002af192ce560 JavaThread "Cache worker for file content cache (C:\Users\Krish\.gradle\caches\8.13\fileContent)"        [_thread_blocked, id=21372, stack(0x000000f46dc00000,0x000000f46dd00000) (1024K)]
  0x000002af1bd8fd70 JavaThread "Memory manager"                    [_thread_blocked, id=23912, stack(0x000000f470f00000,0x000000f471000000) (1024K)]
  0x000002af19211ab0 JavaThread "RMI Scheduler(0)"           daemon [_thread_blocked, id=10148, stack(0x000000f476c00000,0x000000f476d00000) (1024K)]
  0x000002af1920ecc0 JavaThread "RMI GC Daemon"              daemon [_thread_blocked, id=2168, stack(0x000000f476e00000,0x000000f476f00000) (1024K)]
  0x000002af19210700 JavaThread "RMI TCP Accept-0"           daemon [_thread_in_native, id=21760, stack(0x000000f476f00000,0x000000f477000000) (1024K)]
  0x000002af19210070 JavaThread "RMI Reaper"                        [_thread_blocked, id=23736, stack(0x000000f477000000,0x000000f477100000) (1024K)]
  0x000002af1cd390d0 JavaThread "Cache worker for Java compile cache (C:\Users\Krish\.gradle\caches\8.13\javaCompile)"        [_thread_blocked, id=26124, stack(0x000000f473d00000,0x000000f473e00000) (1024K)]
  0x000002af1ce8f070 JavaThread "Daemon Thread 4"                   [_thread_blocked, id=13084, stack(0x000000f46a900000,0x000000f46aa00000) (1024K)]
  0x000002af184b4000 JavaThread "Handler for socket connection from /127.0.0.1:63798 to /127.0.0.1:59241"        [_thread_in_native, id=25940, stack(0x000000f46aa00000,0x000000f46ab00000) (1024K)]
  0x000002af184b32e0 JavaThread "Cancel handler"                    [_thread_blocked, id=23548, stack(0x000000f46ab00000,0x000000f46ac00000) (1024K)]
  0x000002af184b3970 JavaThread "Daemon worker Thread 4"            [_thread_blocked, id=17652, stack(0x000000f46c600000,0x000000f46c700000) (1024K)]
  0x000002af2356c0c0 JavaThread "Asynchronous log dispatcher for DefaultDaemonConnection: socket connection from /127.0.0.1:63798 to /127.0.0.1:59241"        [_thread_blocked, id=26532, stack(0x000000f46c700000,0x000000f46c800000) (1024K)]
  0x000002af2356ba30 JavaThread "Stdin handler"                     [_thread_blocked, id=6248, stack(0x000000f46c800000,0x000000f46c900000) (1024K)]
  0x000002af23568c40 JavaThread "Daemon client event forwarder"        [_thread_blocked, id=22468, stack(0x000000f46c900000,0x000000f46ca00000) (1024K)]
  0x000002af235692d0 JavaThread "Cache worker for file hash cache (D:\AndroidStudioProjects\CRMApplication\.gradle\8.13\fileHashes)"        [_thread_blocked, id=10444, stack(0x000000f46ca00000,0x000000f46cb00000) (1024K)]
  0x000002af2356ad10 JavaThread "Cache worker for Build Output Cleanup Cache (D:\AndroidStudioProjects\CRMApplication\.gradle\buildOutputCleanup)"        [_thread_blocked, id=6352, stack(0x000000f46cb00000,0x000000f46cc00000) (1024K)]
  0x000002af23569960 JavaThread "Cache worker for checksums cache (D:\AndroidStudioProjects\CRMApplication\.gradle\8.13\checksums)"        [_thread_blocked, id=15416, stack(0x000000f46cc00000,0x000000f46cd00000) (1024K)]
  0x000002af2356a680 JavaThread "Cache worker for cache directory md-supplier (C:\Users\Krish\.gradle\caches\8.13\md-supplier)"        [_thread_blocked, id=11236, stack(0x000000f46d600000,0x000000f46d700000) (1024K)]
  0x000002af24adca90 JavaThread "Cache worker for cache directory md-rule (C:\Users\Krish\.gradle\caches\8.13\md-rule)"        [_thread_blocked, id=23436, stack(0x000000f46d700000,0x000000f46d800000) (1024K)]
  0x000002af24adc400 JavaThread "Unconstrained build operations"        [_thread_blocked, id=2724, stack(0x000000f46d800000,0x000000f46d900000) (1024K)]
  0x000002af24add7b0 JavaThread "Unconstrained build operations Thread 2"        [_thread_blocked, id=25520, stack(0x000000f46db00000,0x000000f46dc00000) (1024K)]
  0x000002af24adeb60 JavaThread "Unconstrained build operations Thread 3"        [_thread_blocked, id=20620, stack(0x000000f46dd00000,0x000000f46de00000) (1024K)]
  0x000002af24adde40 JavaThread "Unconstrained build operations Thread 4"        [_thread_blocked, id=22556, stack(0x000000f46de00000,0x000000f46df00000) (1024K)]
  0x000002af24ade4d0 JavaThread "Unconstrained build operations Thread 5"        [_thread_blocked, id=26056, stack(0x000000f46df00000,0x000000f46e000000) (1024K)]
  0x000002af24a4b780 JavaThread "Unconstrained build operations Thread 6"        [_thread_blocked, id=21388, stack(0x000000f46e000000,0x000000f46e100000) (1024K)]
  0x000002af24a4c4a0 JavaThread "Unconstrained build operations Thread 7"        [_thread_blocked, id=18408, stack(0x000000f46e100000,0x000000f46e200000) (1024K)]
  0x000002af24a4cb30 JavaThread "Unconstrained build operations Thread 8"        [_thread_blocked, id=21728, stack(0x000000f46e200000,0x000000f46e300000) (1024K)]
  0x000002af24a4a3d0 JavaThread "Unconstrained build operations Thread 9"        [_thread_blocked, id=25204, stack(0x000000f46e300000,0x000000f46e400000) (1024K)]
  0x000002af24a4be10 JavaThread "Unconstrained build operations Thread 10"        [_thread_blocked, id=10144, stack(0x000000f46e400000,0x000000f46e500000) (1024K)]
  0x000002af24a4d1c0 JavaThread "Unconstrained build operations Thread 11"        [_thread_blocked, id=18240, stack(0x000000f46e500000,0x000000f46e600000) (1024K)]
  0x000002af1cd39760 JavaThread "Unconstrained build operations Thread 12"        [_thread_blocked, id=8452, stack(0x000000f46e600000,0x000000f46e700000) (1024K)]
  0x000002af1cd3ab10 JavaThread "Unconstrained build operations Thread 13"        [_thread_blocked, id=7344, stack(0x000000f46e700000,0x000000f46e800000) (1024K)]
  0x000002af1cd37690 JavaThread "Unconstrained build operations Thread 14"        [_thread_blocked, id=3264, stack(0x000000f46e800000,0x000000f46e900000) (1024K)]
  0x000002af1cd3b1a0 JavaThread "Unconstrained build operations Thread 15"        [_thread_blocked, id=14884, stack(0x000000f46e900000,0x000000f46ea00000) (1024K)]
  0x000002af1cd37d20 JavaThread "Unconstrained build operations Thread 16"        [_thread_blocked, id=24972, stack(0x000000f46ea00000,0x000000f46eb00000) (1024K)]
  0x000002af1cd3b830 JavaThread "Unconstrained build operations Thread 17"        [_thread_blocked, id=15912, stack(0x000000f46eb00000,0x000000f46ec00000) (1024K)]
  0x000002af1cd383b0 JavaThread "Unconstrained build operations Thread 18"        [_thread_blocked, id=16368, stack(0x000000f46ec00000,0x000000f46ed00000) (1024K)]
  0x000002af1cd3d270 JavaThread "Unconstrained build operations Thread 19"        [_thread_blocked, id=25220, stack(0x000000f46ed00000,0x000000f46ee00000) (1024K)]
  0x000002af1cd3bec0 JavaThread "Unconstrained build operations Thread 20"        [_thread_blocked, id=26424, stack(0x000000f46ee00000,0x000000f46ef00000) (1024K)]
  0x000002af1cd3c550 JavaThread "Unconstrained build operations Thread 21"        [_thread_blocked, id=17556, stack(0x000000f46ef00000,0x000000f46f000000) (1024K)]
  0x000002af1cd3d900 JavaThread "Unconstrained build operations Thread 22"        [_thread_blocked, id=17604, stack(0x000000f46f000000,0x000000f46f100000) (1024K)]
  0x000002af1cd3cbe0 JavaThread "Unconstrained build operations Thread 23"        [_thread_blocked, id=20632, stack(0x000000f46f100000,0x000000f46f200000) (1024K)]
  0x000002af172a84f0 JavaThread "Unconstrained build operations Thread 24"        [_thread_blocked, id=16676, stack(0x000000f46f200000,0x000000f46f300000) (1024K)]
  0x000002af172a8b80 JavaThread "Unconstrained build operations Thread 25"        [_thread_blocked, id=18612, stack(0x000000f46f300000,0x000000f46f400000) (1024K)]
  0x000002af172a6420 JavaThread "Unconstrained build operations Thread 26"        [_thread_blocked, id=8904, stack(0x000000f46f400000,0x000000f46f500000) (1024K)]
  0x000002af172a9210 JavaThread "Unconstrained build operations Thread 27"        [_thread_blocked, id=22492, stack(0x000000f46f500000,0x000000f46f600000) (1024K)]
  0x000002af172a7e60 JavaThread "Unconstrained build operations Thread 28"        [_thread_blocked, id=26156, stack(0x000000f46f600000,0x000000f46f700000) (1024K)]
  0x000002af172a7140 JavaThread "Unconstrained build operations Thread 29"        [_thread_blocked, id=21136, stack(0x000000f46f700000,0x000000f46f800000) (1024K)]
  0x000002af172a6ab0 JavaThread "Unconstrained build operations Thread 30"        [_thread_blocked, id=17740, stack(0x000000f46f800000,0x000000f46f900000) (1024K)]
  0x000002af172a77d0 JavaThread "Unconstrained build operations Thread 31"        [_thread_blocked, id=19376, stack(0x000000f46f900000,0x000000f46fa00000) (1024K)]
  0x000002af172a5d90 JavaThread "Unconstrained build operations Thread 32"        [_thread_blocked, id=7532, stack(0x000000f46fa00000,0x000000f46fb00000) (1024K)]
  0x000002af172acd20 JavaThread "Unconstrained build operations Thread 33"        [_thread_blocked, id=2600, stack(0x000000f46fb00000,0x000000f46fc00000) (1024K)]
  0x000002af172ab2e0 JavaThread "Unconstrained build operations Thread 34"        [_thread_blocked, id=12468, stack(0x000000f46fc00000,0x000000f46fd00000) (1024K)]
  0x000002af172ab970 JavaThread "build event listener"              [_thread_blocked, id=25664, stack(0x000000f46fd00000,0x000000f46fe00000) (1024K)]
  0x000002af1e414720 JavaThread "included builds"                   [_thread_blocked, id=15744, stack(0x000000f46fe00000,0x000000f46ff00000) (1024K)]
  0x000002af1ce8dcc0 JavaThread "Execution worker"                  [_thread_blocked, id=9008, stack(0x000000f46ff00000,0x000000f470000000) (1024K)]
  0x000002af1e065c60 JavaThread "Execution worker Thread 2"         [_thread_blocked, id=18100, stack(0x000000f470000000,0x000000f470100000) (1024K)]
  0x000002af1e0683c0 JavaThread "Execution worker Thread 3"         [_thread_blocked, id=11780, stack(0x000000f470100000,0x000000f470200000) (1024K)]
  0x000002af1e066980 JavaThread "Execution worker Thread 4"         [_thread_blocked, id=15316, stack(0x000000f470200000,0x000000f470300000) (1024K)]
  0x000002af1e067010 JavaThread "Execution worker Thread 5"         [_thread_blocked, id=25472, stack(0x000000f470300000,0x000000f470400000) (1024K)]
  0x000002af1e0676a0 JavaThread "Execution worker Thread 6"         [_thread_blocked, id=3536, stack(0x000000f470400000,0x000000f470500000) (1024K)]
  0x000002af1e067d30 JavaThread "Execution worker Thread 7"         [_thread_blocked, id=22804, stack(0x000000f470500000,0x000000f470600000) (1024K)]
  0x000002af1e064f40 JavaThread "Execution worker Thread 8"         [_thread_blocked, id=26192, stack(0x000000f470600000,0x000000f470700000) (1024K)]
  0x000002af258724c0 JavaThread "Execution worker Thread 9"         [_thread_blocked, id=23580, stack(0x000000f470700000,0x000000f470800000) (1024K)]
  0x000002af1da09570 JavaThread "Execution worker Thread 10"        [_thread_blocked, id=22056, stack(0x000000f470800000,0x000000f470900000) (1024K)]
  0x000002af1da0c360 JavaThread "Execution worker Thread 11"        [_thread_blocked, id=10456, stack(0x000000f470900000,0x000000f470a00000) (1024K)]
  0x000002af1b1a58a0 JavaThread "Cache worker for execution history cache (D:\AndroidStudioProjects\CRMApplication\.gradle\8.13\executionHistory)"        [_thread_blocked, id=1984, stack(0x000000f470a00000,0x000000f470b00000) (1024K)]
  0x000002af1b1a37d0 JavaThread "Unconstrained build operations Thread 35"        [_thread_blocked, id=10600, stack(0x000000f470b00000,0x000000f470c00000) (1024K)]
  0x000002af1b1a5210 JavaThread "Unconstrained build operations Thread 36"        [_thread_blocked, id=6096, stack(0x000000f470c00000,0x000000f470d00000) (1024K)]
  0x000002af1b1a3e60 JavaThread "Unconstrained build operations Thread 37"        [_thread_blocked, id=22908, stack(0x000000f470d00000,0x000000f470e00000) (1024K)]
  0x000002af1b1a2ab0 JavaThread "Unconstrained build operations Thread 38"        [_thread_blocked, id=22008, stack(0x000000f470e00000,0x000000f470f00000) (1024K)]
  0x000002af1b1a2420 JavaThread "Unconstrained build operations Thread 39"        [_thread_blocked, id=18492, stack(0x000000f471000000,0x000000f471100000) (1024K)]
  0x000002af1b1a44f0 JavaThread "Unconstrained build operations Thread 40"        [_thread_blocked, id=25136, stack(0x000000f471100000,0x000000f471200000) (1024K)]
  0x000002af1b1a4b80 JavaThread "Unconstrained build operations Thread 41"        [_thread_blocked, id=12400, stack(0x000000f471200000,0x000000f471300000) (1024K)]
  0x000002af1b6b2940 JavaThread "Unconstrained build operations Thread 42"        [_thread_blocked, id=21720, stack(0x000000f471300000,0x000000f471400000) (1024K)]
  0x000002af1b6b01e0 JavaThread "Unconstrained build operations Thread 43"        [_thread_blocked, id=17624, stack(0x000000f471400000,0x000000f471500000) (1024K)]
  0x000002af1b6b1590 JavaThread "Unconstrained build operations Thread 44"        [_thread_blocked, id=16236, stack(0x000000f471500000,0x000000f471600000) (1024K)]
  0x000002af1b6b2fd0 JavaThread "Unconstrained build operations Thread 45"        [_thread_blocked, id=3280, stack(0x000000f471600000,0x000000f471700000) (1024K)]
  0x000002af1e415440 JavaThread "Unconstrained build operations Thread 46"        [_thread_blocked, id=25380, stack(0x000000f471700000,0x000000f471800000) (1024K)]
  0x000002af1e416160 JavaThread "Unconstrained build operations Thread 47"        [_thread_blocked, id=18720, stack(0x000000f471800000,0x000000f471900000) (1024K)]
  0x000002af1e412ce0 JavaThread "Unconstrained build operations Thread 48"        [_thread_blocked, id=8884, stack(0x000000f471900000,0x000000f471a00000) (1024K)]
  0x000002af26417700 JavaThread "Unconstrained build operations Thread 49"        [_thread_blocked, id=24744, stack(0x000000f471a00000,0x000000f471b00000) (1024K)]
  0x000002af26417d90 JavaThread "Unconstrained build operations Thread 50"        [_thread_blocked, id=25232, stack(0x000000f471b00000,0x000000f471c00000) (1024K)]
  0x000002af26418420 JavaThread "Unconstrained build operations Thread 51"        [_thread_blocked, id=16468, stack(0x000000f471c00000,0x000000f471d00000) (1024K)]
  0x000002af2641a4f0 JavaThread "Unconstrained build operations Thread 52"        [_thread_blocked, id=5488, stack(0x000000f471d00000,0x000000f471e00000) (1024K)]
  0x000002af26418ab0 JavaThread "Unconstrained build operations Thread 53"        [_thread_blocked, id=2408, stack(0x000000f471e00000,0x000000f471f00000) (1024K)]
  0x000002af26419140 JavaThread "Unconstrained build operations Thread 54"        [_thread_blocked, id=16344, stack(0x000000f471f00000,0x000000f472000000) (1024K)]
  0x000002af264197d0 JavaThread "Unconstrained build operations Thread 55"        [_thread_blocked, id=18496, stack(0x000000f472000000,0x000000f472100000) (1024K)]
  0x000002af26419e60 JavaThread "Unconstrained build operations Thread 56"        [_thread_blocked, id=12764, stack(0x000000f472100000,0x000000f472200000) (1024K)]
  0x000002af1c9e3670 JavaThread "Unconstrained build operations Thread 57"        [_thread_blocked, id=11584, stack(0x000000f472200000,0x000000f472300000) (1024K)]
  0x000002af172aa5c0 JavaThread "Unconstrained build operations Thread 58"        [_thread_blocked, id=25148, stack(0x000000f472300000,0x000000f472400000) (1024K)]
  0x000002af172a98a0 JavaThread "Unconstrained build operations Thread 59"        [_thread_blocked, id=25440, stack(0x000000f472400000,0x000000f472500000) (1024K)]
  0x000002af172a9f30 JavaThread "Unconstrained build operations Thread 60"        [_thread_blocked, id=8296, stack(0x000000f472500000,0x000000f472600000) (1024K)]
  0x000002af172aac50 JavaThread "Unconstrained build operations Thread 61"        [_thread_blocked, id=14208, stack(0x000000f472600000,0x000000f472700000) (1024K)]
  0x000002af172ac000 JavaThread "Unconstrained build operations Thread 62"        [_thread_blocked, id=14340, stack(0x000000f472700000,0x000000f472800000) (1024K)]
  0x000002af172ad3b0 JavaThread "Unconstrained build operations Thread 63"        [_thread_blocked, id=9928, stack(0x000000f472800000,0x000000f472900000) (1024K)]
  0x000002af1d780790 JavaThread "Unconstrained build operations Thread 64"        [_thread_blocked, id=21716, stack(0x000000f472900000,0x000000f472a00000) (1024K)]
  0x000002af1d77e6c0 JavaThread "Unconstrained build operations Thread 65"        [_thread_blocked, id=5912, stack(0x000000f472a00000,0x000000f472b00000) (1024K)]
  0x000002af1d780e20 JavaThread "Unconstrained build operations Thread 66"        [_thread_blocked, id=24796, stack(0x000000f472b00000,0x000000f472c00000) (1024K)]
  0x000002af1d77d9a0 JavaThread "Unconstrained build operations Thread 67"        [_thread_blocked, id=24904, stack(0x000000f472c00000,0x000000f472d00000) (1024K)]
  0x000002af1d7814b0 JavaThread "Unconstrained build operations Thread 68"        [_thread_blocked, id=9980, stack(0x000000f472d00000,0x000000f472e00000) (1024K)]
  0x000002af26417070 JavaThread "Unconstrained build operations Thread 69"        [_thread_blocked, id=25348, stack(0x000000f472e00000,0x000000f472f00000) (1024K)]
  0x000002af1dbb1070 JavaThread "Unconstrained build operations Thread 70"        [_thread_blocked, id=25860, stack(0x000000f472f00000,0x000000f473000000) (1024K)]
  0x000002af1dbaefa0 JavaThread "Unconstrained build operations Thread 71"        [_thread_blocked, id=20216, stack(0x000000f473000000,0x000000f473100000) (1024K)]
  0x000002af1dbafcc0 JavaThread "Unconstrained build operations Thread 72"        [_thread_blocked, id=25988, stack(0x000000f473100000,0x000000f473200000) (1024K)]
  0x000002af1dbb2420 JavaThread "Unconstrained build operations Thread 73"        [_thread_blocked, id=23744, stack(0x000000f473200000,0x000000f473300000) (1024K)]
  0x000002af25094e40 JavaThread "Unconstrained build operations Thread 74"        [_thread_blocked, id=16908, stack(0x000000f473300000,0x000000f473400000) (1024K)]
  0x000002af25095b60 JavaThread "Unconstrained build operations Thread 75"        [_thread_blocked, id=26060, stack(0x000000f473400000,0x000000f473500000) (1024K)]
  0x000002af25096880 JavaThread "Unconstrained build operations Thread 76"        [_thread_blocked, id=3176, stack(0x000000f473500000,0x000000f473600000) (1024K)]
  0x000002af1a89a920 JavaThread "Unconstrained build operations Thread 77"        [_thread_blocked, id=24592, stack(0x000000f473600000,0x000000f473700000) (1024K)]
  0x000002af1a897b30 JavaThread "Unconstrained build operations Thread 78"        [_thread_blocked, id=18592, stack(0x000000f473700000,0x000000f473800000) (1024K)]
  0x000002af1a899c00 JavaThread "Unconstrained build operations Thread 79"        [_thread_blocked, id=13684, stack(0x000000f473800000,0x000000f473900000) (1024K)]
  0x000002af1c9e2fe0 JavaThread "Unconstrained build operations Thread 80"        [_thread_blocked, id=6804, stack(0x000000f473a00000,0x000000f473b00000) (1024K)]
  0x000002af1c9e4390 JavaThread "Unconstrained build operations Thread 81"        [_thread_blocked, id=17268, stack(0x000000f473b00000,0x000000f473c00000) (1024K)]
  0x000002af1c9e5740 JavaThread "Unconstrained build operations Thread 82"        [_thread_blocked, id=25224, stack(0x000000f473c00000,0x000000f473d00000) (1024K)]
  0x000002af24a4d850 JavaThread "Unconstrained build operations Thread 83"        [_thread_blocked, id=8304, stack(0x000000f473e00000,0x000000f473f00000) (1024K)]
  0x000002af24a4aa60 JavaThread "Unconstrained build operations Thread 84"        [_thread_blocked, id=26084, stack(0x000000f473f00000,0x000000f474000000) (1024K)]
  0x000002af24a4b0f0 JavaThread "Unconstrained build operations Thread 85"        [_thread_blocked, id=26104, stack(0x000000f474000000,0x000000f474100000) (1024K)]
  0x000002af23267d80 JavaThread "Unconstrained build operations Thread 86"        [_thread_blocked, id=22304, stack(0x000000f474100000,0x000000f474200000) (1024K)]
  0x000002af23267060 JavaThread "Unconstrained build operations Thread 87"        [_thread_blocked, id=19244, stack(0x000000f474200000,0x000000f474300000) (1024K)]
  0x000002af2326a4e0 JavaThread "Unconstrained build operations Thread 88"        [_thread_blocked, id=24908, stack(0x000000f474300000,0x000000f474400000) (1024K)]
  0x000002af23268410 JavaThread "Unconstrained build operations Thread 89"        [_thread_blocked, id=10224, stack(0x000000f474400000,0x000000f474500000) (1024K)]
  0x000002af23268aa0 JavaThread "Unconstrained build operations Thread 90"        [_thread_blocked, id=8784, stack(0x000000f474500000,0x000000f474600000) (1024K)]
  0x000002af1a89a290 JavaThread "Unconstrained build operations Thread 91"        [_thread_blocked, id=8656, stack(0x000000f474700000,0x000000f474800000) (1024K)]
  0x000002af1a8981c0 JavaThread "Unconstrained build operations Thread 92"        [_thread_blocked, id=18540, stack(0x000000f474800000,0x000000f474900000) (1024K)]
  0x000002af1a898850 JavaThread "Unconstrained build operations Thread 93"        [_thread_blocked, id=25584, stack(0x000000f474900000,0x000000f474a00000) (1024K)]
  0x000002af1a898ee0 JavaThread "Unconstrained build operations Thread 94"        [_thread_blocked, id=16564, stack(0x000000f474a00000,0x000000f474b00000) (1024K)]
  0x000002af1dbaf630 JavaThread "Unconstrained build operations Thread 95"        [_thread_blocked, id=22192, stack(0x000000f474b00000,0x000000f474c00000) (1024K)]
  0x000002af1dbb1700 JavaThread "Unconstrained build operations Thread 96"        [_thread_blocked, id=9604, stack(0x000000f474c00000,0x000000f474d00000) (1024K)]
  0x000002af1dbb0350 JavaThread "Unconstrained build operations Thread 97"        [_thread_blocked, id=24864, stack(0x000000f474d00000,0x000000f474e00000) (1024K)]
  0x000002af1dbb09e0 JavaThread "Unconstrained build operations Thread 98"        [_thread_blocked, id=19936, stack(0x000000f474e00000,0x000000f474f00000) (1024K)]
  0x000002af1dbb1d90 JavaThread "Unconstrained build operations Thread 99"        [_thread_blocked, id=25580, stack(0x000000f474f00000,0x000000f475000000) (1024K)]
  0x000002af1dd54ea0 JavaThread "Unconstrained build operations Thread 100"        [_thread_blocked, id=17632, stack(0x000000f475000000,0x000000f475100000) (1024K)]
  0x000002af1dd56250 JavaThread "Unconstrained build operations Thread 101"        [_thread_blocked, id=17204, stack(0x000000f475100000,0x000000f475200000) (1024K)]
  0x000002af23a996b0 JavaThread "Unconstrained build operations Thread 102"        [_thread_blocked, id=24716, stack(0x000000f475300000,0x000000f475400000) (1024K)]
  0x000002af23a98990 JavaThread "Unconstrained build operations Thread 103"        [_thread_blocked, id=11900, stack(0x000000f475400000,0x000000f475500000) (1024K)]
  0x000002af23a98300 JavaThread "Unconstrained build operations Thread 104"        [_thread_blocked, id=26216, stack(0x000000f475500000,0x000000f475600000) (1024K)]
  0x000002af23a99020 JavaThread "Unconstrained build operations Thread 105"        [_thread_blocked, id=12324, stack(0x000000f475600000,0x000000f475700000) (1024K)]
  0x000002af2635d2b0 JavaThread "Unconstrained build operations Thread 106"        [_thread_blocked, id=25424, stack(0x000000f475700000,0x000000f475800000) (1024K)]
  0x000002af2635c590 JavaThread "Unconstrained build operations Thread 107"        [_thread_blocked, id=26096, stack(0x000000f475800000,0x000000f475900000) (1024K)]
  0x000002af2635cc20 JavaThread "Unconstrained build operations Thread 108"        [_thread_blocked, id=25508, stack(0x000000f475900000,0x000000f475a00000) (1024K)]
  0x000002af2635ab50 JavaThread "Unconstrained build operations Thread 109"        [_thread_blocked, id=13636, stack(0x000000f475a00000,0x000000f475b00000) (1024K)]
  0x000002af26359e30 JavaThread "Unconstrained build operations Thread 110"        [_thread_blocked, id=16244, stack(0x000000f475b00000,0x000000f475c00000) (1024K)]
  0x000002af2635a4c0 JavaThread "Unconstrained build operations Thread 111"        [_thread_blocked, id=26268, stack(0x000000f475c00000,0x000000f475d00000) (1024K)]
  0x000002af1b6b0870 JavaThread "Unconstrained build operations Thread 112"        [_thread_blocked, id=19260, stack(0x000000f475d00000,0x000000f475e00000) (1024K)]
  0x000002af1b6b0f00 JavaThread "Unconstrained build operations Thread 113"        [_thread_blocked, id=10080, stack(0x000000f475e00000,0x000000f475f00000) (1024K)]
  0x000002af24a3e860 JavaThread "Unconstrained build operations Thread 114"        [_thread_blocked, id=26440, stack(0x000000f475f00000,0x000000f476000000) (1024K)]
  0x000002af24a3f580 JavaThread "Unconstrained build operations Thread 115"        [_thread_blocked, id=14108, stack(0x000000f476000000,0x000000f476100000) (1024K)]
  0x000002af24a402a0 JavaThread "Unconstrained build operations Thread 116"        [_thread_blocked, id=25304, stack(0x000000f476100000,0x000000f476200000) (1024K)]
  0x000002af24a3fc10 JavaThread "Unconstrained build operations Thread 117"        [_thread_blocked, id=25416, stack(0x000000f476200000,0x000000f476300000) (1024K)]
  0x000002af24a40930 JavaThread "Unconstrained build operations Thread 118"        [_thread_blocked, id=21200, stack(0x000000f476300000,0x000000f476400000) (1024K)]
  0x000002af24a3e1d0 JavaThread "Unconstrained build operations Thread 119"        [_thread_blocked, id=12048, stack(0x000000f476400000,0x000000f476500000) (1024K)]
  0x000002af24a3d4b0 JavaThread "Unconstrained build operations Thread 120"        [_thread_blocked, id=15104, stack(0x000000f476500000,0x000000f476600000) (1024K)]
  0x000002af1e0509b0 JavaThread "RMI TCP Connection(idle)"   daemon [_thread_blocked, id=24264, stack(0x000000f476700000,0x000000f476800000) (1024K)]
  0x000002af184b18a0 JavaThread "RMI TCP Connection(idle)"   daemon [_thread_blocked, id=21368, stack(0x000000f476a00000,0x000000f476b00000) (1024K)]
  0x000002af1d77e030 JavaThread "WorkerExecutor Queue Thread 2"        [_thread_blocked, id=10072, stack(0x000000f474600000,0x000000f474700000) (1024K)]
  0x000002af1d783c10 JavaThread "Build operations"                  [_thread_blocked, id=17376, stack(0x000000f476d00000,0x000000f476e00000) (1024K)]
  0x000002af1d784930 JavaThread "Build operations Thread 2"         [_thread_blocked, id=25828, stack(0x000000f477100000,0x000000f477200000) (1024K)]
  0x000002af1d782860 JavaThread "Build operations Thread 3"         [_thread_blocked, id=8004, stack(0x000000f477200000,0x000000f477300000) (1024K)]
  0x000002af1d781b40 JavaThread "Build operations Thread 4"         [_thread_blocked, id=6392, stack(0x000000f477300000,0x000000f477400000) (1024K)]
  0x000002af1d782ef0 JavaThread "Build operations Thread 5"         [_thread_blocked, id=23472, stack(0x000000f477400000,0x000000f477500000) (1024K)]
  0x000002af184b1f30 JavaThread "Build operations Thread 6"         [_thread_blocked, id=20292, stack(0x000000f477500000,0x000000f477600000) (1024K)]
  0x000002af184b25c0 JavaThread "Build operations Thread 7"         [_thread_blocked, id=6900, stack(0x000000f477600000,0x000000f477700000) (1024K)]
  0x000002af1c8eeac0 JavaThread "Build operations Thread 8"         [_thread_blocked, id=24912, stack(0x000000f477700000,0x000000f477800000) (1024K)]
  0x000002af1e0516d0 JavaThread "Build operations Thread 9"         [_thread_blocked, id=25492, stack(0x000000f477800000,0x000000f477900000) (1024K)]
  0x000002af1e051d60 JavaThread "Build operations Thread 10"        [_thread_blocked, id=17660, stack(0x000000f477900000,0x000000f477a00000) (1024K)]
  0x000002af1e04ef70 JavaThread "Build operations Thread 11"        [_thread_blocked, id=26432, stack(0x000000f477a00000,0x000000f477b00000) (1024K)]
  0x000002af24d2c750 JavaThread "Build operations Thread 12"        [_thread_blocked, id=15888, stack(0x000000f476b00000,0x000000f476c00000) (1024K)]
  0x000002af23867410 JavaThread "WorkerExecutor Queue Thread 3"        [_thread_blocked, id=20340, stack(0x000000f477b00000,0x000000f477c00000) (1024K)]
  0x000002af256f42e0 JavaThread "WorkerExecutor Queue Thread 4"        [_thread_blocked, id=25872, stack(0x000000f477c00000,0x000000f477d00000) (1024K)]
  0x000002af1c8f1220 JavaThread "WorkerExecutor Queue Thread 5"        [_thread_in_Java, id=24804, stack(0x000000f477d00000,0x000000f477e00000) (1024K)]
  0x000002af256f70d0 JavaThread "WorkerExecutor Queue Thread 6"        [_thread_blocked, id=3412, stack(0x000000f477e00000,0x000000f477f00000) (1024K)]
  0x000002af256f4970 JavaThread "WorkerExecutor Queue Thread 7"        [_thread_blocked, id=10480, stack(0x000000f477f00000,0x000000f478000000) (1024K)]
  0x000002af256f63b0 JavaThread "WorkerExecutor Queue Thread 8"        [_thread_blocked, id=20788, stack(0x000000f478000000,0x000000f478100000) (1024K)]
  0x000002af256f5000 JavaThread "WorkerExecutor Queue Thread 9"        [_thread_blocked, id=23656, stack(0x000000f478100000,0x000000f478200000) (1024K)]
  0x000002af256f6a40 JavaThread "WorkerExecutor Queue Thread 10"        [_thread_blocked, id=2416, stack(0x000000f478200000,0x000000f478300000) (1024K)]
  0x000002af256f5690 JavaThread "WorkerExecutor Queue Thread 11"        [_thread_blocked, id=18696, stack(0x000000f478300000,0x000000f478400000) (1024K)]
  0x000002af1bd36f20 JavaThread "WorkerExecutor Queue Thread 12"        [_thread_blocked, id=6960, stack(0x000000f478400000,0x000000f478500000) (1024K)]
  0x000002af1bd38ff0 JavaThread "WorkerExecutor Queue Thread 13"        [_thread_blocked, id=19808, stack(0x000000f478500000,0x000000f478600000) (1024K)]
  0x000002af2b116280 JavaThread "C2 CompilerThread1"         daemon [_thread_in_native, id=18932, stack(0x000000f473900000,0x000000f473a00000) (1024K)]
  0x000002af1b86d910 JavaThread "C2 CompilerThread2"         daemon [_thread_in_native, id=26456, stack(0x000000f475200000,0x000000f475300000) (1024K)]
Total: 200

Other Threads:
  0x000002af7fb49b30 VMThread "VM Thread"                           [id=20556, stack(0x000000f46b300000,0x000000f46b400000) (1024K)]
  0x000002af7fab8b00 WatcherThread "VM Periodic Task Thread"        [id=20800, stack(0x000000f46b200000,0x000000f46b300000) (1024K)]
  0x000002af7b038a10 WorkerThread "GC Thread#0"                     [id=17644, stack(0x000000f46ad00000,0x000000f46ae00000) (1024K)]
  0x000002af17811240 WorkerThread "GC Thread#1"                     [id=11668, stack(0x000000f46bf00000,0x000000f46c000000) (1024K)]
  0x000002af179ad460 WorkerThread "GC Thread#2"                     [id=3516, stack(0x000000f46c000000,0x000000f46c100000) (1024K)]
  0x000002af1768d760 WorkerThread "GC Thread#3"                     [id=12352, stack(0x000000f46c100000,0x000000f46c200000) (1024K)]
  0x000002af1834d9f0 WorkerThread "GC Thread#4"                     [id=21800, stack(0x000000f46c200000,0x000000f46c300000) (1024K)]
  0x000002af19b3e370 WorkerThread "GC Thread#5"                     [id=12420, stack(0x000000f46cd00000,0x000000f46ce00000) (1024K)]
  0x000002af19b3e720 WorkerThread "GC Thread#6"                     [id=3788, stack(0x000000f46ce00000,0x000000f46cf00000) (1024K)]
  0x000002af19b3ead0 WorkerThread "GC Thread#7"                     [id=18976, stack(0x000000f46cf00000,0x000000f46d000000) (1024K)]
  0x000002af19b83490 WorkerThread "GC Thread#8"                     [id=19528, stack(0x000000f46d000000,0x000000f46d100000) (1024K)]
  0x000002af19b83c50 WorkerThread "GC Thread#9"                     [id=5652, stack(0x000000f46d100000,0x000000f46d200000) (1024K)]
  0x000002af7b049a00 ConcurrentGCThread "G1 Main Marker"            [id=7236, stack(0x000000f46ae00000,0x000000f46af00000) (1024K)]
  0x000002af7b04c360 WorkerThread "G1 Conc#0"                       [id=18572, stack(0x000000f46af00000,0x000000f46b000000) (1024K)]
  0x000002af19bd88f0 WorkerThread "G1 Conc#1"                       [id=19148, stack(0x000000f46d200000,0x000000f46d300000) (1024K)]
  0x000002af19bd9b60 WorkerThread "G1 Conc#2"                       [id=19000, stack(0x000000f46d300000,0x000000f46d400000) (1024K)]
  0x000002af7f98b120 ConcurrentGCThread "G1 Refine#0"               [id=16424, stack(0x000000f46b000000,0x000000f46b100000) (1024K)]
  0x000002af7f98bca0 ConcurrentGCThread "G1 Service"                [id=20972, stack(0x000000f46b100000,0x000000f46b200000) (1024K)]
Total: 18

Threads with active compile tasks:
C2 CompilerThread0  1673226 44077 %     4       com.android.tools.r8.internal.CQ::a @ 14 (1862 bytes)
C2 CompilerThread1  1673226 44095       4       com.android.tools.r8.graph.U0::a (433 bytes)
C2 CompilerThread2  1673226 44093 %     4       com.android.tools.r8.internal.CQ::b @ 2338 (4448 bytes)
Total: 3

VM state: not at safepoint (normal execution)

VM Mutex/Monitor currently owned by a thread: None

Heap address: 0x0000000080000000, size: 2048 MB, Compressed Oops mode: 32-bit

CDS archive(s) not mapped
Compressed class space mapped at: 0x0000000100000000-0x0000000140000000, reserved size: 1073741824
Narrow klass base: 0x0000000000000000, Narrow klass shift: 3, Narrow klass range: 0x140000000

GC Precious Log:
 CardTable entry size: 512
 Card Set container configuration: InlinePtr #cards 5 size 8 Array Of Cards #cards 12 size 40 Howl #buckets 4 coarsen threshold 1843 Howl Bitmap #cards 512 size 80 coarsen threshold 460 Card regions per heap region 1 cards per card region 2048
 CPUs: 12 total, 12 available
 Memory: 5966M
 Large Page Support: Disabled
 NUMA Support: Disabled
 Compressed Oops: Enabled (32-bit)
 Heap Region Size: 1M
 Heap Min Capacity: 8M
 Heap Initial Capacity: 94M
 Heap Max Capacity: 2G
 Pre-touch: Disabled
 Parallel Workers: 10
 Concurrent Workers: 3
 Concurrent Refinement Workers: 10
 Periodic GC: Disabled

Heap:
 garbage-first heap   total 1097728K, used 895178K [0x0000000080000000, 0x0000000100000000)
  region size 1024K, 634 young (649216K), 9 survivors (9216K)
 Metaspace       used 232077K, committed 234688K, reserved 1310720K
  class space    used 31336K, committed 32640K, reserved 1048576K

Heap Regions: E=young(eden), S=young(survivor), O=old, HS=humongous(starts), HC=humongous(continues), CS=collection set, F=free, TAMS=top-at-mark-start, PB=parsable bottom
|   0|0x0000000080000000, 0x0000000080100000, 0x0000000080100000|100%|HS|  |TAMS 0x0000000080000000| PB 0x0000000080000000| Complete 
|   1|0x0000000080100000, 0x0000000080200000, 0x0000000080200000|100%|HC|  |TAMS 0x0000000080100000| PB 0x0000000080100000| Complete 
|   2|0x0000000080200000, 0x0000000080300000, 0x0000000080300000|100%|HC|  |TAMS 0x0000000080200000| PB 0x0000000080200000| Complete 
|   3|0x0000000080300000, 0x0000000080400000, 0x0000000080400000|100%| O|  |TAMS 0x0000000080300000| PB 0x0000000080300000| Untracked 
|   4|0x0000000080400000, 0x0000000080500000, 0x0000000080500000|100%| O|  |TAMS 0x0000000080400000| PB 0x0000000080400000| Untracked 
|   5|0x0000000080500000, 0x0000000080600000, 0x0000000080600000|100%| O|  |TAMS 0x0000000080500000| PB 0x0000000080500000| Untracked 
|   6|0x0000000080600000, 0x0000000080700000, 0x0000000080700000|100%| O|  |TAMS 0x0000000080600000| PB 0x0000000080600000| Untracked 
|   7|0x0000000080700000, 0x0000000080800000, 0x0000000080800000|100%| O|  |TAMS 0x0000000080700000| PB 0x0000000080700000| Untracked 
|   8|0x0000000080800000, 0x0000000080900000, 0x0000000080900000|100%| O|  |TAMS 0x0000000080800000| PB 0x0000000080800000| Untracked 
|   9|0x0000000080900000, 0x0000000080a00000, 0x0000000080a00000|100%| O|  |TAMS 0x0000000080900000| PB 0x0000000080900000| Untracked 
|  10|0x0000000080a00000, 0x0000000080b00000, 0x0000000080b00000|100%| O|  |TAMS 0x0000000080a00000| PB 0x0000000080a00000| Untracked 
|  11|0x0000000080b00000, 0x0000000080c00000, 0x0000000080c00000|100%|HS|  |TAMS 0x0000000080b00000| PB 0x0000000080b00000| Complete 
|  12|0x0000000080c00000, 0x0000000080d00000, 0x0000000080d00000|100%| O|  |TAMS 0x0000000080c00000| PB 0x0000000080c00000| Untracked 
|  13|0x0000000080d00000, 0x0000000080e00000, 0x0000000080e00000|100%| O|  |TAMS 0x0000000080d00000| PB 0x0000000080d00000| Untracked 
|  14|0x0000000080e00000, 0x0000000080f00000, 0x0000000080f00000|100%| O|  |TAMS 0x0000000080e00000| PB 0x0000000080e00000| Untracked 
|  15|0x0000000080f00000, 0x0000000081000000, 0x0000000081000000|100%| O|  |TAMS 0x0000000080f00000| PB 0x0000000080f00000| Untracked 
|  16|0x0000000081000000, 0x0000000081100000, 0x0000000081100000|100%| O|  |TAMS 0x0000000081000000| PB 0x0000000081000000| Untracked 
|  17|0x0000000081100000, 0x0000000081200000, 0x0000000081200000|100%| O|  |TAMS 0x0000000081100000| PB 0x0000000081100000| Untracked 
|  18|0x0000000081200000, 0x0000000081300000, 0x0000000081300000|100%| O|  |TAMS 0x0000000081200000| PB 0x0000000081200000| Untracked 
|  19|0x0000000081300000, 0x0000000081400000, 0x0000000081400000|100%| O|  |TAMS 0x0000000081300000| PB 0x0000000081300000| Untracked 
|  20|0x0000000081400000, 0x0000000081500000, 0x0000000081500000|100%| O|  |TAMS 0x0000000081400000| PB 0x0000000081400000| Untracked 
|  21|0x0000000081500000, 0x0000000081600000, 0x0000000081600000|100%| O|  |TAMS 0x0000000081500000| PB 0x0000000081500000| Untracked 
|  22|0x0000000081600000, 0x0000000081700000, 0x0000000081700000|100%| O|  |TAMS 0x0000000081600000| PB 0x0000000081600000| Untracked 
|  23|0x0000000081700000, 0x0000000081800000, 0x0000000081800000|100%| O|  |TAMS 0x0000000081700000| PB 0x0000000081700000| Untracked 
|  24|0x0000000081800000, 0x0000000081900000, 0x0000000081900000|100%| O|  |TAMS 0x0000000081800000| PB 0x0000000081800000| Untracked 
|  25|0x0000000081900000, 0x0000000081a00000, 0x0000000081a00000|100%| O|  |TAMS 0x0000000081900000| PB 0x0000000081900000| Untracked 
|  26|0x0000000081a00000, 0x0000000081b00000, 0x0000000081b00000|100%| O|  |TAMS 0x0000000081a00000| PB 0x0000000081a00000| Untracked 
|  27|0x0000000081b00000, 0x0000000081c00000, 0x0000000081c00000|100%| O|  |TAMS 0x0000000081b00000| PB 0x0000000081b00000| Untracked 
|  28|0x0000000081c00000, 0x0000000081d00000, 0x0000000081d00000|100%| O|  |TAMS 0x0000000081c00000| PB 0x0000000081c00000| Untracked 
|  29|0x0000000081d00000, 0x0000000081e00000, 0x0000000081e00000|100%| O|  |TAMS 0x0000000081d00000| PB 0x0000000081d00000| Untracked 
|  30|0x0000000081e00000, 0x0000000081f00000, 0x0000000081f00000|100%| O|  |TAMS 0x0000000081e00000| PB 0x0000000081e00000| Untracked 
|  31|0x0000000081f00000, 0x0000000082000000, 0x0000000082000000|100%| O|  |TAMS 0x0000000081f00000| PB 0x0000000081f00000| Untracked 
|  32|0x0000000082000000, 0x0000000082100000, 0x0000000082100000|100%|HS|  |TAMS 0x0000000082000000| PB 0x0000000082000000| Complete 
|  33|0x0000000082100000, 0x0000000082200000, 0x0000000082200000|100%| O|  |TAMS 0x0000000082100000| PB 0x0000000082100000| Untracked 
|  34|0x0000000082200000, 0x0000000082300000, 0x0000000082300000|100%| O|  |TAMS 0x0000000082200000| PB 0x0000000082200000| Untracked 
|  35|0x0000000082300000, 0x0000000082400000, 0x0000000082400000|100%| O|  |TAMS 0x0000000082300000| PB 0x0000000082300000| Untracked 
|  36|0x0000000082400000, 0x0000000082500000, 0x0000000082500000|100%| O|  |TAMS 0x0000000082400000| PB 0x0000000082400000| Untracked 
|  37|0x0000000082500000, 0x0000000082600000, 0x0000000082600000|100%| O|  |TAMS 0x0000000082500000| PB 0x0000000082500000| Untracked 
|  38|0x0000000082600000, 0x0000000082700000, 0x0000000082700000|100%| O|  |TAMS 0x0000000082600000| PB 0x0000000082600000| Untracked 
|  39|0x0000000082700000, 0x0000000082800000, 0x0000000082800000|100%|HS|  |TAMS 0x0000000082700000| PB 0x0000000082700000| Complete 
|  40|0x0000000082800000, 0x0000000082900000, 0x0000000082900000|100%| O|  |TAMS 0x0000000082800000| PB 0x0000000082800000| Untracked 
|  41|0x0000000082900000, 0x0000000082a00000, 0x0000000082a00000|100%| O|  |TAMS 0x0000000082900000| PB 0x0000000082900000| Untracked 
|  42|0x0000000082a00000, 0x0000000082b00000, 0x0000000082b00000|100%| O|  |TAMS 0x0000000082a00000| PB 0x0000000082a00000| Untracked 
|  43|0x0000000082b00000, 0x0000000082c00000, 0x0000000082c00000|100%|HS|  |TAMS 0x0000000082b00000| PB 0x0000000082b00000| Complete 
|  44|0x0000000082c00000, 0x0000000082d00000, 0x0000000082d00000|100%|HS|  |TAMS 0x0000000082c00000| PB 0x0000000082c00000| Complete 
|  45|0x0000000082d00000, 0x0000000082e00000, 0x0000000082e00000|100%| O|  |TAMS 0x0000000082d00000| PB 0x0000000082d00000| Untracked 
|  46|0x0000000082e00000, 0x0000000082f00000, 0x0000000082f00000|100%| O|  |TAMS 0x0000000082e00000| PB 0x0000000082e00000| Untracked 
|  47|0x0000000082f00000, 0x0000000083000000, 0x0000000083000000|100%| O|  |TAMS 0x0000000082f00000| PB 0x0000000082f00000| Untracked 
|  48|0x0000000083000000, 0x0000000083100000, 0x0000000083100000|100%| O|  |TAMS 0x0000000083000000| PB 0x0000000083000000| Untracked 
|  49|0x0000000083100000, 0x0000000083200000, 0x0000000083200000|100%|HS|  |TAMS 0x0000000083100000| PB 0x0000000083100000| Complete 
|  50|0x0000000083200000, 0x0000000083300000, 0x0000000083300000|100%|HC|  |TAMS 0x0000000083200000| PB 0x0000000083200000| Complete 
|  51|0x0000000083300000, 0x0000000083400000, 0x0000000083400000|100%|HS|  |TAMS 0x0000000083300000| PB 0x0000000083300000| Complete 
|  52|0x0000000083400000, 0x0000000083500000, 0x0000000083500000|100%|HC|  |TAMS 0x0000000083400000| PB 0x0000000083400000| Complete 
|  53|0x0000000083500000, 0x0000000083600000, 0x0000000083600000|100%|HS|  |TAMS 0x0000000083500000| PB 0x0000000083500000| Complete 
|  54|0x0000000083600000, 0x0000000083700000, 0x0000000083700000|100%|HS|  |TAMS 0x0000000083600000| PB 0x0000000083600000| Complete 
|  55|0x0000000083700000, 0x0000000083800000, 0x0000000083800000|100%| O|  |TAMS 0x0000000083700000| PB 0x0000000083700000| Untracked 
|  56|0x0000000083800000, 0x0000000083900000, 0x0000000083900000|100%| O|  |TAMS 0x0000000083800000| PB 0x0000000083800000| Untracked 
|  57|0x0000000083900000, 0x0000000083a00000, 0x0000000083a00000|100%| O|  |TAMS 0x0000000083900000| PB 0x0000000083900000| Untracked 
|  58|0x0000000083a00000, 0x0000000083b00000, 0x0000000083b00000|100%| O|  |TAMS 0x0000000083a00000| PB 0x0000000083a00000| Untracked 
|  59|0x0000000083b00000, 0x0000000083c00000, 0x0000000083c00000|100%| O|  |TAMS 0x0000000083b00000| PB 0x0000000083b00000| Untracked 
|  60|0x0000000083c00000, 0x0000000083d00000, 0x0000000083d00000|100%|HS|  |TAMS 0x0000000083c00000| PB 0x0000000083c00000| Complete 
|  61|0x0000000083d00000, 0x0000000083e00000, 0x0000000083e00000|100%|HC|  |TAMS 0x0000000083d00000| PB 0x0000000083d00000| Complete 
|  62|0x0000000083e00000, 0x0000000083f00000, 0x0000000083f00000|100%|HC|  |TAMS 0x0000000083e00000| PB 0x0000000083e00000| Complete 
|  63|0x0000000083f00000, 0x0000000084000000, 0x0000000084000000|100%| O|  |TAMS 0x0000000083f00000| PB 0x0000000083f00000| Untracked 
|  64|0x0000000084000000, 0x0000000084100000, 0x0000000084100000|100%| O|  |TAMS 0x0000000084000000| PB 0x0000000084000000| Untracked 
|  65|0x0000000084100000, 0x0000000084200000, 0x0000000084200000|100%| O|  |TAMS 0x0000000084100000| PB 0x0000000084100000| Untracked 
|  66|0x0000000084200000, 0x0000000084300000, 0x0000000084300000|100%| O|  |TAMS 0x0000000084200000| PB 0x0000000084200000| Untracked 
|  67|0x0000000084300000, 0x0000000084400000, 0x0000000084400000|100%| O|  |TAMS 0x0000000084300000| PB 0x0000000084300000| Untracked 
|  68|0x0000000084400000, 0x0000000084500000, 0x0000000084500000|100%|HS|  |TAMS 0x0000000084400000| PB 0x0000000084400000| Complete 
|  69|0x0000000084500000, 0x0000000084600000, 0x0000000084600000|100%| O|  |TAMS 0x0000000084500000| PB 0x0000000084500000| Untracked 
|  70|0x0000000084600000, 0x0000000084700000, 0x0000000084700000|100%| O|  |TAMS 0x0000000084600000| PB 0x0000000084600000| Untracked 
|  71|0x0000000084700000, 0x0000000084800000, 0x0000000084800000|100%| O|  |TAMS 0x0000000084700000| PB 0x0000000084700000| Untracked 
|  72|0x0000000084800000, 0x0000000084900000, 0x0000000084900000|100%| O|  |TAMS 0x0000000084800000| PB 0x0000000084800000| Untracked 
|  73|0x0000000084900000, 0x0000000084a00000, 0x0000000084a00000|100%| O|  |TAMS 0x0000000084900000| PB 0x0000000084900000| Untracked 
|  74|0x0000000084a00000, 0x0000000084b00000, 0x0000000084b00000|100%| O|  |TAMS 0x0000000084a00000| PB 0x0000000084a00000| Untracked 
|  75|0x0000000084b00000, 0x0000000084c00000, 0x0000000084c00000|100%|HS|  |TAMS 0x0000000084b00000| PB 0x0000000084b00000| Complete 
|  76|0x0000000084c00000, 0x0000000084d00000, 0x0000000084d00000|100%|HC|  |TAMS 0x0000000084c00000| PB 0x0000000084c00000| Complete 
|  77|0x0000000084d00000, 0x0000000084e00000, 0x0000000084e00000|100%|HC|  |TAMS 0x0000000084d00000| PB 0x0000000084d00000| Complete 
|  78|0x0000000084e00000, 0x0000000084f00000, 0x0000000084f00000|100%| O|  |TAMS 0x0000000084e00000| PB 0x0000000084e00000| Untracked 
|  79|0x0000000084f00000, 0x0000000085000000, 0x0000000085000000|100%| O|  |TAMS 0x0000000084f00000| PB 0x0000000084f00000| Untracked 
|  80|0x0000000085000000, 0x0000000085100000, 0x0000000085100000|100%| O|  |TAMS 0x0000000085000000| PB 0x0000000085000000| Untracked 
|  81|0x0000000085100000, 0x0000000085200000, 0x0000000085200000|100%| O|  |TAMS 0x0000000085100000| PB 0x0000000085100000| Untracked 
|  82|0x0000000085200000, 0x0000000085300000, 0x0000000085300000|100%| O|  |TAMS 0x0000000085200000| PB 0x0000000085200000| Untracked 
|  83|0x0000000085300000, 0x0000000085400000, 0x0000000085400000|100%| O|  |TAMS 0x0000000085300000| PB 0x0000000085300000| Untracked 
|  84|0x0000000085400000, 0x0000000085500000, 0x0000000085500000|100%| O|  |TAMS 0x0000000085400000| PB 0x0000000085400000| Untracked 
|  85|0x0000000085500000, 0x0000000085600000, 0x0000000085600000|100%| O|  |TAMS 0x0000000085500000| PB 0x0000000085500000| Untracked 
|  86|0x0000000085600000, 0x0000000085700000, 0x0000000085700000|100%| O|  |TAMS 0x0000000085600000| PB 0x0000000085600000| Untracked 
|  87|0x0000000085700000, 0x0000000085800000, 0x0000000085800000|100%| O|  |TAMS 0x0000000085700000| PB 0x0000000085700000| Untracked 
|  88|0x0000000085800000, 0x0000000085900000, 0x0000000085900000|100%| O|  |TAMS 0x0000000085800000| PB 0x0000000085800000| Untracked 
|  89|0x0000000085900000, 0x0000000085900000, 0x0000000085a00000|  0%| F|  |TAMS 0x0000000085900000| PB 0x0000000085900000| Untracked 
|  90|0x0000000085a00000, 0x0000000085b00000, 0x0000000085b00000|100%| O|  |TAMS 0x0000000085a00000| PB 0x0000000085a00000| Untracked 
|  91|0x0000000085b00000, 0x0000000085c00000, 0x0000000085c00000|100%| O|  |TAMS 0x0000000085b00000| PB 0x0000000085b00000| Untracked 
|  92|0x0000000085c00000, 0x0000000085d00000, 0x0000000085d00000|100%| O|  |TAMS 0x0000000085c00000| PB 0x0000000085c00000| Untracked 
|  93|0x0000000085d00000, 0x0000000085e00000, 0x0000000085e00000|100%| O|  |TAMS 0x0000000085d00000| PB 0x0000000085d00000| Untracked 
|  94|0x0000000085e00000, 0x0000000085f00000, 0x0000000085f00000|100%| O|  |TAMS 0x0000000085e00000| PB 0x0000000085e00000| Untracked 
|  95|0x0000000085f00000, 0x0000000086000000, 0x0000000086000000|100%| O|  |TAMS 0x0000000085f00000| PB 0x0000000085f00000| Untracked 
|  96|0x0000000086000000, 0x0000000086100000, 0x0000000086100000|100%| O|  |TAMS 0x0000000086000000| PB 0x0000000086000000| Untracked 
|  97|0x0000000086100000, 0x0000000086200000, 0x0000000086200000|100%| O|  |TAMS 0x0000000086100000| PB 0x0000000086100000| Untracked 
|  98|0x0000000086200000, 0x0000000086300000, 0x0000000086300000|100%| O|  |TAMS 0x0000000086200000| PB 0x0000000086200000| Untracked 
|  99|0x0000000086300000, 0x0000000086400000, 0x0000000086400000|100%| O|  |TAMS 0x0000000086300000| PB 0x0000000086300000| Untracked 
| 100|0x0000000086400000, 0x0000000086500000, 0x0000000086500000|100%| O|Cm|TAMS 0x0000000086400000| PB 0x0000000086400000| Complete 
| 101|0x0000000086500000, 0x0000000086600000, 0x0000000086600000|100%| O|  |TAMS 0x0000000086500000| PB 0x0000000086500000| Untracked 
| 102|0x0000000086600000, 0x0000000086700000, 0x0000000086700000|100%| O|  |TAMS 0x0000000086600000| PB 0x0000000086600000| Untracked 
| 103|0x0000000086700000, 0x0000000086800000, 0x0000000086800000|100%| O|  |TAMS 0x0000000086700000| PB 0x0000000086700000| Untracked 
| 104|0x0000000086800000, 0x0000000086900000, 0x0000000086900000|100%| O|  |TAMS 0x0000000086800000| PB 0x0000000086800000| Untracked 
| 105|0x0000000086900000, 0x0000000086a00000, 0x0000000086a00000|100%| O|  |TAMS 0x0000000086900000| PB 0x0000000086900000| Untracked 
| 106|0x0000000086a00000, 0x0000000086b00000, 0x0000000086b00000|100%| O|  |TAMS 0x0000000086a00000| PB 0x0000000086a00000| Untracked 
| 107|0x0000000086b00000, 0x0000000086c00000, 0x0000000086c00000|100%| O|  |TAMS 0x0000000086b00000| PB 0x0000000086b00000| Untracked 
| 108|0x0000000086c00000, 0x0000000086d00000, 0x0000000086d00000|100%| O|  |TAMS 0x0000000086c00000| PB 0x0000000086c00000| Untracked 
| 109|0x0000000086d00000, 0x0000000086e00000, 0x0000000086e00000|100%| O|  |TAMS 0x0000000086d00000| PB 0x0000000086d00000| Untracked 
| 110|0x0000000086e00000, 0x0000000086f00000, 0x0000000086f00000|100%| O|  |TAMS 0x0000000086e00000| PB 0x0000000086e00000| Untracked 
| 111|0x0000000086f00000, 0x0000000087000000, 0x0000000087000000|100%| O|  |TAMS 0x0000000086f00000| PB 0x0000000086f00000| Untracked 
| 112|0x0000000087000000, 0x0000000087100000, 0x0000000087100000|100%| O|  |TAMS 0x0000000087000000| PB 0x0000000087000000| Untracked 
| 113|0x0000000087100000, 0x0000000087200000, 0x0000000087200000|100%| O|  |TAMS 0x0000000087100000| PB 0x0000000087100000| Untracked 
| 114|0x0000000087200000, 0x0000000087300000, 0x0000000087300000|100%| O|  |TAMS 0x0000000087200000| PB 0x0000000087200000| Untracked 
| 115|0x0000000087300000, 0x0000000087400000, 0x0000000087400000|100%| O|  |TAMS 0x0000000087300000| PB 0x0000000087300000| Untracked 
| 116|0x0000000087400000, 0x0000000087500000, 0x0000000087500000|100%| O|  |TAMS 0x0000000087400000| PB 0x0000000087400000| Untracked 
| 117|0x0000000087500000, 0x0000000087600000, 0x0000000087600000|100%| O|  |TAMS 0x0000000087500000| PB 0x0000000087500000| Untracked 
| 118|0x0000000087600000, 0x0000000087700000, 0x0000000087700000|100%| O|  |TAMS 0x0000000087600000| PB 0x0000000087600000| Untracked 
| 119|0x0000000087700000, 0x0000000087800000, 0x0000000087800000|100%| O|  |TAMS 0x0000000087700000| PB 0x0000000087700000| Untracked 
| 120|0x0000000087800000, 0x0000000087900000, 0x0000000087900000|100%| O|  |TAMS 0x0000000087800000| PB 0x0000000087800000| Untracked 
| 121|0x0000000087900000, 0x0000000087a00000, 0x0000000087a00000|100%| O|  |TAMS 0x0000000087900000| PB 0x0000000087900000| Untracked 
| 122|0x0000000087a00000, 0x0000000087b00000, 0x0000000087b00000|100%| O|Cm|TAMS 0x0000000087a00000| PB 0x0000000087a00000| Complete 
| 123|0x0000000087b00000, 0x0000000087c00000, 0x0000000087c00000|100%| O|  |TAMS 0x0000000087b00000| PB 0x0000000087b00000| Untracked 
| 124|0x0000000087c00000, 0x0000000087c00000, 0x0000000087d00000|  0%| F|  |TAMS 0x0000000087c00000| PB 0x0000000087c00000| Untracked 
| 125|0x0000000087d00000, 0x0000000087e00000, 0x0000000087e00000|100%| O|  |TAMS 0x0000000087d00000| PB 0x0000000087d00000| Untracked 
| 126|0x0000000087e00000, 0x0000000087f00000, 0x0000000087f00000|100%| O|  |TAMS 0x0000000087e00000| PB 0x0000000087e00000| Untracked 
| 127|0x0000000087f00000, 0x0000000087f328e0, 0x0000000088000000| 19%| O|  |TAMS 0x0000000087f00000| PB 0x0000000087f00000| Untracked 
| 128|0x0000000088000000, 0x0000000088000000, 0x0000000088100000|  0%| F|  |TAMS 0x0000000088000000| PB 0x0000000088000000| Untracked 
| 129|0x0000000088100000, 0x0000000088200000, 0x0000000088200000|100%| O|  |TAMS 0x0000000088100000| PB 0x0000000088100000| Untracked 
| 130|0x0000000088200000, 0x0000000088300000, 0x0000000088300000|100%| O|  |TAMS 0x0000000088200000| PB 0x0000000088200000| Untracked 
| 131|0x0000000088300000, 0x0000000088400000, 0x0000000088400000|100%| O|  |TAMS 0x0000000088300000| PB 0x0000000088300000| Untracked 
| 132|0x0000000088400000, 0x0000000088500000, 0x0000000088500000|100%| O|  |TAMS 0x0000000088400000| PB 0x0000000088400000| Untracked 
| 133|0x0000000088500000, 0x0000000088600000, 0x0000000088600000|100%| O|  |TAMS 0x0000000088500000| PB 0x0000000088500000| Untracked 
| 134|0x0000000088600000, 0x0000000088700000, 0x0000000088700000|100%| O|  |TAMS 0x0000000088600000| PB 0x0000000088600000| Untracked 
| 135|0x0000000088700000, 0x0000000088700000, 0x0000000088800000|  0%| F|  |TAMS 0x0000000088700000| PB 0x0000000088700000| Untracked 
| 136|0x0000000088800000, 0x0000000088900000, 0x0000000088900000|100%| O|  |TAMS 0x0000000088800000| PB 0x0000000088800000| Untracked 
| 137|0x0000000088900000, 0x0000000088a00000, 0x0000000088a00000|100%| O|  |TAMS 0x0000000088900000| PB 0x0000000088900000| Untracked 
| 138|0x0000000088a00000, 0x0000000088b00000, 0x0000000088b00000|100%| O|Cm|TAMS 0x0000000088a00000| PB 0x0000000088a00000| Complete 
| 139|0x0000000088b00000, 0x0000000088c00000, 0x0000000088c00000|100%| O|  |TAMS 0x0000000088b00000| PB 0x0000000088b00000| Untracked 
| 140|0x0000000088c00000, 0x0000000088d00000, 0x0000000088d00000|100%| O|  |TAMS 0x0000000088c00000| PB 0x0000000088c00000| Untracked 
| 141|0x0000000088d00000, 0x0000000088e00000, 0x0000000088e00000|100%| O|  |TAMS 0x0000000088d00000| PB 0x0000000088d00000| Untracked 
| 142|0x0000000088e00000, 0x0000000088f00000, 0x0000000088f00000|100%| O|  |TAMS 0x0000000088e00000| PB 0x0000000088e00000| Untracked 
| 143|0x0000000088f00000, 0x0000000089000000, 0x0000000089000000|100%| O|  |TAMS 0x0000000088f00000| PB 0x0000000088f00000| Untracked 
| 144|0x0000000089000000, 0x0000000089000000, 0x0000000089100000|  0%| F|  |TAMS 0x0000000089000000| PB 0x0000000089000000| Untracked 
| 145|0x0000000089100000, 0x0000000089200000, 0x0000000089200000|100%| O|  |TAMS 0x0000000089100000| PB 0x0000000089100000| Untracked 
| 146|0x0000000089200000, 0x0000000089300000, 0x0000000089300000|100%| O|  |TAMS 0x0000000089200000| PB 0x0000000089200000| Untracked 
| 147|0x0000000089300000, 0x0000000089300000, 0x0000000089400000|  0%| F|  |TAMS 0x0000000089300000| PB 0x0000000089300000| Untracked 
| 148|0x0000000089400000, 0x0000000089500000, 0x0000000089500000|100%| O|  |TAMS 0x0000000089400000| PB 0x0000000089400000| Untracked 
| 149|0x0000000089500000, 0x0000000089600000, 0x0000000089600000|100%| O|  |TAMS 0x0000000089500000| PB 0x0000000089500000| Untracked 
| 150|0x0000000089600000, 0x0000000089700000, 0x0000000089700000|100%| O|  |TAMS 0x0000000089600000| PB 0x0000000089600000| Untracked 
| 151|0x0000000089700000, 0x0000000089800000, 0x0000000089800000|100%| O|Cm|TAMS 0x0000000089700000| PB 0x0000000089700000| Complete 
| 152|0x0000000089800000, 0x0000000089900000, 0x0000000089900000|100%| O|  |TAMS 0x0000000089800000| PB 0x0000000089800000| Untracked 
| 153|0x0000000089900000, 0x0000000089a00000, 0x0000000089a00000|100%| O|  |TAMS 0x0000000089900000| PB 0x0000000089900000| Untracked 
| 154|0x0000000089a00000, 0x0000000089b00000, 0x0000000089b00000|100%| O|  |TAMS 0x0000000089a00000| PB 0x0000000089a00000| Untracked 
| 155|0x0000000089b00000, 0x0000000089c00000, 0x0000000089c00000|100%| O|  |TAMS 0x0000000089b00000| PB 0x0000000089b00000| Untracked 
| 156|0x0000000089c00000, 0x0000000089d00000, 0x0000000089d00000|100%| O|  |TAMS 0x0000000089c00000| PB 0x0000000089c00000| Untracked 
| 157|0x0000000089d00000, 0x0000000089e00000, 0x0000000089e00000|100%| O|  |TAMS 0x0000000089d00000| PB 0x0000000089d00000| Untracked 
| 158|0x0000000089e00000, 0x0000000089f00000, 0x0000000089f00000|100%| O|  |TAMS 0x0000000089e00000| PB 0x0000000089e00000| Untracked 
| 159|0x0000000089f00000, 0x000000008a000000, 0x000000008a000000|100%| O|  |TAMS 0x0000000089f00000| PB 0x0000000089f00000| Untracked 
| 160|0x000000008a000000, 0x000000008a100000, 0x000000008a100000|100%| O|  |TAMS 0x000000008a000000| PB 0x000000008a000000| Untracked 
| 161|0x000000008a100000, 0x000000008a200000, 0x000000008a200000|100%| O|  |TAMS 0x000000008a100000| PB 0x000000008a100000| Untracked 
| 162|0x000000008a200000, 0x000000008a300000, 0x000000008a300000|100%| O|  |TAMS 0x000000008a200000| PB 0x000000008a200000| Untracked 
| 163|0x000000008a300000, 0x000000008a300000, 0x000000008a400000|  0%| F|  |TAMS 0x000000008a300000| PB 0x000000008a300000| Untracked 
| 164|0x000000008a400000, 0x000000008a500000, 0x000000008a500000|100%| O|  |TAMS 0x000000008a400000| PB 0x000000008a400000| Untracked 
| 165|0x000000008a500000, 0x000000008a600000, 0x000000008a600000|100%| O|  |TAMS 0x000000008a500000| PB 0x000000008a500000| Untracked 
| 166|0x000000008a600000, 0x000000008a700000, 0x000000008a700000|100%| O|  |TAMS 0x000000008a600000| PB 0x000000008a600000| Untracked 
| 167|0x000000008a700000, 0x000000008a800000, 0x000000008a800000|100%| O|  |TAMS 0x000000008a700000| PB 0x000000008a700000| Untracked 
| 168|0x000000008a800000, 0x000000008a800000, 0x000000008a900000|  0%| F|  |TAMS 0x000000008a800000| PB 0x000000008a800000| Untracked 
| 169|0x000000008a900000, 0x000000008a900000, 0x000000008aa00000|  0%| F|  |TAMS 0x000000008a900000| PB 0x000000008a900000| Untracked 
| 170|0x000000008aa00000, 0x000000008aa00000, 0x000000008ab00000|  0%| F|  |TAMS 0x000000008aa00000| PB 0x000000008aa00000| Untracked 
| 171|0x000000008ab00000, 0x000000008ab00000, 0x000000008ac00000|  0%| F|  |TAMS 0x000000008ab00000| PB 0x000000008ab00000| Untracked 
| 172|0x000000008ac00000, 0x000000008ad00000, 0x000000008ad00000|100%| O|  |TAMS 0x000000008ac00000| PB 0x000000008ac00000| Untracked 
| 173|0x000000008ad00000, 0x000000008ae00000, 0x000000008ae00000|100%| O|  |TAMS 0x000000008ad00000| PB 0x000000008ad00000| Untracked 
| 174|0x000000008ae00000, 0x000000008af00000, 0x000000008af00000|100%| O|  |TAMS 0x000000008ae00000| PB 0x000000008ae00000| Untracked 
| 175|0x000000008af00000, 0x000000008b000000, 0x000000008b000000|100%| O|  |TAMS 0x000000008af00000| PB 0x000000008af00000| Untracked 
| 176|0x000000008b000000, 0x000000008b100000, 0x000000008b100000|100%| O|  |TAMS 0x000000008b000000| PB 0x000000008b000000| Untracked 
| 177|0x000000008b100000, 0x000000008b200000, 0x000000008b200000|100%| O|  |TAMS 0x000000008b100000| PB 0x000000008b100000| Untracked 
| 178|0x000000008b200000, 0x000000008b300000, 0x000000008b300000|100%| O|  |TAMS 0x000000008b200000| PB 0x000000008b200000| Untracked 
| 179|0x000000008b300000, 0x000000008b400000, 0x000000008b400000|100%| O|  |TAMS 0x000000008b300000| PB 0x000000008b300000| Untracked 
| 180|0x000000008b400000, 0x000000008b400000, 0x000000008b500000|  0%| F|  |TAMS 0x000000008b400000| PB 0x000000008b400000| Untracked 
| 181|0x000000008b500000, 0x000000008b500000, 0x000000008b600000|  0%| F|  |TAMS 0x000000008b500000| PB 0x000000008b500000| Untracked 
| 182|0x000000008b600000, 0x000000008b600000, 0x000000008b700000|  0%| F|  |TAMS 0x000000008b600000| PB 0x000000008b600000| Untracked 
| 183|0x000000008b700000, 0x000000008b700000, 0x000000008b800000|  0%| F|  |TAMS 0x000000008b700000| PB 0x000000008b700000| Untracked 
| 184|0x000000008b800000, 0x000000008b800000, 0x000000008b900000|  0%| F|  |TAMS 0x000000008b800000| PB 0x000000008b800000| Untracked 
| 185|0x000000008b900000, 0x000000008ba00000, 0x000000008ba00000|100%| O|  |TAMS 0x000000008b900000| PB 0x000000008b900000| Untracked 
| 186|0x000000008ba00000, 0x000000008bb00000, 0x000000008bb00000|100%| O|  |TAMS 0x000000008ba00000| PB 0x000000008ba00000| Untracked 
| 187|0x000000008bb00000, 0x000000008bc00000, 0x000000008bc00000|100%| O|  |TAMS 0x000000008bb00000| PB 0x000000008bb00000| Untracked 
| 188|0x000000008bc00000, 0x000000008bc00000, 0x000000008bd00000|  0%| F|  |TAMS 0x000000008bc00000| PB 0x000000008bc00000| Untracked 
| 189|0x000000008bd00000, 0x000000008be00000, 0x000000008be00000|100%| O|  |TAMS 0x000000008bd00000| PB 0x000000008bd00000| Untracked 
| 190|0x000000008be00000, 0x000000008bf00000, 0x000000008bf00000|100%| O|  |TAMS 0x000000008be00000| PB 0x000000008be00000| Untracked 
| 191|0x000000008bf00000, 0x000000008bf00000, 0x000000008c000000|  0%| F|  |TAMS 0x000000008bf00000| PB 0x000000008bf00000| Untracked 
| 192|0x000000008c000000, 0x000000008c000000, 0x000000008c100000|  0%| F|  |TAMS 0x000000008c000000| PB 0x000000008c000000| Untracked 
| 193|0x000000008c100000, 0x000000008c100000, 0x000000008c200000|  0%| F|  |TAMS 0x000000008c100000| PB 0x000000008c100000| Untracked 
| 194|0x000000008c200000, 0x000000008c200000, 0x000000008c300000|  0%| F|  |TAMS 0x000000008c200000| PB 0x000000008c200000| Untracked 
| 195|0x000000008c300000, 0x000000008c400000, 0x000000008c400000|100%| O|  |TAMS 0x000000008c300000| PB 0x000000008c300000| Untracked 
| 196|0x000000008c400000, 0x000000008c500000, 0x000000008c500000|100%| O|  |TAMS 0x000000008c400000| PB 0x000000008c400000| Untracked 
| 197|0x000000008c500000, 0x000000008c500000, 0x000000008c600000|  0%| F|  |TAMS 0x000000008c500000| PB 0x000000008c500000| Untracked 
| 198|0x000000008c600000, 0x000000008c600000, 0x000000008c700000|  0%| F|  |TAMS 0x000000008c600000| PB 0x000000008c600000| Untracked 
| 199|0x000000008c700000, 0x000000008c800000, 0x000000008c800000|100%| O|  |TAMS 0x000000008c700000| PB 0x000000008c700000| Untracked 
| 200|0x000000008c800000, 0x000000008c900000, 0x000000008c900000|100%| O|  |TAMS 0x000000008c800000| PB 0x000000008c800000| Untracked 
| 201|0x000000008c900000, 0x000000008ca00000, 0x000000008ca00000|100%| O|  |TAMS 0x000000008c900000| PB 0x000000008c900000| Untracked 
| 202|0x000000008ca00000, 0x000000008cb00000, 0x000000008cb00000|100%| O|  |TAMS 0x000000008ca00000| PB 0x000000008ca00000| Untracked 
| 203|0x000000008cb00000, 0x000000008cb00000, 0x000000008cc00000|  0%| F|  |TAMS 0x000000008cb00000| PB 0x000000008cb00000| Untracked 
| 204|0x000000008cc00000, 0x000000008cc00000, 0x000000008cd00000|  0%| F|  |TAMS 0x000000008cc00000| PB 0x000000008cc00000| Untracked 
| 205|0x000000008cd00000, 0x000000008cd00000, 0x000000008ce00000|  0%| F|  |TAMS 0x000000008cd00000| PB 0x000000008cd00000| Untracked 
| 206|0x000000008ce00000, 0x000000008ce00000, 0x000000008cf00000|  0%| F|  |TAMS 0x000000008ce00000| PB 0x000000008ce00000| Untracked 
| 207|0x000000008cf00000, 0x000000008cf00000, 0x000000008d000000|  0%| F|  |TAMS 0x000000008cf00000| PB 0x000000008cf00000| Untracked 
| 208|0x000000008d000000, 0x000000008d100000, 0x000000008d100000|100%| O|  |TAMS 0x000000008d000000| PB 0x000000008d000000| Untracked 
| 209|0x000000008d100000, 0x000000008d200000, 0x000000008d200000|100%| O|  |TAMS 0x000000008d100000| PB 0x000000008d100000| Untracked 
| 210|0x000000008d200000, 0x000000008d300000, 0x000000008d300000|100%| O|  |TAMS 0x000000008d200000| PB 0x000000008d200000| Untracked 
| 211|0x000000008d300000, 0x000000008d300000, 0x000000008d400000|  0%| F|  |TAMS 0x000000008d300000| PB 0x000000008d300000| Untracked 
| 212|0x000000008d400000, 0x000000008d400000, 0x000000008d500000|  0%| F|  |TAMS 0x000000008d400000| PB 0x000000008d400000| Untracked 
| 213|0x000000008d500000, 0x000000008d500000, 0x000000008d600000|  0%| F|  |TAMS 0x000000008d500000| PB 0x000000008d500000| Untracked 
| 214|0x000000008d600000, 0x000000008d600000, 0x000000008d700000|  0%| F|  |TAMS 0x000000008d600000| PB 0x000000008d600000| Untracked 
| 215|0x000000008d700000, 0x000000008d800000, 0x000000008d800000|100%| O|  |TAMS 0x000000008d700000| PB 0x000000008d700000| Untracked 
| 216|0x000000008d800000, 0x000000008d800000, 0x000000008d900000|  0%| F|  |TAMS 0x000000008d800000| PB 0x000000008d800000| Untracked 
| 217|0x000000008d900000, 0x000000008da00000, 0x000000008da00000|100%| O|  |TAMS 0x000000008d900000| PB 0x000000008d900000| Untracked 
| 218|0x000000008da00000, 0x000000008da00000, 0x000000008db00000|  0%| F|  |TAMS 0x000000008da00000| PB 0x000000008da00000| Untracked 
| 219|0x000000008db00000, 0x000000008dc00000, 0x000000008dc00000|100%| O|Cm|TAMS 0x000000008db00000| PB 0x000000008db00000| Complete 
| 220|0x000000008dc00000, 0x000000008dd00000, 0x000000008dd00000|100%| O|  |TAMS 0x000000008dc00000| PB 0x000000008dc00000| Untracked 
| 221|0x000000008dd00000, 0x000000008dd00000, 0x000000008de00000|  0%| F|  |TAMS 0x000000008dd00000| PB 0x000000008dd00000| Untracked 
| 222|0x000000008de00000, 0x000000008de00000, 0x000000008df00000|  0%| F|  |TAMS 0x000000008de00000| PB 0x000000008de00000| Untracked 
| 223|0x000000008df00000, 0x000000008df00000, 0x000000008e000000|  0%| F|  |TAMS 0x000000008df00000| PB 0x000000008df00000| Untracked 
| 224|0x000000008e000000, 0x000000008e000000, 0x000000008e100000|  0%| F|  |TAMS 0x000000008e000000| PB 0x000000008e000000| Untracked 
| 225|0x000000008e100000, 0x000000008e100000, 0x000000008e200000|  0%| F|  |TAMS 0x000000008e100000| PB 0x000000008e100000| Untracked 
| 226|0x000000008e200000, 0x000000008e200000, 0x000000008e300000|  0%| F|  |TAMS 0x000000008e200000| PB 0x000000008e200000| Untracked 
| 227|0x000000008e300000, 0x000000008e300000, 0x000000008e400000|  0%| F|  |TAMS 0x000000008e300000| PB 0x000000008e300000| Untracked 
| 228|0x000000008e400000, 0x000000008e500000, 0x000000008e500000|100%|HS|  |TAMS 0x000000008e400000| PB 0x000000008e400000| Complete 
| 229|0x000000008e500000, 0x000000008e600000, 0x000000008e600000|100%|HC|  |TAMS 0x000000008e500000| PB 0x000000008e500000| Complete 
| 230|0x000000008e600000, 0x000000008e700000, 0x000000008e700000|100%|HS|  |TAMS 0x000000008e600000| PB 0x000000008e600000| Complete 
| 231|0x000000008e700000, 0x000000008e800000, 0x000000008e800000|100%|HC|  |TAMS 0x000000008e700000| PB 0x000000008e700000| Complete 
| 232|0x000000008e800000, 0x000000008e800000, 0x000000008e900000|  0%| F|  |TAMS 0x000000008e800000| PB 0x000000008e800000| Untracked 
| 233|0x000000008e900000, 0x000000008e900000, 0x000000008ea00000|  0%| F|  |TAMS 0x000000008e900000| PB 0x000000008e900000| Untracked 
| 234|0x000000008ea00000, 0x000000008eb00000, 0x000000008eb00000|100%| O|  |TAMS 0x000000008ea00000| PB 0x000000008ea00000| Untracked 
| 235|0x000000008eb00000, 0x000000008ec00000, 0x000000008ec00000|100%| O|  |TAMS 0x000000008eb00000| PB 0x000000008eb00000| Untracked 
| 236|0x000000008ec00000, 0x000000008ed00000, 0x000000008ed00000|100%| O|Cm|TAMS 0x000000008ec00000| PB 0x000000008ec00000| Complete 
| 237|0x000000008ed00000, 0x000000008ee00000, 0x000000008ee00000|100%| O|Cm|TAMS 0x000000008ed00000| PB 0x000000008ed00000| Complete 
| 238|0x000000008ee00000, 0x000000008ef00000, 0x000000008ef00000|100%| O|  |TAMS 0x000000008ee00000| PB 0x000000008ee00000| Untracked 
| 239|0x000000008ef00000, 0x000000008ef00000, 0x000000008f000000|  0%| F|  |TAMS 0x000000008ef00000| PB 0x000000008ef00000| Untracked 
| 240|0x000000008f000000, 0x000000008f100000, 0x000000008f100000|100%| O|Cm|TAMS 0x000000008f000000| PB 0x000000008f000000| Complete 
| 241|0x000000008f100000, 0x000000008f100000, 0x000000008f200000|  0%| F|  |TAMS 0x000000008f100000| PB 0x000000008f100000| Untracked 
| 242|0x000000008f200000, 0x000000008f300000, 0x000000008f300000|100%| O|  |TAMS 0x000000008f200000| PB 0x000000008f200000| Untracked 
| 243|0x000000008f300000, 0x000000008f300000, 0x000000008f400000|  0%| F|  |TAMS 0x000000008f300000| PB 0x000000008f300000| Untracked 
| 244|0x000000008f400000, 0x000000008f500000, 0x000000008f500000|100%| O|  |TAMS 0x000000008f400000| PB 0x000000008f400000| Untracked 
| 245|0x000000008f500000, 0x000000008f500000, 0x000000008f600000|  0%| F|  |TAMS 0x000000008f500000| PB 0x000000008f500000| Untracked 
| 246|0x000000008f600000, 0x000000008f600000, 0x000000008f700000|  0%| F|  |TAMS 0x000000008f600000| PB 0x000000008f600000| Untracked 
| 247|0x000000008f700000, 0x000000008f800000, 0x000000008f800000|100%| O|  |TAMS 0x000000008f700000| PB 0x000000008f700000| Untracked 
| 248|0x000000008f800000, 0x000000008f800000, 0x000000008f900000|  0%| F|  |TAMS 0x000000008f800000| PB 0x000000008f800000| Untracked 
| 249|0x000000008f900000, 0x000000008fa00000, 0x000000008fa00000|100%| O|Cm|TAMS 0x000000008f900000| PB 0x000000008f900000| Complete 
| 250|0x000000008fa00000, 0x000000008fa00000, 0x000000008fb00000|  0%| F|  |TAMS 0x000000008fa00000| PB 0x000000008fa00000| Untracked 
| 251|0x000000008fb00000, 0x000000008fc00000, 0x000000008fc00000|100%| O|Cm|TAMS 0x000000008fb00000| PB 0x000000008fb00000| Complete 
| 252|0x000000008fc00000, 0x000000008fc00000, 0x000000008fd00000|  0%| F|  |TAMS 0x000000008fc00000| PB 0x000000008fc00000| Untracked 
| 253|0x000000008fd00000, 0x000000008fd00000, 0x000000008fe00000|  0%| F|  |TAMS 0x000000008fd00000| PB 0x000000008fd00000| Untracked 
| 254|0x000000008fe00000, 0x000000008fe00000, 0x000000008ff00000|  0%| F|  |TAMS 0x000000008fe00000| PB 0x000000008fe00000| Untracked 
| 255|0x000000008ff00000, 0x000000008ff00000, 0x0000000090000000|  0%| F|  |TAMS 0x000000008ff00000| PB 0x000000008ff00000| Untracked 
| 256|0x0000000090000000, 0x0000000090000000, 0x0000000090100000|  0%| F|  |TAMS 0x0000000090000000| PB 0x0000000090000000| Untracked 
| 257|0x0000000090100000, 0x0000000090200000, 0x0000000090200000|100%| O|  |TAMS 0x0000000090100000| PB 0x0000000090100000| Untracked 
| 258|0x0000000090200000, 0x0000000090200000, 0x0000000090300000|  0%| F|  |TAMS 0x0000000090200000| PB 0x0000000090200000| Untracked 
| 259|0x0000000090300000, 0x0000000090300000, 0x0000000090400000|  0%| F|  |TAMS 0x0000000090300000| PB 0x0000000090300000| Untracked 
| 260|0x0000000090400000, 0x0000000090400000, 0x0000000090500000|  0%| F|  |TAMS 0x0000000090400000| PB 0x0000000090400000| Untracked 
| 261|0x0000000090500000, 0x0000000090500000, 0x0000000090600000|  0%| F|  |TAMS 0x0000000090500000| PB 0x0000000090500000| Untracked 
| 262|0x0000000090600000, 0x0000000090700000, 0x0000000090700000|100%| O|  |TAMS 0x0000000090600000| PB 0x0000000090600000| Untracked 
| 263|0x0000000090700000, 0x0000000090800000, 0x0000000090800000|100%| O|Cm|TAMS 0x0000000090700000| PB 0x0000000090700000| Complete 
| 264|0x0000000090800000, 0x0000000090900000, 0x0000000090900000|100%| O|Cm|TAMS 0x0000000090800000| PB 0x0000000090800000| Complete 
| 265|0x0000000090900000, 0x0000000090a00000, 0x0000000090a00000|100%| O|Cm|TAMS 0x0000000090900000| PB 0x0000000090900000| Complete 
| 266|0x0000000090a00000, 0x0000000090b00000, 0x0000000090b00000|100%| O|Cm|TAMS 0x0000000090a00000| PB 0x0000000090a00000| Complete 
| 267|0x0000000090b00000, 0x0000000090b00000, 0x0000000090c00000|  0%| F|  |TAMS 0x0000000090b00000| PB 0x0000000090b00000| Untracked 
| 268|0x0000000090c00000, 0x0000000090c00000, 0x0000000090d00000|  0%| F|  |TAMS 0x0000000090c00000| PB 0x0000000090c00000| Untracked 
| 269|0x0000000090d00000, 0x0000000090d00000, 0x0000000090e00000|  0%| F|  |TAMS 0x0000000090d00000| PB 0x0000000090d00000| Untracked 
| 270|0x0000000090e00000, 0x0000000090f00000, 0x0000000090f00000|100%| O|  |TAMS 0x0000000090e00000| PB 0x0000000090e00000| Untracked 
| 271|0x0000000090f00000, 0x0000000091000000, 0x0000000091000000|100%| O|  |TAMS 0x0000000090f00000| PB 0x0000000090f00000| Untracked 
| 272|0x0000000091000000, 0x0000000091100000, 0x0000000091100000|100%| O|  |TAMS 0x0000000091000000| PB 0x0000000091000000| Untracked 
| 273|0x0000000091100000, 0x0000000091200000, 0x0000000091200000|100%| O|  |TAMS 0x0000000091100000| PB 0x0000000091100000| Untracked 
| 274|0x0000000091200000, 0x0000000091300000, 0x0000000091300000|100%| O|  |TAMS 0x0000000091200000| PB 0x0000000091200000| Untracked 
| 275|0x0000000091300000, 0x0000000091400000, 0x0000000091400000|100%| O|  |TAMS 0x0000000091300000| PB 0x0000000091300000| Untracked 
| 276|0x0000000091400000, 0x0000000091500000, 0x0000000091500000|100%| O|  |TAMS 0x0000000091400000| PB 0x0000000091400000| Untracked 
| 277|0x0000000091500000, 0x0000000091600000, 0x0000000091600000|100%| O|  |TAMS 0x0000000091500000| PB 0x0000000091500000| Untracked 
| 278|0x0000000091600000, 0x0000000091700000, 0x0000000091700000|100%| O|  |TAMS 0x0000000091600000| PB 0x0000000091600000| Untracked 
| 279|0x0000000091700000, 0x0000000091800000, 0x0000000091800000|100%| O|  |TAMS 0x0000000091700000| PB 0x0000000091700000| Untracked 
| 280|0x0000000091800000, 0x0000000091900000, 0x0000000091900000|100%| O|Cm|TAMS 0x0000000091800000| PB 0x0000000091800000| Complete 
| 281|0x0000000091900000, 0x0000000091a00000, 0x0000000091a00000|100%| O|Cm|TAMS 0x0000000091900000| PB 0x0000000091900000| Complete 
| 282|0x0000000091a00000, 0x0000000091b00000, 0x0000000091b00000|100%| O|  |TAMS 0x0000000091a00000| PB 0x0000000091a00000| Untracked 
| 283|0x0000000091b00000, 0x0000000091c00000, 0x0000000091c00000|100%| O|  |TAMS 0x0000000091b00000| PB 0x0000000091b00000| Untracked 
| 284|0x0000000091c00000, 0x0000000091d00000, 0x0000000091d00000|100%| O|  |TAMS 0x0000000091c00000| PB 0x0000000091c00000| Untracked 
| 285|0x0000000091d00000, 0x0000000091e00000, 0x0000000091e00000|100%| O|  |TAMS 0x0000000091d00000| PB 0x0000000091d00000| Untracked 
| 286|0x0000000091e00000, 0x0000000091f00000, 0x0000000091f00000|100%| O|  |TAMS 0x0000000091e00000| PB 0x0000000091e00000| Untracked 
| 287|0x0000000091f00000, 0x0000000092000000, 0x0000000092000000|100%| O|  |TAMS 0x0000000091f00000| PB 0x0000000091f00000| Untracked 
| 288|0x0000000092000000, 0x0000000092100000, 0x0000000092100000|100%| O|  |TAMS 0x0000000092000000| PB 0x0000000092000000| Untracked 
| 289|0x0000000092100000, 0x0000000092200000, 0x0000000092200000|100%| O|  |TAMS 0x0000000092100000| PB 0x0000000092100000| Untracked 
| 290|0x0000000092200000, 0x0000000092300000, 0x0000000092300000|100%| O|  |TAMS 0x0000000092200000| PB 0x0000000092200000| Untracked 
| 291|0x0000000092300000, 0x0000000092400000, 0x0000000092400000|100%| O|  |TAMS 0x0000000092300000| PB 0x0000000092300000| Untracked 
| 292|0x0000000092400000, 0x0000000092500000, 0x0000000092500000|100%| O|  |TAMS 0x0000000092400000| PB 0x0000000092400000| Untracked 
| 293|0x0000000092500000, 0x0000000092600000, 0x0000000092600000|100%| O|  |TAMS 0x0000000092500000| PB 0x0000000092500000| Untracked 
| 294|0x0000000092600000, 0x0000000092700000, 0x0000000092700000|100%| O|  |TAMS 0x0000000092600000| PB 0x0000000092600000| Untracked 
| 295|0x0000000092700000, 0x0000000092800000, 0x0000000092800000|100%| O|  |TAMS 0x0000000092700000| PB 0x0000000092700000| Untracked 
| 296|0x0000000092800000, 0x0000000092900000, 0x0000000092900000|100%| O|  |TAMS 0x0000000092800000| PB 0x0000000092800000| Untracked 
| 297|0x0000000092900000, 0x0000000092a00000, 0x0000000092a00000|100%| O|Cm|TAMS 0x0000000092900000| PB 0x0000000092900000| Complete 
| 298|0x0000000092a00000, 0x0000000092b00000, 0x0000000092b00000|100%| O|  |TAMS 0x0000000092a00000| PB 0x0000000092a00000| Untracked 
| 299|0x0000000092b00000, 0x0000000092c00000, 0x0000000092c00000|100%| O|Cm|TAMS 0x0000000092b00000| PB 0x0000000092b00000| Complete 
| 300|0x0000000092c00000, 0x0000000092d00000, 0x0000000092d00000|100%| O|  |TAMS 0x0000000092c00000| PB 0x0000000092c00000| Untracked 
| 301|0x0000000092d00000, 0x0000000092d00000, 0x0000000092e00000|  0%| F|  |TAMS 0x0000000092d00000| PB 0x0000000092d00000| Untracked 
| 302|0x0000000092e00000, 0x0000000092e00000, 0x0000000092f00000|  0%| F|  |TAMS 0x0000000092e00000| PB 0x0000000092e00000| Untracked 
| 303|0x0000000092f00000, 0x0000000092f00000, 0x0000000093000000|  0%| F|  |TAMS 0x0000000092f00000| PB 0x0000000092f00000| Untracked 
| 304|0x0000000093000000, 0x0000000093000000, 0x0000000093100000|  0%| F|  |TAMS 0x0000000093000000| PB 0x0000000093000000| Untracked 
| 305|0x0000000093100000, 0x0000000093100000, 0x0000000093200000|  0%| F|  |TAMS 0x0000000093100000| PB 0x0000000093100000| Untracked 
| 306|0x0000000093200000, 0x0000000093200000, 0x0000000093300000|  0%| F|  |TAMS 0x0000000093200000| PB 0x0000000093200000| Untracked 
| 307|0x0000000093300000, 0x0000000093300000, 0x0000000093400000|  0%| F|  |TAMS 0x0000000093300000| PB 0x0000000093300000| Untracked 
| 308|0x0000000093400000, 0x0000000093400000, 0x0000000093500000|  0%| F|  |TAMS 0x0000000093400000| PB 0x0000000093400000| Untracked 
| 309|0x0000000093500000, 0x0000000093500000, 0x0000000093600000|  0%| F|  |TAMS 0x0000000093500000| PB 0x0000000093500000| Untracked 
| 310|0x0000000093600000, 0x0000000093600000, 0x0000000093700000|  0%| F|  |TAMS 0x0000000093600000| PB 0x0000000093600000| Untracked 
| 311|0x0000000093700000, 0x0000000093700000, 0x0000000093800000|  0%| F|  |TAMS 0x0000000093700000| PB 0x0000000093700000| Untracked 
| 312|0x0000000093800000, 0x0000000093800000, 0x0000000093900000|  0%| F|  |TAMS 0x0000000093800000| PB 0x0000000093800000| Untracked 
| 313|0x0000000093900000, 0x0000000093900000, 0x0000000093a00000|  0%| F|  |TAMS 0x0000000093900000| PB 0x0000000093900000| Untracked 
| 314|0x0000000093a00000, 0x0000000093a00000, 0x0000000093b00000|  0%| F|  |TAMS 0x0000000093a00000| PB 0x0000000093a00000| Untracked 
| 315|0x0000000093b00000, 0x0000000093b00000, 0x0000000093c00000|  0%| F|  |TAMS 0x0000000093b00000| PB 0x0000000093b00000| Untracked 
| 316|0x0000000093c00000, 0x0000000093c00000, 0x0000000093d00000|  0%| F|  |TAMS 0x0000000093c00000| PB 0x0000000093c00000| Untracked 
| 317|0x0000000093d00000, 0x0000000093d00000, 0x0000000093e00000|  0%| F|  |TAMS 0x0000000093d00000| PB 0x0000000093d00000| Untracked 
| 318|0x0000000093e00000, 0x0000000093e00000, 0x0000000093f00000|  0%| F|  |TAMS 0x0000000093e00000| PB 0x0000000093e00000| Untracked 
| 319|0x0000000093f00000, 0x0000000093f00000, 0x0000000094000000|  0%| F|  |TAMS 0x0000000093f00000| PB 0x0000000093f00000| Untracked 
| 320|0x0000000094000000, 0x0000000094000000, 0x0000000094100000|  0%| F|  |TAMS 0x0000000094000000| PB 0x0000000094000000| Untracked 
| 321|0x0000000094100000, 0x0000000094100000, 0x0000000094200000|  0%| F|  |TAMS 0x0000000094100000| PB 0x0000000094100000| Untracked 
| 322|0x0000000094200000, 0x0000000094200000, 0x0000000094300000|  0%| F|  |TAMS 0x0000000094200000| PB 0x0000000094200000| Untracked 
| 323|0x0000000094300000, 0x0000000094300000, 0x0000000094400000|  0%| F|  |TAMS 0x0000000094300000| PB 0x0000000094300000| Untracked 
| 324|0x0000000094400000, 0x0000000094400000, 0x0000000094500000|  0%| F|  |TAMS 0x0000000094400000| PB 0x0000000094400000| Untracked 
| 325|0x0000000094500000, 0x0000000094500000, 0x0000000094600000|  0%| F|  |TAMS 0x0000000094500000| PB 0x0000000094500000| Untracked 
| 326|0x0000000094600000, 0x0000000094600000, 0x0000000094700000|  0%| F|  |TAMS 0x0000000094600000| PB 0x0000000094600000| Untracked 
| 327|0x0000000094700000, 0x0000000094700000, 0x0000000094800000|  0%| F|  |TAMS 0x0000000094700000| PB 0x0000000094700000| Untracked 
| 328|0x0000000094800000, 0x0000000094800000, 0x0000000094900000|  0%| F|  |TAMS 0x0000000094800000| PB 0x0000000094800000| Untracked 
| 329|0x0000000094900000, 0x0000000094900000, 0x0000000094a00000|  0%| F|  |TAMS 0x0000000094900000| PB 0x0000000094900000| Untracked 
| 330|0x0000000094a00000, 0x0000000094a00000, 0x0000000094b00000|  0%| F|  |TAMS 0x0000000094a00000| PB 0x0000000094a00000| Untracked 
| 331|0x0000000094b00000, 0x0000000094b00000, 0x0000000094c00000|  0%| F|  |TAMS 0x0000000094b00000| PB 0x0000000094b00000| Untracked 
| 332|0x0000000094c00000, 0x0000000094c00000, 0x0000000094d00000|  0%| F|  |TAMS 0x0000000094c00000| PB 0x0000000094c00000| Untracked 
| 333|0x0000000094d00000, 0x0000000094d00000, 0x0000000094e00000|  0%| F|  |TAMS 0x0000000094d00000| PB 0x0000000094d00000| Untracked 
| 334|0x0000000094e00000, 0x0000000094e00000, 0x0000000094f00000|  0%| F|  |TAMS 0x0000000094e00000| PB 0x0000000094e00000| Untracked 
| 335|0x0000000094f00000, 0x0000000094f00000, 0x0000000095000000|  0%| F|  |TAMS 0x0000000094f00000| PB 0x0000000094f00000| Untracked 
| 336|0x0000000095000000, 0x0000000095000000, 0x0000000095100000|  0%| F|  |TAMS 0x0000000095000000| PB 0x0000000095000000| Untracked 
| 337|0x0000000095100000, 0x0000000095100000, 0x0000000095200000|  0%| F|  |TAMS 0x0000000095100000| PB 0x0000000095100000| Untracked 
| 338|0x0000000095200000, 0x0000000095200000, 0x0000000095300000|  0%| F|  |TAMS 0x0000000095200000| PB 0x0000000095200000| Untracked 
| 339|0x0000000095300000, 0x0000000095300000, 0x0000000095400000|  0%| F|  |TAMS 0x0000000095300000| PB 0x0000000095300000| Untracked 
| 340|0x0000000095400000, 0x0000000095400000, 0x0000000095500000|  0%| F|  |TAMS 0x0000000095400000| PB 0x0000000095400000| Untracked 
| 341|0x0000000095500000, 0x0000000095500000, 0x0000000095600000|  0%| F|  |TAMS 0x0000000095500000| PB 0x0000000095500000| Untracked 
| 342|0x0000000095600000, 0x0000000095600000, 0x0000000095700000|  0%| F|  |TAMS 0x0000000095600000| PB 0x0000000095600000| Untracked 
| 343|0x0000000095700000, 0x0000000095700000, 0x0000000095800000|  0%| F|  |TAMS 0x0000000095700000| PB 0x0000000095700000| Untracked 
| 344|0x0000000095800000, 0x0000000095800000, 0x0000000095900000|  0%| F|  |TAMS 0x0000000095800000| PB 0x0000000095800000| Untracked 
| 345|0x0000000095900000, 0x0000000095900000, 0x0000000095a00000|  0%| F|  |TAMS 0x0000000095900000| PB 0x0000000095900000| Untracked 
| 346|0x0000000095a00000, 0x0000000095a00000, 0x0000000095b00000|  0%| F|  |TAMS 0x0000000095a00000| PB 0x0000000095a00000| Untracked 
| 347|0x0000000095b00000, 0x0000000095b00000, 0x0000000095c00000|  0%| F|  |TAMS 0x0000000095b00000| PB 0x0000000095b00000| Untracked 
| 348|0x0000000095c00000, 0x0000000095c00000, 0x0000000095d00000|  0%| F|  |TAMS 0x0000000095c00000| PB 0x0000000095c00000| Untracked 
| 349|0x0000000095d00000, 0x0000000095d00000, 0x0000000095e00000|  0%| F|  |TAMS 0x0000000095d00000| PB 0x0000000095d00000| Untracked 
| 350|0x0000000095e00000, 0x0000000095e00000, 0x0000000095f00000|  0%| F|  |TAMS 0x0000000095e00000| PB 0x0000000095e00000| Untracked 
| 351|0x0000000095f00000, 0x0000000095f00000, 0x0000000096000000|  0%| F|  |TAMS 0x0000000095f00000| PB 0x0000000095f00000| Untracked 
| 352|0x0000000096000000, 0x0000000096000000, 0x0000000096100000|  0%| F|  |TAMS 0x0000000096000000| PB 0x0000000096000000| Untracked 
| 353|0x0000000096100000, 0x0000000096100000, 0x0000000096200000|  0%| F|  |TAMS 0x0000000096100000| PB 0x0000000096100000| Untracked 
| 354|0x0000000096200000, 0x0000000096200000, 0x0000000096300000|  0%| F|  |TAMS 0x0000000096200000| PB 0x0000000096200000| Untracked 
| 355|0x0000000096300000, 0x0000000096300000, 0x0000000096400000|  0%| F|  |TAMS 0x0000000096300000| PB 0x0000000096300000| Untracked 
| 356|0x0000000096400000, 0x0000000096400000, 0x0000000096500000|  0%| F|  |TAMS 0x0000000096400000| PB 0x0000000096400000| Untracked 
| 357|0x0000000096500000, 0x0000000096500000, 0x0000000096600000|  0%| F|  |TAMS 0x0000000096500000| PB 0x0000000096500000| Untracked 
| 358|0x0000000096600000, 0x0000000096600000, 0x0000000096700000|  0%| F|  |TAMS 0x0000000096600000| PB 0x0000000096600000| Untracked 
| 359|0x0000000096700000, 0x0000000096700000, 0x0000000096800000|  0%| F|  |TAMS 0x0000000096700000| PB 0x0000000096700000| Untracked 
| 360|0x0000000096800000, 0x0000000096800000, 0x0000000096900000|  0%| F|  |TAMS 0x0000000096800000| PB 0x0000000096800000| Untracked 
| 361|0x0000000096900000, 0x0000000096900000, 0x0000000096a00000|  0%| F|  |TAMS 0x0000000096900000| PB 0x0000000096900000| Untracked 
| 362|0x0000000096a00000, 0x0000000096a00000, 0x0000000096b00000|  0%| F|  |TAMS 0x0000000096a00000| PB 0x0000000096a00000| Untracked 
| 363|0x0000000096b00000, 0x0000000096b00000, 0x0000000096c00000|  0%| F|  |TAMS 0x0000000096b00000| PB 0x0000000096b00000| Untracked 
| 364|0x0000000096c00000, 0x0000000096c00000, 0x0000000096d00000|  0%| F|  |TAMS 0x0000000096c00000| PB 0x0000000096c00000| Untracked 
| 365|0x0000000096d00000, 0x0000000096d00000, 0x0000000096e00000|  0%| F|  |TAMS 0x0000000096d00000| PB 0x0000000096d00000| Untracked 
| 366|0x0000000096e00000, 0x0000000096e00000, 0x0000000096f00000|  0%| F|  |TAMS 0x0000000096e00000| PB 0x0000000096e00000| Untracked 
| 367|0x0000000096f00000, 0x0000000096f00000, 0x0000000097000000|  0%| F|  |TAMS 0x0000000096f00000| PB 0x0000000096f00000| Untracked 
| 368|0x0000000097000000, 0x0000000097000000, 0x0000000097100000|  0%| F|  |TAMS 0x0000000097000000| PB 0x0000000097000000| Untracked 
| 369|0x0000000097100000, 0x0000000097100000, 0x0000000097200000|  0%| F|  |TAMS 0x0000000097100000| PB 0x0000000097100000| Untracked 
| 370|0x0000000097200000, 0x0000000097200000, 0x0000000097300000|  0%| F|  |TAMS 0x0000000097200000| PB 0x0000000097200000| Untracked 
| 371|0x0000000097300000, 0x0000000097300000, 0x0000000097400000|  0%| F|  |TAMS 0x0000000097300000| PB 0x0000000097300000| Untracked 
| 372|0x0000000097400000, 0x0000000097400000, 0x0000000097500000|  0%| F|  |TAMS 0x0000000097400000| PB 0x0000000097400000| Untracked 
| 373|0x0000000097500000, 0x0000000097500000, 0x0000000097600000|  0%| F|  |TAMS 0x0000000097500000| PB 0x0000000097500000| Untracked 
| 374|0x0000000097600000, 0x0000000097600000, 0x0000000097700000|  0%| F|  |TAMS 0x0000000097600000| PB 0x0000000097600000| Untracked 
| 375|0x0000000097700000, 0x0000000097700000, 0x0000000097800000|  0%| F|  |TAMS 0x0000000097700000| PB 0x0000000097700000| Untracked 
| 376|0x0000000097800000, 0x0000000097800000, 0x0000000097900000|  0%| F|  |TAMS 0x0000000097800000| PB 0x0000000097800000| Untracked 
| 377|0x0000000097900000, 0x0000000097900000, 0x0000000097a00000|  0%| F|  |TAMS 0x0000000097900000| PB 0x0000000097900000| Untracked 
| 378|0x0000000097a00000, 0x0000000097a00000, 0x0000000097b00000|  0%| F|  |TAMS 0x0000000097a00000| PB 0x0000000097a00000| Untracked 
| 379|0x0000000097b00000, 0x0000000097b00000, 0x0000000097c00000|  0%| F|  |TAMS 0x0000000097b00000| PB 0x0000000097b00000| Untracked 
| 380|0x0000000097c00000, 0x0000000097c00000, 0x0000000097d00000|  0%| F|  |TAMS 0x0000000097c00000| PB 0x0000000097c00000| Untracked 
| 381|0x0000000097d00000, 0x0000000097d00000, 0x0000000097e00000|  0%| F|  |TAMS 0x0000000097d00000| PB 0x0000000097d00000| Untracked 
| 382|0x0000000097e00000, 0x0000000097e00000, 0x0000000097f00000|  0%| F|  |TAMS 0x0000000097e00000| PB 0x0000000097e00000| Untracked 
| 383|0x0000000097f00000, 0x0000000097f00000, 0x0000000098000000|  0%| F|  |TAMS 0x0000000097f00000| PB 0x0000000097f00000| Untracked 
| 384|0x0000000098000000, 0x0000000098000000, 0x0000000098100000|  0%| F|  |TAMS 0x0000000098000000| PB 0x0000000098000000| Untracked 
| 385|0x0000000098100000, 0x0000000098100000, 0x0000000098200000|  0%| F|  |TAMS 0x0000000098100000| PB 0x0000000098100000| Untracked 
| 386|0x0000000098200000, 0x0000000098200000, 0x0000000098300000|  0%| F|  |TAMS 0x0000000098200000| PB 0x0000000098200000| Untracked 
| 387|0x0000000098300000, 0x0000000098300000, 0x0000000098400000|  0%| F|  |TAMS 0x0000000098300000| PB 0x0000000098300000| Untracked 
| 388|0x0000000098400000, 0x0000000098400000, 0x0000000098500000|  0%| F|  |TAMS 0x0000000098400000| PB 0x0000000098400000| Untracked 
| 389|0x0000000098500000, 0x0000000098500000, 0x0000000098600000|  0%| F|  |TAMS 0x0000000098500000| PB 0x0000000098500000| Untracked 
| 390|0x0000000098600000, 0x0000000098600000, 0x0000000098700000|  0%| F|  |TAMS 0x0000000098600000| PB 0x0000000098600000| Untracked 
| 391|0x0000000098700000, 0x0000000098700000, 0x0000000098800000|  0%| F|  |TAMS 0x0000000098700000| PB 0x0000000098700000| Untracked 
| 392|0x0000000098800000, 0x0000000098800000, 0x0000000098900000|  0%| F|  |TAMS 0x0000000098800000| PB 0x0000000098800000| Untracked 
| 393|0x0000000098900000, 0x0000000098900000, 0x0000000098a00000|  0%| F|  |TAMS 0x0000000098900000| PB 0x0000000098900000| Untracked 
| 394|0x0000000098a00000, 0x0000000098a00000, 0x0000000098b00000|  0%| F|  |TAMS 0x0000000098a00000| PB 0x0000000098a00000| Untracked 
| 395|0x0000000098b00000, 0x0000000098b00000, 0x0000000098c00000|  0%| F|  |TAMS 0x0000000098b00000| PB 0x0000000098b00000| Untracked 
| 396|0x0000000098c00000, 0x0000000098c00000, 0x0000000098d00000|  0%| F|  |TAMS 0x0000000098c00000| PB 0x0000000098c00000| Untracked 
| 397|0x0000000098d00000, 0x0000000098d00000, 0x0000000098e00000|  0%| F|  |TAMS 0x0000000098d00000| PB 0x0000000098d00000| Untracked 
| 398|0x0000000098e00000, 0x0000000098e00000, 0x0000000098f00000|  0%| F|  |TAMS 0x0000000098e00000| PB 0x0000000098e00000| Untracked 
| 399|0x0000000098f00000, 0x0000000098f00000, 0x0000000099000000|  0%| F|  |TAMS 0x0000000098f00000| PB 0x0000000098f00000| Untracked 
| 400|0x0000000099000000, 0x0000000099000000, 0x0000000099100000|  0%| F|  |TAMS 0x0000000099000000| PB 0x0000000099000000| Untracked 
| 401|0x0000000099100000, 0x0000000099100000, 0x0000000099200000|  0%| F|  |TAMS 0x0000000099100000| PB 0x0000000099100000| Untracked 
| 402|0x0000000099200000, 0x0000000099200000, 0x0000000099300000|  0%| F|  |TAMS 0x0000000099200000| PB 0x0000000099200000| Untracked 
| 403|0x0000000099300000, 0x0000000099300000, 0x0000000099400000|  0%| F|  |TAMS 0x0000000099300000| PB 0x0000000099300000| Untracked 
| 404|0x0000000099400000, 0x0000000099400000, 0x0000000099500000|  0%| F|  |TAMS 0x0000000099400000| PB 0x0000000099400000| Untracked 
| 405|0x0000000099500000, 0x0000000099500000, 0x0000000099600000|  0%| F|  |TAMS 0x0000000099500000| PB 0x0000000099500000| Untracked 
| 406|0x0000000099600000, 0x0000000099600000, 0x0000000099700000|  0%| F|  |TAMS 0x0000000099600000| PB 0x0000000099600000| Untracked 
| 407|0x0000000099700000, 0x0000000099700000, 0x0000000099800000|  0%| F|  |TAMS 0x0000000099700000| PB 0x0000000099700000| Untracked 
| 408|0x0000000099800000, 0x0000000099800000, 0x0000000099900000|  0%| F|  |TAMS 0x0000000099800000| PB 0x0000000099800000| Untracked 
| 409|0x0000000099900000, 0x0000000099900000, 0x0000000099a00000|  0%| F|  |TAMS 0x0000000099900000| PB 0x0000000099900000| Untracked 
| 410|0x0000000099a00000, 0x0000000099a00000, 0x0000000099b00000|  0%| F|  |TAMS 0x0000000099a00000| PB 0x0000000099a00000| Untracked 
| 411|0x0000000099b00000, 0x0000000099b00000, 0x0000000099c00000|  0%| F|  |TAMS 0x0000000099b00000| PB 0x0000000099b00000| Untracked 
| 412|0x0000000099c00000, 0x0000000099c00000, 0x0000000099d00000|  0%| F|  |TAMS 0x0000000099c00000| PB 0x0000000099c00000| Untracked 
| 413|0x0000000099d00000, 0x0000000099d00000, 0x0000000099e00000|  0%| F|  |TAMS 0x0000000099d00000| PB 0x0000000099d00000| Untracked 
| 414|0x0000000099e00000, 0x0000000099e00000, 0x0000000099f00000|  0%| F|  |TAMS 0x0000000099e00000| PB 0x0000000099e00000| Untracked 
| 415|0x0000000099f00000, 0x0000000099f00000, 0x000000009a000000|  0%| F|  |TAMS 0x0000000099f00000| PB 0x0000000099f00000| Untracked 
| 416|0x000000009a000000, 0x000000009a000000, 0x000000009a100000|  0%| F|  |TAMS 0x000000009a000000| PB 0x000000009a000000| Untracked 
| 417|0x000000009a100000, 0x000000009a100000, 0x000000009a200000|  0%| F|  |TAMS 0x000000009a100000| PB 0x000000009a100000| Untracked 
| 418|0x000000009a200000, 0x000000009a200000, 0x000000009a300000|  0%| F|  |TAMS 0x000000009a200000| PB 0x000000009a200000| Untracked 
| 419|0x000000009a300000, 0x000000009a300000, 0x000000009a400000|  0%| F|  |TAMS 0x000000009a300000| PB 0x000000009a300000| Untracked 
| 420|0x000000009a400000, 0x000000009a400000, 0x000000009a500000|  0%| F|  |TAMS 0x000000009a400000| PB 0x000000009a400000| Untracked 
| 421|0x000000009a500000, 0x000000009a500000, 0x000000009a600000|  0%| F|  |TAMS 0x000000009a500000| PB 0x000000009a500000| Untracked 
| 422|0x000000009a600000, 0x000000009a600000, 0x000000009a700000|  0%| F|  |TAMS 0x000000009a600000| PB 0x000000009a600000| Untracked 
| 423|0x000000009a700000, 0x000000009a700000, 0x000000009a800000|  0%| F|  |TAMS 0x000000009a700000| PB 0x000000009a700000| Untracked 
| 424|0x000000009a800000, 0x000000009a800000, 0x000000009a900000|  0%| F|  |TAMS 0x000000009a800000| PB 0x000000009a800000| Untracked 
| 425|0x000000009a900000, 0x000000009a900000, 0x000000009aa00000|  0%| F|  |TAMS 0x000000009a900000| PB 0x000000009a900000| Untracked 
| 426|0x000000009aa00000, 0x000000009aa00000, 0x000000009ab00000|  0%| F|  |TAMS 0x000000009aa00000| PB 0x000000009aa00000| Untracked 
| 427|0x000000009ab00000, 0x000000009ab00000, 0x000000009ac00000|  0%| F|  |TAMS 0x000000009ab00000| PB 0x000000009ab00000| Untracked 
| 428|0x000000009ac00000, 0x000000009ac00000, 0x000000009ad00000|  0%| F|  |TAMS 0x000000009ac00000| PB 0x000000009ac00000| Untracked 
| 429|0x000000009ad00000, 0x000000009ad00000, 0x000000009ae00000|  0%| F|  |TAMS 0x000000009ad00000| PB 0x000000009ad00000| Untracked 
| 430|0x000000009ae00000, 0x000000009ae00000, 0x000000009af00000|  0%| F|  |TAMS 0x000000009ae00000| PB 0x000000009ae00000| Untracked 
| 431|0x000000009af00000, 0x000000009af00000, 0x000000009b000000|  0%| F|  |TAMS 0x000000009af00000| PB 0x000000009af00000| Untracked 
| 432|0x000000009b000000, 0x000000009b000000, 0x000000009b100000|  0%| F|  |TAMS 0x000000009b000000| PB 0x000000009b000000| Untracked 
| 433|0x000000009b100000, 0x000000009b180000, 0x000000009b200000| 50%| E|  |TAMS 0x000000009b100000| PB 0x000000009b100000| Complete 
| 434|0x000000009b200000, 0x000000009b300000, 0x000000009b300000|100%| E|CS|TAMS 0x000000009b200000| PB 0x000000009b200000| Complete 
| 435|0x000000009b300000, 0x000000009b400000, 0x000000009b400000|100%| E|CS|TAMS 0x000000009b300000| PB 0x000000009b300000| Complete 
| 436|0x000000009b400000, 0x000000009b500000, 0x000000009b500000|100%| E|CS|TAMS 0x000000009b400000| PB 0x000000009b400000| Complete 
| 437|0x000000009b500000, 0x000000009b600000, 0x000000009b600000|100%| E|CS|TAMS 0x000000009b500000| PB 0x000000009b500000| Complete 
| 438|0x000000009b600000, 0x000000009b700000, 0x000000009b700000|100%| E|  |TAMS 0x000000009b600000| PB 0x000000009b600000| Complete 
| 439|0x000000009b700000, 0x000000009b800000, 0x000000009b800000|100%| E|CS|TAMS 0x000000009b700000| PB 0x000000009b700000| Complete 
| 440|0x000000009b800000, 0x000000009b900000, 0x000000009b900000|100%| E|CS|TAMS 0x000000009b800000| PB 0x000000009b800000| Complete 
| 441|0x000000009b900000, 0x000000009ba00000, 0x000000009ba00000|100%| E|CS|TAMS 0x000000009b900000| PB 0x000000009b900000| Complete 
| 442|0x000000009ba00000, 0x000000009bb00000, 0x000000009bb00000|100%| E|CS|TAMS 0x000000009ba00000| PB 0x000000009ba00000| Complete 
| 443|0x000000009bb00000, 0x000000009bc00000, 0x000000009bc00000|100%| E|CS|TAMS 0x000000009bb00000| PB 0x000000009bb00000| Complete 
| 444|0x000000009bc00000, 0x000000009bd00000, 0x000000009bd00000|100%| E|CS|TAMS 0x000000009bc00000| PB 0x000000009bc00000| Complete 
| 445|0x000000009bd00000, 0x000000009be00000, 0x000000009be00000|100%| E|CS|TAMS 0x000000009bd00000| PB 0x000000009bd00000| Complete 
| 446|0x000000009be00000, 0x000000009bf00000, 0x000000009bf00000|100%| E|CS|TAMS 0x000000009be00000| PB 0x000000009be00000| Complete 
| 447|0x000000009bf00000, 0x000000009c000000, 0x000000009c000000|100%| E|CS|TAMS 0x000000009bf00000| PB 0x000000009bf00000| Complete 
| 448|0x000000009c000000, 0x000000009c100000, 0x000000009c100000|100%| E|CS|TAMS 0x000000009c000000| PB 0x000000009c000000| Complete 
| 449|0x000000009c100000, 0x000000009c200000, 0x000000009c200000|100%| E|CS|TAMS 0x000000009c100000| PB 0x000000009c100000| Complete 
| 450|0x000000009c200000, 0x000000009c300000, 0x000000009c300000|100%| E|CS|TAMS 0x000000009c200000| PB 0x000000009c200000| Complete 
| 451|0x000000009c300000, 0x000000009c400000, 0x000000009c400000|100%| E|CS|TAMS 0x000000009c300000| PB 0x000000009c300000| Complete 
| 452|0x000000009c400000, 0x000000009c500000, 0x000000009c500000|100%| E|CS|TAMS 0x000000009c400000| PB 0x000000009c400000| Complete 
| 453|0x000000009c500000, 0x000000009c600000, 0x000000009c600000|100%| E|CS|TAMS 0x000000009c500000| PB 0x000000009c500000| Complete 
| 454|0x000000009c600000, 0x000000009c700000, 0x000000009c700000|100%| E|CS|TAMS 0x000000009c600000| PB 0x000000009c600000| Complete 
| 455|0x000000009c700000, 0x000000009c800000, 0x000000009c800000|100%| E|CS|TAMS 0x000000009c700000| PB 0x000000009c700000| Complete 
| 456|0x000000009c800000, 0x000000009c900000, 0x000000009c900000|100%| E|CS|TAMS 0x000000009c800000| PB 0x000000009c800000| Complete 
| 457|0x000000009c900000, 0x000000009ca00000, 0x000000009ca00000|100%| E|CS|TAMS 0x000000009c900000| PB 0x000000009c900000| Complete 
| 458|0x000000009ca00000, 0x000000009cb00000, 0x000000009cb00000|100%| E|CS|TAMS 0x000000009ca00000| PB 0x000000009ca00000| Complete 
| 459|0x000000009cb00000, 0x000000009cc00000, 0x000000009cc00000|100%| E|CS|TAMS 0x000000009cb00000| PB 0x000000009cb00000| Complete 
| 460|0x000000009cc00000, 0x000000009cd00000, 0x000000009cd00000|100%| E|CS|TAMS 0x000000009cc00000| PB 0x000000009cc00000| Complete 
| 461|0x000000009cd00000, 0x000000009ce00000, 0x000000009ce00000|100%| E|CS|TAMS 0x000000009cd00000| PB 0x000000009cd00000| Complete 
| 462|0x000000009ce00000, 0x000000009cf00000, 0x000000009cf00000|100%| E|CS|TAMS 0x000000009ce00000| PB 0x000000009ce00000| Complete 
| 463|0x000000009cf00000, 0x000000009d000000, 0x000000009d000000|100%| E|CS|TAMS 0x000000009cf00000| PB 0x000000009cf00000| Complete 
| 464|0x000000009d000000, 0x000000009d100000, 0x000000009d100000|100%| E|CS|TAMS 0x000000009d000000| PB 0x000000009d000000| Complete 
| 465|0x000000009d100000, 0x000000009d200000, 0x000000009d200000|100%| E|CS|TAMS 0x000000009d100000| PB 0x000000009d100000| Complete 
| 466|0x000000009d200000, 0x000000009d300000, 0x000000009d300000|100%| E|CS|TAMS 0x000000009d200000| PB 0x000000009d200000| Complete 
| 467|0x000000009d300000, 0x000000009d400000, 0x000000009d400000|100%| E|CS|TAMS 0x000000009d300000| PB 0x000000009d300000| Complete 
| 468|0x000000009d400000, 0x000000009d500000, 0x000000009d500000|100%| E|CS|TAMS 0x000000009d400000| PB 0x000000009d400000| Complete 
| 469|0x000000009d500000, 0x000000009d600000, 0x000000009d600000|100%| E|CS|TAMS 0x000000009d500000| PB 0x000000009d500000| Complete 
| 470|0x000000009d600000, 0x000000009d700000, 0x000000009d700000|100%| E|CS|TAMS 0x000000009d600000| PB 0x000000009d600000| Complete 
| 471|0x000000009d700000, 0x000000009d800000, 0x000000009d800000|100%| E|CS|TAMS 0x000000009d700000| PB 0x000000009d700000| Complete 
| 472|0x000000009d800000, 0x000000009d900000, 0x000000009d900000|100%| E|CS|TAMS 0x000000009d800000| PB 0x000000009d800000| Complete 
| 473|0x000000009d900000, 0x000000009da00000, 0x000000009da00000|100%| E|CS|TAMS 0x000000009d900000| PB 0x000000009d900000| Complete 
| 474|0x000000009da00000, 0x000000009db00000, 0x000000009db00000|100%| E|CS|TAMS 0x000000009da00000| PB 0x000000009da00000| Complete 
| 475|0x000000009db00000, 0x000000009dc00000, 0x000000009dc00000|100%| E|CS|TAMS 0x000000009db00000| PB 0x000000009db00000| Complete 
| 476|0x000000009dc00000, 0x000000009dd00000, 0x000000009dd00000|100%| E|CS|TAMS 0x000000009dc00000| PB 0x000000009dc00000| Complete 
| 477|0x000000009dd00000, 0x000000009de00000, 0x000000009de00000|100%| E|CS|TAMS 0x000000009dd00000| PB 0x000000009dd00000| Complete 
| 478|0x000000009de00000, 0x000000009df00000, 0x000000009df00000|100%| E|CS|TAMS 0x000000009de00000| PB 0x000000009de00000| Complete 
| 479|0x000000009df00000, 0x000000009e000000, 0x000000009e000000|100%| E|CS|TAMS 0x000000009df00000| PB 0x000000009df00000| Complete 
| 480|0x000000009e000000, 0x000000009e100000, 0x000000009e100000|100%| E|CS|TAMS 0x000000009e000000| PB 0x000000009e000000| Complete 
| 481|0x000000009e100000, 0x000000009e200000, 0x000000009e200000|100%| E|CS|TAMS 0x000000009e100000| PB 0x000000009e100000| Complete 
| 482|0x000000009e200000, 0x000000009e300000, 0x000000009e300000|100%| E|CS|TAMS 0x000000009e200000| PB 0x000000009e200000| Complete 
| 483|0x000000009e300000, 0x000000009e400000, 0x000000009e400000|100%| E|CS|TAMS 0x000000009e300000| PB 0x000000009e300000| Complete 
| 484|0x000000009e400000, 0x000000009e500000, 0x000000009e500000|100%| E|CS|TAMS 0x000000009e400000| PB 0x000000009e400000| Complete 
| 485|0x000000009e500000, 0x000000009e600000, 0x000000009e600000|100%| E|CS|TAMS 0x000000009e500000| PB 0x000000009e500000| Complete 
| 486|0x000000009e600000, 0x000000009e700000, 0x000000009e700000|100%| E|CS|TAMS 0x000000009e600000| PB 0x000000009e600000| Complete 
| 487|0x000000009e700000, 0x000000009e800000, 0x000000009e800000|100%| E|CS|TAMS 0x000000009e700000| PB 0x000000009e700000| Complete 
| 488|0x000000009e800000, 0x000000009e900000, 0x000000009e900000|100%| E|CS|TAMS 0x000000009e800000| PB 0x000000009e800000| Complete 
| 489|0x000000009e900000, 0x000000009ea00000, 0x000000009ea00000|100%| E|CS|TAMS 0x000000009e900000| PB 0x000000009e900000| Complete 
| 490|0x000000009ea00000, 0x000000009eb00000, 0x000000009eb00000|100%| E|CS|TAMS 0x000000009ea00000| PB 0x000000009ea00000| Complete 
| 491|0x000000009eb00000, 0x000000009ec00000, 0x000000009ec00000|100%| E|CS|TAMS 0x000000009eb00000| PB 0x000000009eb00000| Complete 
| 492|0x000000009ec00000, 0x000000009ed00000, 0x000000009ed00000|100%| E|CS|TAMS 0x000000009ec00000| PB 0x000000009ec00000| Complete 
| 493|0x000000009ed00000, 0x000000009ee00000, 0x000000009ee00000|100%| E|CS|TAMS 0x000000009ed00000| PB 0x000000009ed00000| Complete 
| 494|0x000000009ee00000, 0x000000009ef00000, 0x000000009ef00000|100%| E|CS|TAMS 0x000000009ee00000| PB 0x000000009ee00000| Complete 
| 495|0x000000009ef00000, 0x000000009f000000, 0x000000009f000000|100%| E|CS|TAMS 0x000000009ef00000| PB 0x000000009ef00000| Complete 
| 496|0x000000009f000000, 0x000000009f100000, 0x000000009f100000|100%| E|CS|TAMS 0x000000009f000000| PB 0x000000009f000000| Complete 
| 497|0x000000009f100000, 0x000000009f200000, 0x000000009f200000|100%| E|CS|TAMS 0x000000009f100000| PB 0x000000009f100000| Complete 
| 498|0x000000009f200000, 0x000000009f300000, 0x000000009f300000|100%| E|CS|TAMS 0x000000009f200000| PB 0x000000009f200000| Complete 
| 499|0x000000009f300000, 0x000000009f400000, 0x000000009f400000|100%| E|CS|TAMS 0x000000009f300000| PB 0x000000009f300000| Complete 
| 500|0x000000009f400000, 0x000000009f500000, 0x000000009f500000|100%| E|CS|TAMS 0x000000009f400000| PB 0x000000009f400000| Complete 
| 501|0x000000009f500000, 0x000000009f600000, 0x000000009f600000|100%| E|CS|TAMS 0x000000009f500000| PB 0x000000009f500000| Complete 
| 502|0x000000009f600000, 0x000000009f700000, 0x000000009f700000|100%| E|CS|TAMS 0x000000009f600000| PB 0x000000009f600000| Complete 
| 503|0x000000009f700000, 0x000000009f800000, 0x000000009f800000|100%| E|CS|TAMS 0x000000009f700000| PB 0x000000009f700000| Complete 
| 504|0x000000009f800000, 0x000000009f900000, 0x000000009f900000|100%| E|CS|TAMS 0x000000009f800000| PB 0x000000009f800000| Complete 
| 505|0x000000009f900000, 0x000000009fa00000, 0x000000009fa00000|100%| E|CS|TAMS 0x000000009f900000| PB 0x000000009f900000| Complete 
| 506|0x000000009fa00000, 0x000000009fb00000, 0x000000009fb00000|100%| E|CS|TAMS 0x000000009fa00000| PB 0x000000009fa00000| Complete 
| 507|0x000000009fb00000, 0x000000009fc00000, 0x000000009fc00000|100%| E|CS|TAMS 0x000000009fb00000| PB 0x000000009fb00000| Complete 
| 508|0x000000009fc00000, 0x000000009fd00000, 0x000000009fd00000|100%| E|CS|TAMS 0x000000009fc00000| PB 0x000000009fc00000| Complete 
| 509|0x000000009fd00000, 0x000000009fe00000, 0x000000009fe00000|100%| E|CS|TAMS 0x000000009fd00000| PB 0x000000009fd00000| Complete 
| 510|0x000000009fe00000, 0x000000009ff00000, 0x000000009ff00000|100%| E|CS|TAMS 0x000000009fe00000| PB 0x000000009fe00000| Complete 
| 511|0x000000009ff00000, 0x00000000a0000000, 0x00000000a0000000|100%| E|CS|TAMS 0x000000009ff00000| PB 0x000000009ff00000| Complete 
| 512|0x00000000a0000000, 0x00000000a0100000, 0x00000000a0100000|100%| E|CS|TAMS 0x00000000a0000000| PB 0x00000000a0000000| Complete 
| 513|0x00000000a0100000, 0x00000000a0200000, 0x00000000a0200000|100%| E|CS|TAMS 0x00000000a0100000| PB 0x00000000a0100000| Complete 
| 514|0x00000000a0200000, 0x00000000a0300000, 0x00000000a0300000|100%| E|CS|TAMS 0x00000000a0200000| PB 0x00000000a0200000| Complete 
| 515|0x00000000a0300000, 0x00000000a0400000, 0x00000000a0400000|100%| E|CS|TAMS 0x00000000a0300000| PB 0x00000000a0300000| Complete 
| 516|0x00000000a0400000, 0x00000000a0500000, 0x00000000a0500000|100%| E|CS|TAMS 0x00000000a0400000| PB 0x00000000a0400000| Complete 
| 517|0x00000000a0500000, 0x00000000a0600000, 0x00000000a0600000|100%| E|CS|TAMS 0x00000000a0500000| PB 0x00000000a0500000| Complete 
| 518|0x00000000a0600000, 0x00000000a0700000, 0x00000000a0700000|100%| E|CS|TAMS 0x00000000a0600000| PB 0x00000000a0600000| Complete 
| 519|0x00000000a0700000, 0x00000000a0800000, 0x00000000a0800000|100%| E|CS|TAMS 0x00000000a0700000| PB 0x00000000a0700000| Complete 
| 520|0x00000000a0800000, 0x00000000a0900000, 0x00000000a0900000|100%| E|CS|TAMS 0x00000000a0800000| PB 0x00000000a0800000| Complete 
| 521|0x00000000a0900000, 0x00000000a0a00000, 0x00000000a0a00000|100%| E|CS|TAMS 0x00000000a0900000| PB 0x00000000a0900000| Complete 
| 522|0x00000000a0a00000, 0x00000000a0b00000, 0x00000000a0b00000|100%| E|CS|TAMS 0x00000000a0a00000| PB 0x00000000a0a00000| Complete 
| 523|0x00000000a0b00000, 0x00000000a0c00000, 0x00000000a0c00000|100%| E|CS|TAMS 0x00000000a0b00000| PB 0x00000000a0b00000| Complete 
| 524|0x00000000a0c00000, 0x00000000a0d00000, 0x00000000a0d00000|100%| E|CS|TAMS 0x00000000a0c00000| PB 0x00000000a0c00000| Complete 
| 525|0x00000000a0d00000, 0x00000000a0e00000, 0x00000000a0e00000|100%| E|CS|TAMS 0x00000000a0d00000| PB 0x00000000a0d00000| Complete 
| 526|0x00000000a0e00000, 0x00000000a0f00000, 0x00000000a0f00000|100%| E|CS|TAMS 0x00000000a0e00000| PB 0x00000000a0e00000| Complete 
| 527|0x00000000a0f00000, 0x00000000a1000000, 0x00000000a1000000|100%| E|CS|TAMS 0x00000000a0f00000| PB 0x00000000a0f00000| Complete 
| 528|0x00000000a1000000, 0x00000000a1100000, 0x00000000a1100000|100%| E|CS|TAMS 0x00000000a1000000| PB 0x00000000a1000000| Complete 
| 529|0x00000000a1100000, 0x00000000a1200000, 0x00000000a1200000|100%| E|CS|TAMS 0x00000000a1100000| PB 0x00000000a1100000| Complete 
| 530|0x00000000a1200000, 0x00000000a1300000, 0x00000000a1300000|100%| E|CS|TAMS 0x00000000a1200000| PB 0x00000000a1200000| Complete 
| 531|0x00000000a1300000, 0x00000000a1400000, 0x00000000a1400000|100%| E|CS|TAMS 0x00000000a1300000| PB 0x00000000a1300000| Complete 
| 532|0x00000000a1400000, 0x00000000a1500000, 0x00000000a1500000|100%| E|CS|TAMS 0x00000000a1400000| PB 0x00000000a1400000| Complete 
| 533|0x00000000a1500000, 0x00000000a1600000, 0x00000000a1600000|100%| E|CS|TAMS 0x00000000a1500000| PB 0x00000000a1500000| Complete 
| 534|0x00000000a1600000, 0x00000000a1700000, 0x00000000a1700000|100%| E|CS|TAMS 0x00000000a1600000| PB 0x00000000a1600000| Complete 
| 535|0x00000000a1700000, 0x00000000a1800000, 0x00000000a1800000|100%| E|CS|TAMS 0x00000000a1700000| PB 0x00000000a1700000| Complete 
| 536|0x00000000a1800000, 0x00000000a1900000, 0x00000000a1900000|100%| E|CS|TAMS 0x00000000a1800000| PB 0x00000000a1800000| Complete 
| 537|0x00000000a1900000, 0x00000000a1a00000, 0x00000000a1a00000|100%| E|CS|TAMS 0x00000000a1900000| PB 0x00000000a1900000| Complete 
| 538|0x00000000a1a00000, 0x00000000a1b00000, 0x00000000a1b00000|100%| E|CS|TAMS 0x00000000a1a00000| PB 0x00000000a1a00000| Complete 
| 539|0x00000000a1b00000, 0x00000000a1c00000, 0x00000000a1c00000|100%| E|CS|TAMS 0x00000000a1b00000| PB 0x00000000a1b00000| Complete 
| 540|0x00000000a1c00000, 0x00000000a1d00000, 0x00000000a1d00000|100%| E|CS|TAMS 0x00000000a1c00000| PB 0x00000000a1c00000| Complete 
| 541|0x00000000a1d00000, 0x00000000a1e00000, 0x00000000a1e00000|100%| E|CS|TAMS 0x00000000a1d00000| PB 0x00000000a1d00000| Complete 
| 542|0x00000000a1e00000, 0x00000000a1f00000, 0x00000000a1f00000|100%| E|CS|TAMS 0x00000000a1e00000| PB 0x00000000a1e00000| Complete 
| 543|0x00000000a1f00000, 0x00000000a2000000, 0x00000000a2000000|100%| E|CS|TAMS 0x00000000a1f00000| PB 0x00000000a1f00000| Complete 
| 544|0x00000000a2000000, 0x00000000a2100000, 0x00000000a2100000|100%| E|CS|TAMS 0x00000000a2000000| PB 0x00000000a2000000| Complete 
| 545|0x00000000a2100000, 0x00000000a2200000, 0x00000000a2200000|100%| E|CS|TAMS 0x00000000a2100000| PB 0x00000000a2100000| Complete 
| 546|0x00000000a2200000, 0x00000000a2300000, 0x00000000a2300000|100%| E|CS|TAMS 0x00000000a2200000| PB 0x00000000a2200000| Complete 
| 547|0x00000000a2300000, 0x00000000a2400000, 0x00000000a2400000|100%| E|CS|TAMS 0x00000000a2300000| PB 0x00000000a2300000| Complete 
| 548|0x00000000a2400000, 0x00000000a2500000, 0x00000000a2500000|100%| E|CS|TAMS 0x00000000a2400000| PB 0x00000000a2400000| Complete 
| 549|0x00000000a2500000, 0x00000000a2600000, 0x00000000a2600000|100%| E|CS|TAMS 0x00000000a2500000| PB 0x00000000a2500000| Complete 
| 550|0x00000000a2600000, 0x00000000a2700000, 0x00000000a2700000|100%| E|CS|TAMS 0x00000000a2600000| PB 0x00000000a2600000| Complete 
| 551|0x00000000a2700000, 0x00000000a2800000, 0x00000000a2800000|100%| E|CS|TAMS 0x00000000a2700000| PB 0x00000000a2700000| Complete 
| 552|0x00000000a2800000, 0x00000000a2900000, 0x00000000a2900000|100%| E|CS|TAMS 0x00000000a2800000| PB 0x00000000a2800000| Complete 
| 553|0x00000000a2900000, 0x00000000a2a00000, 0x00000000a2a00000|100%| E|CS|TAMS 0x00000000a2900000| PB 0x00000000a2900000| Complete 
| 554|0x00000000a2a00000, 0x00000000a2b00000, 0x00000000a2b00000|100%| E|CS|TAMS 0x00000000a2a00000| PB 0x00000000a2a00000| Complete 
| 555|0x00000000a2b00000, 0x00000000a2c00000, 0x00000000a2c00000|100%| E|CS|TAMS 0x00000000a2b00000| PB 0x00000000a2b00000| Complete 
| 556|0x00000000a2c00000, 0x00000000a2d00000, 0x00000000a2d00000|100%| E|CS|TAMS 0x00000000a2c00000| PB 0x00000000a2c00000| Complete 
| 557|0x00000000a2d00000, 0x00000000a2e00000, 0x00000000a2e00000|100%| E|CS|TAMS 0x00000000a2d00000| PB 0x00000000a2d00000| Complete 
| 558|0x00000000a2e00000, 0x00000000a2f00000, 0x00000000a2f00000|100%| E|CS|TAMS 0x00000000a2e00000| PB 0x00000000a2e00000| Complete 
| 559|0x00000000a2f00000, 0x00000000a3000000, 0x00000000a3000000|100%| E|CS|TAMS 0x00000000a2f00000| PB 0x00000000a2f00000| Complete 
| 560|0x00000000a3000000, 0x00000000a3100000, 0x00000000a3100000|100%| E|CS|TAMS 0x00000000a3000000| PB 0x00000000a3000000| Complete 
| 561|0x00000000a3100000, 0x00000000a3200000, 0x00000000a3200000|100%| E|CS|TAMS 0x00000000a3100000| PB 0x00000000a3100000| Complete 
| 562|0x00000000a3200000, 0x00000000a3300000, 0x00000000a3300000|100%| E|CS|TAMS 0x00000000a3200000| PB 0x00000000a3200000| Complete 
| 563|0x00000000a3300000, 0x00000000a3400000, 0x00000000a3400000|100%| E|CS|TAMS 0x00000000a3300000| PB 0x00000000a3300000| Complete 
| 564|0x00000000a3400000, 0x00000000a3500000, 0x00000000a3500000|100%| E|CS|TAMS 0x00000000a3400000| PB 0x00000000a3400000| Complete 
| 565|0x00000000a3500000, 0x00000000a3600000, 0x00000000a3600000|100%| E|CS|TAMS 0x00000000a3500000| PB 0x00000000a3500000| Complete 
| 566|0x00000000a3600000, 0x00000000a3700000, 0x00000000a3700000|100%| E|CS|TAMS 0x00000000a3600000| PB 0x00000000a3600000| Complete 
| 567|0x00000000a3700000, 0x00000000a3800000, 0x00000000a3800000|100%| E|CS|TAMS 0x00000000a3700000| PB 0x00000000a3700000| Complete 
| 568|0x00000000a3800000, 0x00000000a3900000, 0x00000000a3900000|100%| E|CS|TAMS 0x00000000a3800000| PB 0x00000000a3800000| Complete 
| 569|0x00000000a3900000, 0x00000000a3a00000, 0x00000000a3a00000|100%| E|CS|TAMS 0x00000000a3900000| PB 0x00000000a3900000| Complete 
| 570|0x00000000a3a00000, 0x00000000a3b00000, 0x00000000a3b00000|100%| E|CS|TAMS 0x00000000a3a00000| PB 0x00000000a3a00000| Complete 
| 571|0x00000000a3b00000, 0x00000000a3c00000, 0x00000000a3c00000|100%| E|CS|TAMS 0x00000000a3b00000| PB 0x00000000a3b00000| Complete 
| 572|0x00000000a3c00000, 0x00000000a3d00000, 0x00000000a3d00000|100%| E|CS|TAMS 0x00000000a3c00000| PB 0x00000000a3c00000| Complete 
| 573|0x00000000a3d00000, 0x00000000a3e00000, 0x00000000a3e00000|100%| E|CS|TAMS 0x00000000a3d00000| PB 0x00000000a3d00000| Complete 
| 574|0x00000000a3e00000, 0x00000000a3f00000, 0x00000000a3f00000|100%| E|CS|TAMS 0x00000000a3e00000| PB 0x00000000a3e00000| Complete 
| 575|0x00000000a3f00000, 0x00000000a4000000, 0x00000000a4000000|100%| E|CS|TAMS 0x00000000a3f00000| PB 0x00000000a3f00000| Complete 
| 576|0x00000000a4000000, 0x00000000a4100000, 0x00000000a4100000|100%| E|CS|TAMS 0x00000000a4000000| PB 0x00000000a4000000| Complete 
| 577|0x00000000a4100000, 0x00000000a4200000, 0x00000000a4200000|100%| E|CS|TAMS 0x00000000a4100000| PB 0x00000000a4100000| Complete 
| 578|0x00000000a4200000, 0x00000000a4300000, 0x00000000a4300000|100%| E|CS|TAMS 0x00000000a4200000| PB 0x00000000a4200000| Complete 
| 579|0x00000000a4300000, 0x00000000a4400000, 0x00000000a4400000|100%| E|CS|TAMS 0x00000000a4300000| PB 0x00000000a4300000| Complete 
| 580|0x00000000a4400000, 0x00000000a4500000, 0x00000000a4500000|100%| E|CS|TAMS 0x00000000a4400000| PB 0x00000000a4400000| Complete 
| 581|0x00000000a4500000, 0x00000000a4600000, 0x00000000a4600000|100%| E|CS|TAMS 0x00000000a4500000| PB 0x00000000a4500000| Complete 
| 582|0x00000000a4600000, 0x00000000a4700000, 0x00000000a4700000|100%| E|CS|TAMS 0x00000000a4600000| PB 0x00000000a4600000| Complete 
| 583|0x00000000a4700000, 0x00000000a4800000, 0x00000000a4800000|100%| E|CS|TAMS 0x00000000a4700000| PB 0x00000000a4700000| Complete 
| 584|0x00000000a4800000, 0x00000000a4900000, 0x00000000a4900000|100%| E|CS|TAMS 0x00000000a4800000| PB 0x00000000a4800000| Complete 
| 585|0x00000000a4900000, 0x00000000a4a00000, 0x00000000a4a00000|100%| E|CS|TAMS 0x00000000a4900000| PB 0x00000000a4900000| Complete 
| 586|0x00000000a4a00000, 0x00000000a4b00000, 0x00000000a4b00000|100%| E|CS|TAMS 0x00000000a4a00000| PB 0x00000000a4a00000| Complete 
| 587|0x00000000a4b00000, 0x00000000a4c00000, 0x00000000a4c00000|100%| E|CS|TAMS 0x00000000a4b00000| PB 0x00000000a4b00000| Complete 
| 588|0x00000000a4c00000, 0x00000000a4d00000, 0x00000000a4d00000|100%| E|CS|TAMS 0x00000000a4c00000| PB 0x00000000a4c00000| Complete 
| 589|0x00000000a4d00000, 0x00000000a4e00000, 0x00000000a4e00000|100%| E|CS|TAMS 0x00000000a4d00000| PB 0x00000000a4d00000| Complete 
| 590|0x00000000a4e00000, 0x00000000a4f00000, 0x00000000a4f00000|100%| E|CS|TAMS 0x00000000a4e00000| PB 0x00000000a4e00000| Complete 
| 591|0x00000000a4f00000, 0x00000000a5000000, 0x00000000a5000000|100%| E|CS|TAMS 0x00000000a4f00000| PB 0x00000000a4f00000| Complete 
| 592|0x00000000a5000000, 0x00000000a5100000, 0x00000000a5100000|100%| E|CS|TAMS 0x00000000a5000000| PB 0x00000000a5000000| Complete 
| 593|0x00000000a5100000, 0x00000000a5200000, 0x00000000a5200000|100%| E|CS|TAMS 0x00000000a5100000| PB 0x00000000a5100000| Complete 
| 594|0x00000000a5200000, 0x00000000a5300000, 0x00000000a5300000|100%| E|CS|TAMS 0x00000000a5200000| PB 0x00000000a5200000| Complete 
| 595|0x00000000a5300000, 0x00000000a5400000, 0x00000000a5400000|100%| E|CS|TAMS 0x00000000a5300000| PB 0x00000000a5300000| Complete 
| 596|0x00000000a5400000, 0x00000000a5500000, 0x00000000a5500000|100%| E|CS|TAMS 0x00000000a5400000| PB 0x00000000a5400000| Complete 
| 597|0x00000000a5500000, 0x00000000a5600000, 0x00000000a5600000|100%| E|CS|TAMS 0x00000000a5500000| PB 0x00000000a5500000| Complete 
| 598|0x00000000a5600000, 0x00000000a5700000, 0x00000000a5700000|100%| E|CS|TAMS 0x00000000a5600000| PB 0x00000000a5600000| Complete 
| 599|0x00000000a5700000, 0x00000000a5800000, 0x00000000a5800000|100%| E|CS|TAMS 0x00000000a5700000| PB 0x00000000a5700000| Complete 
| 600|0x00000000a5800000, 0x00000000a5900000, 0x00000000a5900000|100%| E|CS|TAMS 0x00000000a5800000| PB 0x00000000a5800000| Complete 
| 601|0x00000000a5900000, 0x00000000a5a00000, 0x00000000a5a00000|100%| E|CS|TAMS 0x00000000a5900000| PB 0x00000000a5900000| Complete 
| 602|0x00000000a5a00000, 0x00000000a5b00000, 0x00000000a5b00000|100%| E|CS|TAMS 0x00000000a5a00000| PB 0x00000000a5a00000| Complete 
| 603|0x00000000a5b00000, 0x00000000a5c00000, 0x00000000a5c00000|100%| E|CS|TAMS 0x00000000a5b00000| PB 0x00000000a5b00000| Complete 
| 604|0x00000000a5c00000, 0x00000000a5d00000, 0x00000000a5d00000|100%| E|CS|TAMS 0x00000000a5c00000| PB 0x00000000a5c00000| Complete 
| 605|0x00000000a5d00000, 0x00000000a5e00000, 0x00000000a5e00000|100%| E|CS|TAMS 0x00000000a5d00000| PB 0x00000000a5d00000| Complete 
| 606|0x00000000a5e00000, 0x00000000a5f00000, 0x00000000a5f00000|100%| E|CS|TAMS 0x00000000a5e00000| PB 0x00000000a5e00000| Complete 
| 607|0x00000000a5f00000, 0x00000000a6000000, 0x00000000a6000000|100%| E|CS|TAMS 0x00000000a5f00000| PB 0x00000000a5f00000| Complete 
| 608|0x00000000a6000000, 0x00000000a6100000, 0x00000000a6100000|100%| E|CS|TAMS 0x00000000a6000000| PB 0x00000000a6000000| Complete 
| 609|0x00000000a6100000, 0x00000000a6200000, 0x00000000a6200000|100%| E|CS|TAMS 0x00000000a6100000| PB 0x00000000a6100000| Complete 
| 610|0x00000000a6200000, 0x00000000a6300000, 0x00000000a6300000|100%| E|CS|TAMS 0x00000000a6200000| PB 0x00000000a6200000| Complete 
| 611|0x00000000a6300000, 0x00000000a6400000, 0x00000000a6400000|100%| E|CS|TAMS 0x00000000a6300000| PB 0x00000000a6300000| Complete 
| 612|0x00000000a6400000, 0x00000000a6500000, 0x00000000a6500000|100%| E|CS|TAMS 0x00000000a6400000| PB 0x00000000a6400000| Complete 
| 613|0x00000000a6500000, 0x00000000a6600000, 0x00000000a6600000|100%| E|CS|TAMS 0x00000000a6500000| PB 0x00000000a6500000| Complete 
| 614|0x00000000a6600000, 0x00000000a6700000, 0x00000000a6700000|100%| E|CS|TAMS 0x00000000a6600000| PB 0x00000000a6600000| Complete 
| 615|0x00000000a6700000, 0x00000000a6800000, 0x00000000a6800000|100%| E|CS|TAMS 0x00000000a6700000| PB 0x00000000a6700000| Complete 
| 616|0x00000000a6800000, 0x00000000a6900000, 0x00000000a6900000|100%| E|CS|TAMS 0x00000000a6800000| PB 0x00000000a6800000| Complete 
| 617|0x00000000a6900000, 0x00000000a6a00000, 0x00000000a6a00000|100%| E|CS|TAMS 0x00000000a6900000| PB 0x00000000a6900000| Complete 
| 618|0x00000000a6a00000, 0x00000000a6b00000, 0x00000000a6b00000|100%| E|CS|TAMS 0x00000000a6a00000| PB 0x00000000a6a00000| Complete 
| 619|0x00000000a6b00000, 0x00000000a6c00000, 0x00000000a6c00000|100%| E|CS|TAMS 0x00000000a6b00000| PB 0x00000000a6b00000| Complete 
| 620|0x00000000a6c00000, 0x00000000a6d00000, 0x00000000a6d00000|100%| E|CS|TAMS 0x00000000a6c00000| PB 0x00000000a6c00000| Complete 
| 621|0x00000000a6d00000, 0x00000000a6e00000, 0x00000000a6e00000|100%| E|CS|TAMS 0x00000000a6d00000| PB 0x00000000a6d00000| Complete 
| 622|0x00000000a6e00000, 0x00000000a6f00000, 0x00000000a6f00000|100%| E|CS|TAMS 0x00000000a6e00000| PB 0x00000000a6e00000| Complete 
| 623|0x00000000a6f00000, 0x00000000a7000000, 0x00000000a7000000|100%| E|CS|TAMS 0x00000000a6f00000| PB 0x00000000a6f00000| Complete 
| 624|0x00000000a7000000, 0x00000000a7100000, 0x00000000a7100000|100%| E|CS|TAMS 0x00000000a7000000| PB 0x00000000a7000000| Complete 
| 625|0x00000000a7100000, 0x00000000a7200000, 0x00000000a7200000|100%| E|CS|TAMS 0x00000000a7100000| PB 0x00000000a7100000| Complete 
| 626|0x00000000a7200000, 0x00000000a7300000, 0x00000000a7300000|100%| E|CS|TAMS 0x00000000a7200000| PB 0x00000000a7200000| Complete 
| 627|0x00000000a7300000, 0x00000000a7400000, 0x00000000a7400000|100%| E|CS|TAMS 0x00000000a7300000| PB 0x00000000a7300000| Complete 
| 628|0x00000000a7400000, 0x00000000a7500000, 0x00000000a7500000|100%| E|CS|TAMS 0x00000000a7400000| PB 0x00000000a7400000| Complete 
| 629|0x00000000a7500000, 0x00000000a7600000, 0x00000000a7600000|100%| E|CS|TAMS 0x00000000a7500000| PB 0x00000000a7500000| Complete 
| 630|0x00000000a7600000, 0x00000000a7700000, 0x00000000a7700000|100%| E|CS|TAMS 0x00000000a7600000| PB 0x00000000a7600000| Complete 
| 631|0x00000000a7700000, 0x00000000a7800000, 0x00000000a7800000|100%| E|CS|TAMS 0x00000000a7700000| PB 0x00000000a7700000| Complete 
| 632|0x00000000a7800000, 0x00000000a7900000, 0x00000000a7900000|100%| E|CS|TAMS 0x00000000a7800000| PB 0x00000000a7800000| Complete 
| 633|0x00000000a7900000, 0x00000000a7a00000, 0x00000000a7a00000|100%| E|CS|TAMS 0x00000000a7900000| PB 0x00000000a7900000| Complete 
| 634|0x00000000a7a00000, 0x00000000a7b00000, 0x00000000a7b00000|100%| E|CS|TAMS 0x00000000a7a00000| PB 0x00000000a7a00000| Complete 
| 635|0x00000000a7b00000, 0x00000000a7c00000, 0x00000000a7c00000|100%| E|CS|TAMS 0x00000000a7b00000| PB 0x00000000a7b00000| Complete 
| 636|0x00000000a7c00000, 0x00000000a7d00000, 0x00000000a7d00000|100%| E|CS|TAMS 0x00000000a7c00000| PB 0x00000000a7c00000| Complete 
| 637|0x00000000a7d00000, 0x00000000a7e00000, 0x00000000a7e00000|100%| E|CS|TAMS 0x00000000a7d00000| PB 0x00000000a7d00000| Complete 
| 638|0x00000000a7e00000, 0x00000000a7f00000, 0x00000000a7f00000|100%| E|CS|TAMS 0x00000000a7e00000| PB 0x00000000a7e00000| Complete 
| 639|0x00000000a7f00000, 0x00000000a8000000, 0x00000000a8000000|100%| E|CS|TAMS 0x00000000a7f00000| PB 0x00000000a7f00000| Complete 
| 640|0x00000000a8000000, 0x00000000a8100000, 0x00000000a8100000|100%| E|CS|TAMS 0x00000000a8000000| PB 0x00000000a8000000| Complete 
| 641|0x00000000a8100000, 0x00000000a8200000, 0x00000000a8200000|100%| E|CS|TAMS 0x00000000a8100000| PB 0x00000000a8100000| Complete 
| 642|0x00000000a8200000, 0x00000000a8300000, 0x00000000a8300000|100%| E|CS|TAMS 0x00000000a8200000| PB 0x00000000a8200000| Complete 
| 643|0x00000000a8300000, 0x00000000a8400000, 0x00000000a8400000|100%| E|CS|TAMS 0x00000000a8300000| PB 0x00000000a8300000| Complete 
| 644|0x00000000a8400000, 0x00000000a8500000, 0x00000000a8500000|100%| E|CS|TAMS 0x00000000a8400000| PB 0x00000000a8400000| Complete 
| 645|0x00000000a8500000, 0x00000000a8600000, 0x00000000a8600000|100%| E|CS|TAMS 0x00000000a8500000| PB 0x00000000a8500000| Complete 
| 646|0x00000000a8600000, 0x00000000a8700000, 0x00000000a8700000|100%| E|CS|TAMS 0x00000000a8600000| PB 0x00000000a8600000| Complete 
| 647|0x00000000a8700000, 0x00000000a8800000, 0x00000000a8800000|100%| E|CS|TAMS 0x00000000a8700000| PB 0x00000000a8700000| Complete 
| 648|0x00000000a8800000, 0x00000000a8900000, 0x00000000a8900000|100%| E|CS|TAMS 0x00000000a8800000| PB 0x00000000a8800000| Complete 
| 649|0x00000000a8900000, 0x00000000a8a00000, 0x00000000a8a00000|100%| E|CS|TAMS 0x00000000a8900000| PB 0x00000000a8900000| Complete 
| 650|0x00000000a8a00000, 0x00000000a8b00000, 0x00000000a8b00000|100%| E|CS|TAMS 0x00000000a8a00000| PB 0x00000000a8a00000| Complete 
| 651|0x00000000a8b00000, 0x00000000a8c00000, 0x00000000a8c00000|100%| E|CS|TAMS 0x00000000a8b00000| PB 0x00000000a8b00000| Complete 
| 652|0x00000000a8c00000, 0x00000000a8d00000, 0x00000000a8d00000|100%| E|CS|TAMS 0x00000000a8c00000| PB 0x00000000a8c00000| Complete 
| 653|0x00000000a8d00000, 0x00000000a8e00000, 0x00000000a8e00000|100%| E|CS|TAMS 0x00000000a8d00000| PB 0x00000000a8d00000| Complete 
| 654|0x00000000a8e00000, 0x00000000a8f00000, 0x00000000a8f00000|100%| E|CS|TAMS 0x00000000a8e00000| PB 0x00000000a8e00000| Complete 
| 655|0x00000000a8f00000, 0x00000000a9000000, 0x00000000a9000000|100%| E|CS|TAMS 0x00000000a8f00000| PB 0x00000000a8f00000| Complete 
| 656|0x00000000a9000000, 0x00000000a9100000, 0x00000000a9100000|100%| E|CS|TAMS 0x00000000a9000000| PB 0x00000000a9000000| Complete 
| 657|0x00000000a9100000, 0x00000000a9200000, 0x00000000a9200000|100%| E|CS|TAMS 0x00000000a9100000| PB 0x00000000a9100000| Complete 
| 658|0x00000000a9200000, 0x00000000a9300000, 0x00000000a9300000|100%| E|CS|TAMS 0x00000000a9200000| PB 0x00000000a9200000| Complete 
| 659|0x00000000a9300000, 0x00000000a9400000, 0x00000000a9400000|100%| E|CS|TAMS 0x00000000a9300000| PB 0x00000000a9300000| Complete 
| 660|0x00000000a9400000, 0x00000000a9500000, 0x00000000a9500000|100%| E|CS|TAMS 0x00000000a9400000| PB 0x00000000a9400000| Complete 
| 661|0x00000000a9500000, 0x00000000a9600000, 0x00000000a9600000|100%| E|CS|TAMS 0x00000000a9500000| PB 0x00000000a9500000| Complete 
| 662|0x00000000a9600000, 0x00000000a9700000, 0x00000000a9700000|100%| E|CS|TAMS 0x00000000a9600000| PB 0x00000000a9600000| Complete 
| 663|0x00000000a9700000, 0x00000000a9800000, 0x00000000a9800000|100%| E|CS|TAMS 0x00000000a9700000| PB 0x00000000a9700000| Complete 
| 664|0x00000000a9800000, 0x00000000a9900000, 0x00000000a9900000|100%| E|CS|TAMS 0x00000000a9800000| PB 0x00000000a9800000| Complete 
| 665|0x00000000a9900000, 0x00000000a9a00000, 0x00000000a9a00000|100%| E|CS|TAMS 0x00000000a9900000| PB 0x00000000a9900000| Complete 
| 666|0x00000000a9a00000, 0x00000000a9b00000, 0x00000000a9b00000|100%| E|CS|TAMS 0x00000000a9a00000| PB 0x00000000a9a00000| Complete 
| 667|0x00000000a9b00000, 0x00000000a9c00000, 0x00000000a9c00000|100%| E|CS|TAMS 0x00000000a9b00000| PB 0x00000000a9b00000| Complete 
| 668|0x00000000a9c00000, 0x00000000a9d00000, 0x00000000a9d00000|100%| E|CS|TAMS 0x00000000a9c00000| PB 0x00000000a9c00000| Complete 
| 669|0x00000000a9d00000, 0x00000000a9e00000, 0x00000000a9e00000|100%| E|CS|TAMS 0x00000000a9d00000| PB 0x00000000a9d00000| Complete 
| 670|0x00000000a9e00000, 0x00000000a9f00000, 0x00000000a9f00000|100%| E|CS|TAMS 0x00000000a9e00000| PB 0x00000000a9e00000| Complete 
| 671|0x00000000a9f00000, 0x00000000aa000000, 0x00000000aa000000|100%| E|CS|TAMS 0x00000000a9f00000| PB 0x00000000a9f00000| Complete 
| 672|0x00000000aa000000, 0x00000000aa100000, 0x00000000aa100000|100%| E|CS|TAMS 0x00000000aa000000| PB 0x00000000aa000000| Complete 
| 673|0x00000000aa100000, 0x00000000aa200000, 0x00000000aa200000|100%| E|CS|TAMS 0x00000000aa100000| PB 0x00000000aa100000| Complete 
| 674|0x00000000aa200000, 0x00000000aa300000, 0x00000000aa300000|100%| E|CS|TAMS 0x00000000aa200000| PB 0x00000000aa200000| Complete 
| 675|0x00000000aa300000, 0x00000000aa400000, 0x00000000aa400000|100%| E|CS|TAMS 0x00000000aa300000| PB 0x00000000aa300000| Complete 
| 676|0x00000000aa400000, 0x00000000aa500000, 0x00000000aa500000|100%| E|CS|TAMS 0x00000000aa400000| PB 0x00000000aa400000| Complete 
| 677|0x00000000aa500000, 0x00000000aa600000, 0x00000000aa600000|100%| E|CS|TAMS 0x00000000aa500000| PB 0x00000000aa500000| Complete 
| 678|0x00000000aa600000, 0x00000000aa700000, 0x00000000aa700000|100%| E|CS|TAMS 0x00000000aa600000| PB 0x00000000aa600000| Complete 
| 679|0x00000000aa700000, 0x00000000aa800000, 0x00000000aa800000|100%| E|CS|TAMS 0x00000000aa700000| PB 0x00000000aa700000| Complete 
| 680|0x00000000aa800000, 0x00000000aa900000, 0x00000000aa900000|100%| E|CS|TAMS 0x00000000aa800000| PB 0x00000000aa800000| Complete 
| 681|0x00000000aa900000, 0x00000000aaa00000, 0x00000000aaa00000|100%| E|CS|TAMS 0x00000000aa900000| PB 0x00000000aa900000| Complete 
| 682|0x00000000aaa00000, 0x00000000aab00000, 0x00000000aab00000|100%| E|CS|TAMS 0x00000000aaa00000| PB 0x00000000aaa00000| Complete 
| 683|0x00000000aab00000, 0x00000000aac00000, 0x00000000aac00000|100%| E|CS|TAMS 0x00000000aab00000| PB 0x00000000aab00000| Complete 
| 684|0x00000000aac00000, 0x00000000aad00000, 0x00000000aad00000|100%| E|CS|TAMS 0x00000000aac00000| PB 0x00000000aac00000| Complete 
| 685|0x00000000aad00000, 0x00000000aae00000, 0x00000000aae00000|100%| E|CS|TAMS 0x00000000aad00000| PB 0x00000000aad00000| Complete 
| 686|0x00000000aae00000, 0x00000000aaf00000, 0x00000000aaf00000|100%| E|CS|TAMS 0x00000000aae00000| PB 0x00000000aae00000| Complete 
| 687|0x00000000aaf00000, 0x00000000ab000000, 0x00000000ab000000|100%| E|CS|TAMS 0x00000000aaf00000| PB 0x00000000aaf00000| Complete 
| 688|0x00000000ab000000, 0x00000000ab100000, 0x00000000ab100000|100%| E|CS|TAMS 0x00000000ab000000| PB 0x00000000ab000000| Complete 
| 689|0x00000000ab100000, 0x00000000ab200000, 0x00000000ab200000|100%| E|CS|TAMS 0x00000000ab100000| PB 0x00000000ab100000| Complete 
| 690|0x00000000ab200000, 0x00000000ab300000, 0x00000000ab300000|100%| E|CS|TAMS 0x00000000ab200000| PB 0x00000000ab200000| Complete 
| 691|0x00000000ab300000, 0x00000000ab400000, 0x00000000ab400000|100%| E|CS|TAMS 0x00000000ab300000| PB 0x00000000ab300000| Complete 
| 692|0x00000000ab400000, 0x00000000ab500000, 0x00000000ab500000|100%| E|CS|TAMS 0x00000000ab400000| PB 0x00000000ab400000| Complete 
| 693|0x00000000ab500000, 0x00000000ab600000, 0x00000000ab600000|100%| E|CS|TAMS 0x00000000ab500000| PB 0x00000000ab500000| Complete 
| 694|0x00000000ab600000, 0x00000000ab700000, 0x00000000ab700000|100%| E|CS|TAMS 0x00000000ab600000| PB 0x00000000ab600000| Complete 
| 695|0x00000000ab700000, 0x00000000ab800000, 0x00000000ab800000|100%| E|CS|TAMS 0x00000000ab700000| PB 0x00000000ab700000| Complete 
| 696|0x00000000ab800000, 0x00000000ab900000, 0x00000000ab900000|100%| E|CS|TAMS 0x00000000ab800000| PB 0x00000000ab800000| Complete 
| 697|0x00000000ab900000, 0x00000000aba00000, 0x00000000aba00000|100%| E|CS|TAMS 0x00000000ab900000| PB 0x00000000ab900000| Complete 
| 698|0x00000000aba00000, 0x00000000abb00000, 0x00000000abb00000|100%| E|CS|TAMS 0x00000000aba00000| PB 0x00000000aba00000| Complete 
| 699|0x00000000abb00000, 0x00000000abc00000, 0x00000000abc00000|100%| E|CS|TAMS 0x00000000abb00000| PB 0x00000000abb00000| Complete 
| 700|0x00000000abc00000, 0x00000000abd00000, 0x00000000abd00000|100%| E|CS|TAMS 0x00000000abc00000| PB 0x00000000abc00000| Complete 
| 701|0x00000000abd00000, 0x00000000abe00000, 0x00000000abe00000|100%| E|CS|TAMS 0x00000000abd00000| PB 0x00000000abd00000| Complete 
| 702|0x00000000abe00000, 0x00000000abf00000, 0x00000000abf00000|100%| E|CS|TAMS 0x00000000abe00000| PB 0x00000000abe00000| Complete 
| 703|0x00000000abf00000, 0x00000000ac000000, 0x00000000ac000000|100%| E|CS|TAMS 0x00000000abf00000| PB 0x00000000abf00000| Complete 
| 704|0x00000000ac000000, 0x00000000ac100000, 0x00000000ac100000|100%| E|CS|TAMS 0x00000000ac000000| PB 0x00000000ac000000| Complete 
| 705|0x00000000ac100000, 0x00000000ac200000, 0x00000000ac200000|100%| E|CS|TAMS 0x00000000ac100000| PB 0x00000000ac100000| Complete 
| 706|0x00000000ac200000, 0x00000000ac300000, 0x00000000ac300000|100%| E|CS|TAMS 0x00000000ac200000| PB 0x00000000ac200000| Complete 
| 707|0x00000000ac300000, 0x00000000ac400000, 0x00000000ac400000|100%| E|CS|TAMS 0x00000000ac300000| PB 0x00000000ac300000| Complete 
| 708|0x00000000ac400000, 0x00000000ac500000, 0x00000000ac500000|100%| E|CS|TAMS 0x00000000ac400000| PB 0x00000000ac400000| Complete 
| 709|0x00000000ac500000, 0x00000000ac600000, 0x00000000ac600000|100%| E|CS|TAMS 0x00000000ac500000| PB 0x00000000ac500000| Complete 
| 710|0x00000000ac600000, 0x00000000ac700000, 0x00000000ac700000|100%| E|CS|TAMS 0x00000000ac600000| PB 0x00000000ac600000| Complete 
| 711|0x00000000ac700000, 0x00000000ac800000, 0x00000000ac800000|100%| E|CS|TAMS 0x00000000ac700000| PB 0x00000000ac700000| Complete 
| 712|0x00000000ac800000, 0x00000000ac900000, 0x00000000ac900000|100%| E|CS|TAMS 0x00000000ac800000| PB 0x00000000ac800000| Complete 
| 713|0x00000000ac900000, 0x00000000aca00000, 0x00000000aca00000|100%| E|CS|TAMS 0x00000000ac900000| PB 0x00000000ac900000| Complete 
| 714|0x00000000aca00000, 0x00000000acb00000, 0x00000000acb00000|100%| E|CS|TAMS 0x00000000aca00000| PB 0x00000000aca00000| Complete 
| 715|0x00000000acb00000, 0x00000000acc00000, 0x00000000acc00000|100%| E|CS|TAMS 0x00000000acb00000| PB 0x00000000acb00000| Complete 
| 716|0x00000000acc00000, 0x00000000acd00000, 0x00000000acd00000|100%| E|CS|TAMS 0x00000000acc00000| PB 0x00000000acc00000| Complete 
| 717|0x00000000acd00000, 0x00000000ace00000, 0x00000000ace00000|100%| E|CS|TAMS 0x00000000acd00000| PB 0x00000000acd00000| Complete 
| 718|0x00000000ace00000, 0x00000000acf00000, 0x00000000acf00000|100%| E|CS|TAMS 0x00000000ace00000| PB 0x00000000ace00000| Complete 
| 719|0x00000000acf00000, 0x00000000ad000000, 0x00000000ad000000|100%| E|CS|TAMS 0x00000000acf00000| PB 0x00000000acf00000| Complete 
| 720|0x00000000ad000000, 0x00000000ad100000, 0x00000000ad100000|100%| E|CS|TAMS 0x00000000ad000000| PB 0x00000000ad000000| Complete 
| 721|0x00000000ad100000, 0x00000000ad200000, 0x00000000ad200000|100%| E|CS|TAMS 0x00000000ad100000| PB 0x00000000ad100000| Complete 
| 722|0x00000000ad200000, 0x00000000ad300000, 0x00000000ad300000|100%| E|CS|TAMS 0x00000000ad200000| PB 0x00000000ad200000| Complete 
| 723|0x00000000ad300000, 0x00000000ad400000, 0x00000000ad400000|100%| E|CS|TAMS 0x00000000ad300000| PB 0x00000000ad300000| Complete 
| 724|0x00000000ad400000, 0x00000000ad500000, 0x00000000ad500000|100%| E|CS|TAMS 0x00000000ad400000| PB 0x00000000ad400000| Complete 
| 725|0x00000000ad500000, 0x00000000ad600000, 0x00000000ad600000|100%| E|CS|TAMS 0x00000000ad500000| PB 0x00000000ad500000| Complete 
| 726|0x00000000ad600000, 0x00000000ad700000, 0x00000000ad700000|100%| E|CS|TAMS 0x00000000ad600000| PB 0x00000000ad600000| Complete 
| 727|0x00000000ad700000, 0x00000000ad800000, 0x00000000ad800000|100%| E|CS|TAMS 0x00000000ad700000| PB 0x00000000ad700000| Complete 
| 728|0x00000000ad800000, 0x00000000ad900000, 0x00000000ad900000|100%| E|CS|TAMS 0x00000000ad800000| PB 0x00000000ad800000| Complete 
| 729|0x00000000ad900000, 0x00000000ada00000, 0x00000000ada00000|100%| E|CS|TAMS 0x00000000ad900000| PB 0x00000000ad900000| Complete 
| 730|0x00000000ada00000, 0x00000000adb00000, 0x00000000adb00000|100%| E|CS|TAMS 0x00000000ada00000| PB 0x00000000ada00000| Complete 
| 731|0x00000000adb00000, 0x00000000adc00000, 0x00000000adc00000|100%| E|CS|TAMS 0x00000000adb00000| PB 0x00000000adb00000| Complete 
| 732|0x00000000adc00000, 0x00000000add00000, 0x00000000add00000|100%| E|CS|TAMS 0x00000000adc00000| PB 0x00000000adc00000| Complete 
| 733|0x00000000add00000, 0x00000000ade00000, 0x00000000ade00000|100%| E|CS|TAMS 0x00000000add00000| PB 0x00000000add00000| Complete 
| 734|0x00000000ade00000, 0x00000000adf00000, 0x00000000adf00000|100%| E|CS|TAMS 0x00000000ade00000| PB 0x00000000ade00000| Complete 
| 735|0x00000000adf00000, 0x00000000ae000000, 0x00000000ae000000|100%| E|CS|TAMS 0x00000000adf00000| PB 0x00000000adf00000| Complete 
| 736|0x00000000ae000000, 0x00000000ae100000, 0x00000000ae100000|100%| E|CS|TAMS 0x00000000ae000000| PB 0x00000000ae000000| Complete 
| 737|0x00000000ae100000, 0x00000000ae200000, 0x00000000ae200000|100%| E|CS|TAMS 0x00000000ae100000| PB 0x00000000ae100000| Complete 
| 738|0x00000000ae200000, 0x00000000ae300000, 0x00000000ae300000|100%| E|CS|TAMS 0x00000000ae200000| PB 0x00000000ae200000| Complete 
| 739|0x00000000ae300000, 0x00000000ae400000, 0x00000000ae400000|100%| E|CS|TAMS 0x00000000ae300000| PB 0x00000000ae300000| Complete 
| 740|0x00000000ae400000, 0x00000000ae500000, 0x00000000ae500000|100%| E|CS|TAMS 0x00000000ae400000| PB 0x00000000ae400000| Complete 
| 741|0x00000000ae500000, 0x00000000ae600000, 0x00000000ae600000|100%| E|CS|TAMS 0x00000000ae500000| PB 0x00000000ae500000| Complete 
| 742|0x00000000ae600000, 0x00000000ae700000, 0x00000000ae700000|100%| E|CS|TAMS 0x00000000ae600000| PB 0x00000000ae600000| Complete 
| 743|0x00000000ae700000, 0x00000000ae800000, 0x00000000ae800000|100%| E|CS|TAMS 0x00000000ae700000| PB 0x00000000ae700000| Complete 
| 744|0x00000000ae800000, 0x00000000ae900000, 0x00000000ae900000|100%| E|CS|TAMS 0x00000000ae800000| PB 0x00000000ae800000| Complete 
| 745|0x00000000ae900000, 0x00000000aea00000, 0x00000000aea00000|100%| E|CS|TAMS 0x00000000ae900000| PB 0x00000000ae900000| Complete 
| 746|0x00000000aea00000, 0x00000000aeb00000, 0x00000000aeb00000|100%| E|CS|TAMS 0x00000000aea00000| PB 0x00000000aea00000| Complete 
| 747|0x00000000aeb00000, 0x00000000aec00000, 0x00000000aec00000|100%| E|CS|TAMS 0x00000000aeb00000| PB 0x00000000aeb00000| Complete 
| 748|0x00000000aec00000, 0x00000000aed00000, 0x00000000aed00000|100%| E|CS|TAMS 0x00000000aec00000| PB 0x00000000aec00000| Complete 
| 749|0x00000000aed00000, 0x00000000aee00000, 0x00000000aee00000|100%| E|CS|TAMS 0x00000000aed00000| PB 0x00000000aed00000| Complete 
| 750|0x00000000aee00000, 0x00000000aef00000, 0x00000000aef00000|100%| E|CS|TAMS 0x00000000aee00000| PB 0x00000000aee00000| Complete 
| 751|0x00000000aef00000, 0x00000000af000000, 0x00000000af000000|100%| E|CS|TAMS 0x00000000aef00000| PB 0x00000000aef00000| Complete 
| 752|0x00000000af000000, 0x00000000af100000, 0x00000000af100000|100%| E|CS|TAMS 0x00000000af000000| PB 0x00000000af000000| Complete 
| 753|0x00000000af100000, 0x00000000af200000, 0x00000000af200000|100%| E|CS|TAMS 0x00000000af100000| PB 0x00000000af100000| Complete 
| 754|0x00000000af200000, 0x00000000af300000, 0x00000000af300000|100%| E|CS|TAMS 0x00000000af200000| PB 0x00000000af200000| Complete 
| 755|0x00000000af300000, 0x00000000af400000, 0x00000000af400000|100%| E|CS|TAMS 0x00000000af300000| PB 0x00000000af300000| Complete 
| 756|0x00000000af400000, 0x00000000af500000, 0x00000000af500000|100%| E|CS|TAMS 0x00000000af400000| PB 0x00000000af400000| Complete 
| 757|0x00000000af500000, 0x00000000af600000, 0x00000000af600000|100%| E|CS|TAMS 0x00000000af500000| PB 0x00000000af500000| Complete 
| 758|0x00000000af600000, 0x00000000af700000, 0x00000000af700000|100%| E|CS|TAMS 0x00000000af600000| PB 0x00000000af600000| Complete 
| 759|0x00000000af700000, 0x00000000af800000, 0x00000000af800000|100%| E|CS|TAMS 0x00000000af700000| PB 0x00000000af700000| Complete 
| 760|0x00000000af800000, 0x00000000af900000, 0x00000000af900000|100%| E|CS|TAMS 0x00000000af800000| PB 0x00000000af800000| Complete 
| 761|0x00000000af900000, 0x00000000afa00000, 0x00000000afa00000|100%| E|CS|TAMS 0x00000000af900000| PB 0x00000000af900000| Complete 
| 762|0x00000000afa00000, 0x00000000afb00000, 0x00000000afb00000|100%| E|CS|TAMS 0x00000000afa00000| PB 0x00000000afa00000| Complete 
| 763|0x00000000afb00000, 0x00000000afc00000, 0x00000000afc00000|100%| E|CS|TAMS 0x00000000afb00000| PB 0x00000000afb00000| Complete 
| 764|0x00000000afc00000, 0x00000000afd00000, 0x00000000afd00000|100%| E|CS|TAMS 0x00000000afc00000| PB 0x00000000afc00000| Complete 
| 765|0x00000000afd00000, 0x00000000afe00000, 0x00000000afe00000|100%| E|CS|TAMS 0x00000000afd00000| PB 0x00000000afd00000| Complete 
| 766|0x00000000afe00000, 0x00000000aff00000, 0x00000000aff00000|100%| E|CS|TAMS 0x00000000afe00000| PB 0x00000000afe00000| Complete 
| 767|0x00000000aff00000, 0x00000000b0000000, 0x00000000b0000000|100%| E|CS|TAMS 0x00000000aff00000| PB 0x00000000aff00000| Complete 
| 768|0x00000000b0000000, 0x00000000b0100000, 0x00000000b0100000|100%| E|CS|TAMS 0x00000000b0000000| PB 0x00000000b0000000| Complete 
| 769|0x00000000b0100000, 0x00000000b0200000, 0x00000000b0200000|100%| E|CS|TAMS 0x00000000b0100000| PB 0x00000000b0100000| Complete 
| 770|0x00000000b0200000, 0x00000000b0300000, 0x00000000b0300000|100%| E|CS|TAMS 0x00000000b0200000| PB 0x00000000b0200000| Complete 
| 771|0x00000000b0300000, 0x00000000b0400000, 0x00000000b0400000|100%| E|CS|TAMS 0x00000000b0300000| PB 0x00000000b0300000| Complete 
| 772|0x00000000b0400000, 0x00000000b0500000, 0x00000000b0500000|100%| E|CS|TAMS 0x00000000b0400000| PB 0x00000000b0400000| Complete 
| 773|0x00000000b0500000, 0x00000000b0600000, 0x00000000b0600000|100%| E|CS|TAMS 0x00000000b0500000| PB 0x00000000b0500000| Complete 
| 774|0x00000000b0600000, 0x00000000b0700000, 0x00000000b0700000|100%| E|CS|TAMS 0x00000000b0600000| PB 0x00000000b0600000| Complete 
| 775|0x00000000b0700000, 0x00000000b0800000, 0x00000000b0800000|100%| E|CS|TAMS 0x00000000b0700000| PB 0x00000000b0700000| Complete 
| 776|0x00000000b0800000, 0x00000000b0900000, 0x00000000b0900000|100%| E|CS|TAMS 0x00000000b0800000| PB 0x00000000b0800000| Complete 
| 777|0x00000000b0900000, 0x00000000b0a00000, 0x00000000b0a00000|100%| E|CS|TAMS 0x00000000b0900000| PB 0x00000000b0900000| Complete 
| 778|0x00000000b0a00000, 0x00000000b0b00000, 0x00000000b0b00000|100%| E|CS|TAMS 0x00000000b0a00000| PB 0x00000000b0a00000| Complete 
| 779|0x00000000b0b00000, 0x00000000b0c00000, 0x00000000b0c00000|100%| E|CS|TAMS 0x00000000b0b00000| PB 0x00000000b0b00000| Complete 
| 780|0x00000000b0c00000, 0x00000000b0d00000, 0x00000000b0d00000|100%| E|CS|TAMS 0x00000000b0c00000| PB 0x00000000b0c00000| Complete 
| 781|0x00000000b0d00000, 0x00000000b0e00000, 0x00000000b0e00000|100%| E|CS|TAMS 0x00000000b0d00000| PB 0x00000000b0d00000| Complete 
| 782|0x00000000b0e00000, 0x00000000b0f00000, 0x00000000b0f00000|100%| E|CS|TAMS 0x00000000b0e00000| PB 0x00000000b0e00000| Complete 
| 783|0x00000000b0f00000, 0x00000000b1000000, 0x00000000b1000000|100%| E|CS|TAMS 0x00000000b0f00000| PB 0x00000000b0f00000| Complete 
| 784|0x00000000b1000000, 0x00000000b1100000, 0x00000000b1100000|100%| E|CS|TAMS 0x00000000b1000000| PB 0x00000000b1000000| Complete 
| 785|0x00000000b1100000, 0x00000000b1200000, 0x00000000b1200000|100%| E|CS|TAMS 0x00000000b1100000| PB 0x00000000b1100000| Complete 
| 786|0x00000000b1200000, 0x00000000b1300000, 0x00000000b1300000|100%| E|CS|TAMS 0x00000000b1200000| PB 0x00000000b1200000| Complete 
| 787|0x00000000b1300000, 0x00000000b1400000, 0x00000000b1400000|100%| E|CS|TAMS 0x00000000b1300000| PB 0x00000000b1300000| Complete 
| 788|0x00000000b1400000, 0x00000000b1500000, 0x00000000b1500000|100%| E|CS|TAMS 0x00000000b1400000| PB 0x00000000b1400000| Complete 
| 789|0x00000000b1500000, 0x00000000b1600000, 0x00000000b1600000|100%| E|CS|TAMS 0x00000000b1500000| PB 0x00000000b1500000| Complete 
| 790|0x00000000b1600000, 0x00000000b1700000, 0x00000000b1700000|100%| E|CS|TAMS 0x00000000b1600000| PB 0x00000000b1600000| Complete 
| 791|0x00000000b1700000, 0x00000000b1800000, 0x00000000b1800000|100%| E|CS|TAMS 0x00000000b1700000| PB 0x00000000b1700000| Complete 
| 792|0x00000000b1800000, 0x00000000b1900000, 0x00000000b1900000|100%| E|CS|TAMS 0x00000000b1800000| PB 0x00000000b1800000| Complete 
| 793|0x00000000b1900000, 0x00000000b1a00000, 0x00000000b1a00000|100%| E|CS|TAMS 0x00000000b1900000| PB 0x00000000b1900000| Complete 
| 794|0x00000000b1a00000, 0x00000000b1b00000, 0x00000000b1b00000|100%| E|CS|TAMS 0x00000000b1a00000| PB 0x00000000b1a00000| Complete 
| 795|0x00000000b1b00000, 0x00000000b1c00000, 0x00000000b1c00000|100%| E|CS|TAMS 0x00000000b1b00000| PB 0x00000000b1b00000| Complete 
| 796|0x00000000b1c00000, 0x00000000b1d00000, 0x00000000b1d00000|100%| E|CS|TAMS 0x00000000b1c00000| PB 0x00000000b1c00000| Complete 
| 797|0x00000000b1d00000, 0x00000000b1e00000, 0x00000000b1e00000|100%| E|CS|TAMS 0x00000000b1d00000| PB 0x00000000b1d00000| Complete 
| 798|0x00000000b1e00000, 0x00000000b1f00000, 0x00000000b1f00000|100%| E|CS|TAMS 0x00000000b1e00000| PB 0x00000000b1e00000| Complete 
| 799|0x00000000b1f00000, 0x00000000b2000000, 0x00000000b2000000|100%| E|CS|TAMS 0x00000000b1f00000| PB 0x00000000b1f00000| Complete 
| 800|0x00000000b2000000, 0x00000000b2100000, 0x00000000b2100000|100%| E|CS|TAMS 0x00000000b2000000| PB 0x00000000b2000000| Complete 
| 801|0x00000000b2100000, 0x00000000b2200000, 0x00000000b2200000|100%| E|CS|TAMS 0x00000000b2100000| PB 0x00000000b2100000| Complete 
| 802|0x00000000b2200000, 0x00000000b2300000, 0x00000000b2300000|100%| E|CS|TAMS 0x00000000b2200000| PB 0x00000000b2200000| Complete 
| 803|0x00000000b2300000, 0x00000000b2400000, 0x00000000b2400000|100%| E|CS|TAMS 0x00000000b2300000| PB 0x00000000b2300000| Complete 
| 804|0x00000000b2400000, 0x00000000b2500000, 0x00000000b2500000|100%| E|CS|TAMS 0x00000000b2400000| PB 0x00000000b2400000| Complete 
| 805|0x00000000b2500000, 0x00000000b2600000, 0x00000000b2600000|100%| E|CS|TAMS 0x00000000b2500000| PB 0x00000000b2500000| Complete 
| 806|0x00000000b2600000, 0x00000000b2700000, 0x00000000b2700000|100%| E|CS|TAMS 0x00000000b2600000| PB 0x00000000b2600000| Complete 
| 807|0x00000000b2700000, 0x00000000b2800000, 0x00000000b2800000|100%| E|CS|TAMS 0x00000000b2700000| PB 0x00000000b2700000| Complete 
| 808|0x00000000b2800000, 0x00000000b2900000, 0x00000000b2900000|100%| E|CS|TAMS 0x00000000b2800000| PB 0x00000000b2800000| Complete 
| 809|0x00000000b2900000, 0x00000000b2a00000, 0x00000000b2a00000|100%| E|CS|TAMS 0x00000000b2900000| PB 0x00000000b2900000| Complete 
| 810|0x00000000b2a00000, 0x00000000b2b00000, 0x00000000b2b00000|100%| S|CS|TAMS 0x00000000b2a00000| PB 0x00000000b2a00000| Complete 
| 811|0x00000000b2b00000, 0x00000000b2c00000, 0x00000000b2c00000|100%| S|CS|TAMS 0x00000000b2b00000| PB 0x00000000b2b00000| Complete 
| 812|0x00000000b2c00000, 0x00000000b2d00000, 0x00000000b2d00000|100%| S|CS|TAMS 0x00000000b2c00000| PB 0x00000000b2c00000| Complete 
| 813|0x00000000b2d00000, 0x00000000b2e00000, 0x00000000b2e00000|100%| S|CS|TAMS 0x00000000b2d00000| PB 0x00000000b2d00000| Complete 
| 814|0x00000000b2e00000, 0x00000000b2f00000, 0x00000000b2f00000|100%| S|CS|TAMS 0x00000000b2e00000| PB 0x00000000b2e00000| Complete 
| 815|0x00000000b2f00000, 0x00000000b3000000, 0x00000000b3000000|100%| S|CS|TAMS 0x00000000b2f00000| PB 0x00000000b2f00000| Complete 
| 816|0x00000000b3000000, 0x00000000b3100000, 0x00000000b3100000|100%| S|CS|TAMS 0x00000000b3000000| PB 0x00000000b3000000| Complete 
| 817|0x00000000b3100000, 0x00000000b3200000, 0x00000000b3200000|100%| S|CS|TAMS 0x00000000b3100000| PB 0x00000000b3100000| Complete 
| 818|0x00000000b3200000, 0x00000000b3300000, 0x00000000b3300000|100%| S|CS|TAMS 0x00000000b3200000| PB 0x00000000b3200000| Complete 
| 819|0x00000000b3300000, 0x00000000b3400000, 0x00000000b3400000|100%| E|CS|TAMS 0x00000000b3300000| PB 0x00000000b3300000| Complete 
| 820|0x00000000b3400000, 0x00000000b3500000, 0x00000000b3500000|100%| E|CS|TAMS 0x00000000b3400000| PB 0x00000000b3400000| Complete 
| 821|0x00000000b3500000, 0x00000000b3600000, 0x00000000b3600000|100%| E|CS|TAMS 0x00000000b3500000| PB 0x00000000b3500000| Complete 
| 822|0x00000000b3600000, 0x00000000b3700000, 0x00000000b3700000|100%| E|CS|TAMS 0x00000000b3600000| PB 0x00000000b3600000| Complete 
| 823|0x00000000b3700000, 0x00000000b3800000, 0x00000000b3800000|100%| E|CS|TAMS 0x00000000b3700000| PB 0x00000000b3700000| Complete 
| 824|0x00000000b3800000, 0x00000000b3900000, 0x00000000b3900000|100%| E|CS|TAMS 0x00000000b3800000| PB 0x00000000b3800000| Complete 
| 825|0x00000000b3900000, 0x00000000b3a00000, 0x00000000b3a00000|100%| E|CS|TAMS 0x00000000b3900000| PB 0x00000000b3900000| Complete 
| 826|0x00000000b3a00000, 0x00000000b3b00000, 0x00000000b3b00000|100%| E|CS|TAMS 0x00000000b3a00000| PB 0x00000000b3a00000| Complete 
| 827|0x00000000b3b00000, 0x00000000b3c00000, 0x00000000b3c00000|100%| E|CS|TAMS 0x00000000b3b00000| PB 0x00000000b3b00000| Complete 
| 828|0x00000000b3c00000, 0x00000000b3d00000, 0x00000000b3d00000|100%| E|CS|TAMS 0x00000000b3c00000| PB 0x00000000b3c00000| Complete 
| 829|0x00000000b3d00000, 0x00000000b3e00000, 0x00000000b3e00000|100%| E|CS|TAMS 0x00000000b3d00000| PB 0x00000000b3d00000| Complete 
| 830|0x00000000b3e00000, 0x00000000b3f00000, 0x00000000b3f00000|100%| E|CS|TAMS 0x00000000b3e00000| PB 0x00000000b3e00000| Complete 
| 831|0x00000000b3f00000, 0x00000000b4000000, 0x00000000b4000000|100%| E|CS|TAMS 0x00000000b3f00000| PB 0x00000000b3f00000| Complete 
| 832|0x00000000b4000000, 0x00000000b4100000, 0x00000000b4100000|100%| E|CS|TAMS 0x00000000b4000000| PB 0x00000000b4000000| Complete 
| 833|0x00000000b4100000, 0x00000000b4200000, 0x00000000b4200000|100%| E|CS|TAMS 0x00000000b4100000| PB 0x00000000b4100000| Complete 
| 834|0x00000000b4200000, 0x00000000b4300000, 0x00000000b4300000|100%| E|CS|TAMS 0x00000000b4200000| PB 0x00000000b4200000| Complete 
| 835|0x00000000b4300000, 0x00000000b4400000, 0x00000000b4400000|100%| E|CS|TAMS 0x00000000b4300000| PB 0x00000000b4300000| Complete 
| 836|0x00000000b4400000, 0x00000000b4500000, 0x00000000b4500000|100%| E|CS|TAMS 0x00000000b4400000| PB 0x00000000b4400000| Complete 
| 837|0x00000000b4500000, 0x00000000b4600000, 0x00000000b4600000|100%| E|CS|TAMS 0x00000000b4500000| PB 0x00000000b4500000| Complete 
| 838|0x00000000b4600000, 0x00000000b4700000, 0x00000000b4700000|100%| E|CS|TAMS 0x00000000b4600000| PB 0x00000000b4600000| Complete 
| 839|0x00000000b4700000, 0x00000000b4800000, 0x00000000b4800000|100%| E|CS|TAMS 0x00000000b4700000| PB 0x00000000b4700000| Complete 
| 840|0x00000000b4800000, 0x00000000b4900000, 0x00000000b4900000|100%| E|CS|TAMS 0x00000000b4800000| PB 0x00000000b4800000| Complete 
| 841|0x00000000b4900000, 0x00000000b4a00000, 0x00000000b4a00000|100%| E|CS|TAMS 0x00000000b4900000| PB 0x00000000b4900000| Complete 
| 842|0x00000000b4a00000, 0x00000000b4b00000, 0x00000000b4b00000|100%| E|CS|TAMS 0x00000000b4a00000| PB 0x00000000b4a00000| Complete 
| 843|0x00000000b4b00000, 0x00000000b4c00000, 0x00000000b4c00000|100%| E|CS|TAMS 0x00000000b4b00000| PB 0x00000000b4b00000| Complete 
| 844|0x00000000b4c00000, 0x00000000b4d00000, 0x00000000b4d00000|100%| E|CS|TAMS 0x00000000b4c00000| PB 0x00000000b4c00000| Complete 
| 845|0x00000000b4d00000, 0x00000000b4e00000, 0x00000000b4e00000|100%| E|CS|TAMS 0x00000000b4d00000| PB 0x00000000b4d00000| Complete 
| 846|0x00000000b4e00000, 0x00000000b4f00000, 0x00000000b4f00000|100%| E|CS|TAMS 0x00000000b4e00000| PB 0x00000000b4e00000| Complete 
| 847|0x00000000b4f00000, 0x00000000b5000000, 0x00000000b5000000|100%| E|CS|TAMS 0x00000000b4f00000| PB 0x00000000b4f00000| Complete 
| 848|0x00000000b5000000, 0x00000000b5100000, 0x00000000b5100000|100%| E|CS|TAMS 0x00000000b5000000| PB 0x00000000b5000000| Complete 
| 849|0x00000000b5100000, 0x00000000b5200000, 0x00000000b5200000|100%| E|CS|TAMS 0x00000000b5100000| PB 0x00000000b5100000| Complete 
| 850|0x00000000b5200000, 0x00000000b5300000, 0x00000000b5300000|100%| E|CS|TAMS 0x00000000b5200000| PB 0x00000000b5200000| Complete 
| 851|0x00000000b5300000, 0x00000000b5400000, 0x00000000b5400000|100%| E|CS|TAMS 0x00000000b5300000| PB 0x00000000b5300000| Complete 
| 852|0x00000000b5400000, 0x00000000b5500000, 0x00000000b5500000|100%| E|CS|TAMS 0x00000000b5400000| PB 0x00000000b5400000| Complete 
| 853|0x00000000b5500000, 0x00000000b5600000, 0x00000000b5600000|100%| E|CS|TAMS 0x00000000b5500000| PB 0x00000000b5500000| Complete 
| 854|0x00000000b5600000, 0x00000000b5700000, 0x00000000b5700000|100%| E|CS|TAMS 0x00000000b5600000| PB 0x00000000b5600000| Complete 
| 855|0x00000000b5700000, 0x00000000b5800000, 0x00000000b5800000|100%| E|CS|TAMS 0x00000000b5700000| PB 0x00000000b5700000| Complete 
| 856|0x00000000b5800000, 0x00000000b5900000, 0x00000000b5900000|100%| E|CS|TAMS 0x00000000b5800000| PB 0x00000000b5800000| Complete 
| 857|0x00000000b5900000, 0x00000000b5a00000, 0x00000000b5a00000|100%| E|CS|TAMS 0x00000000b5900000| PB 0x00000000b5900000| Complete 
| 858|0x00000000b5a00000, 0x00000000b5b00000, 0x00000000b5b00000|100%| E|CS|TAMS 0x00000000b5a00000| PB 0x00000000b5a00000| Complete 
| 859|0x00000000b5b00000, 0x00000000b5c00000, 0x00000000b5c00000|100%| E|CS|TAMS 0x00000000b5b00000| PB 0x00000000b5b00000| Complete 
| 860|0x00000000b5c00000, 0x00000000b5d00000, 0x00000000b5d00000|100%| E|CS|TAMS 0x00000000b5c00000| PB 0x00000000b5c00000| Complete 
| 861|0x00000000b5d00000, 0x00000000b5e00000, 0x00000000b5e00000|100%| E|CS|TAMS 0x00000000b5d00000| PB 0x00000000b5d00000| Complete 
| 862|0x00000000b5e00000, 0x00000000b5f00000, 0x00000000b5f00000|100%| E|CS|TAMS 0x00000000b5e00000| PB 0x00000000b5e00000| Complete 
| 863|0x00000000b5f00000, 0x00000000b6000000, 0x00000000b6000000|100%| E|CS|TAMS 0x00000000b5f00000| PB 0x00000000b5f00000| Complete 
| 864|0x00000000b6000000, 0x00000000b6100000, 0x00000000b6100000|100%| E|CS|TAMS 0x00000000b6000000| PB 0x00000000b6000000| Complete 
| 865|0x00000000b6100000, 0x00000000b6200000, 0x00000000b6200000|100%| E|CS|TAMS 0x00000000b6100000| PB 0x00000000b6100000| Complete 
| 866|0x00000000b6200000, 0x00000000b6300000, 0x00000000b6300000|100%| E|CS|TAMS 0x00000000b6200000| PB 0x00000000b6200000| Complete 
| 867|0x00000000b6300000, 0x00000000b6400000, 0x00000000b6400000|100%| E|CS|TAMS 0x00000000b6300000| PB 0x00000000b6300000| Complete 
| 868|0x00000000b6400000, 0x00000000b6500000, 0x00000000b6500000|100%| E|CS|TAMS 0x00000000b6400000| PB 0x00000000b6400000| Complete 
| 869|0x00000000b6500000, 0x00000000b6600000, 0x00000000b6600000|100%| E|CS|TAMS 0x00000000b6500000| PB 0x00000000b6500000| Complete 
| 870|0x00000000b6600000, 0x00000000b6700000, 0x00000000b6700000|100%| E|CS|TAMS 0x00000000b6600000| PB 0x00000000b6600000| Complete 
| 871|0x00000000b6700000, 0x00000000b6800000, 0x00000000b6800000|100%| E|CS|TAMS 0x00000000b6700000| PB 0x00000000b6700000| Complete 
| 872|0x00000000b6800000, 0x00000000b6900000, 0x00000000b6900000|100%| E|CS|TAMS 0x00000000b6800000| PB 0x00000000b6800000| Complete 
| 873|0x00000000b6900000, 0x00000000b6a00000, 0x00000000b6a00000|100%| E|CS|TAMS 0x00000000b6900000| PB 0x00000000b6900000| Complete 
| 874|0x00000000b6a00000, 0x00000000b6b00000, 0x00000000b6b00000|100%| E|CS|TAMS 0x00000000b6a00000| PB 0x00000000b6a00000| Complete 
| 875|0x00000000b6b00000, 0x00000000b6c00000, 0x00000000b6c00000|100%| E|CS|TAMS 0x00000000b6b00000| PB 0x00000000b6b00000| Complete 
| 876|0x00000000b6c00000, 0x00000000b6d00000, 0x00000000b6d00000|100%| E|CS|TAMS 0x00000000b6c00000| PB 0x00000000b6c00000| Complete 
| 877|0x00000000b6d00000, 0x00000000b6e00000, 0x00000000b6e00000|100%| E|CS|TAMS 0x00000000b6d00000| PB 0x00000000b6d00000| Complete 
| 878|0x00000000b6e00000, 0x00000000b6f00000, 0x00000000b6f00000|100%| E|CS|TAMS 0x00000000b6e00000| PB 0x00000000b6e00000| Complete 
| 879|0x00000000b6f00000, 0x00000000b7000000, 0x00000000b7000000|100%| E|CS|TAMS 0x00000000b6f00000| PB 0x00000000b6f00000| Complete 
| 880|0x00000000b7000000, 0x00000000b7100000, 0x00000000b7100000|100%| E|CS|TAMS 0x00000000b7000000| PB 0x00000000b7000000| Complete 
| 881|0x00000000b7100000, 0x00000000b7200000, 0x00000000b7200000|100%| E|CS|TAMS 0x00000000b7100000| PB 0x00000000b7100000| Complete 
| 882|0x00000000b7200000, 0x00000000b7300000, 0x00000000b7300000|100%| E|CS|TAMS 0x00000000b7200000| PB 0x00000000b7200000| Complete 
| 883|0x00000000b7300000, 0x00000000b7400000, 0x00000000b7400000|100%| E|CS|TAMS 0x00000000b7300000| PB 0x00000000b7300000| Complete 
| 884|0x00000000b7400000, 0x00000000b7500000, 0x00000000b7500000|100%| E|CS|TAMS 0x00000000b7400000| PB 0x00000000b7400000| Complete 
| 885|0x00000000b7500000, 0x00000000b7600000, 0x00000000b7600000|100%| E|CS|TAMS 0x00000000b7500000| PB 0x00000000b7500000| Complete 
| 886|0x00000000b7600000, 0x00000000b7700000, 0x00000000b7700000|100%| E|CS|TAMS 0x00000000b7600000| PB 0x00000000b7600000| Complete 
| 887|0x00000000b7700000, 0x00000000b7800000, 0x00000000b7800000|100%| E|CS|TAMS 0x00000000b7700000| PB 0x00000000b7700000| Complete 
| 888|0x00000000b7800000, 0x00000000b7900000, 0x00000000b7900000|100%| E|CS|TAMS 0x00000000b7800000| PB 0x00000000b7800000| Complete 
| 889|0x00000000b7900000, 0x00000000b7a00000, 0x00000000b7a00000|100%| E|CS|TAMS 0x00000000b7900000| PB 0x00000000b7900000| Complete 
| 890|0x00000000b7a00000, 0x00000000b7b00000, 0x00000000b7b00000|100%| E|CS|TAMS 0x00000000b7a00000| PB 0x00000000b7a00000| Complete 
| 891|0x00000000b7b00000, 0x00000000b7c00000, 0x00000000b7c00000|100%| E|CS|TAMS 0x00000000b7b00000| PB 0x00000000b7b00000| Complete 
| 892|0x00000000b7c00000, 0x00000000b7d00000, 0x00000000b7d00000|100%| E|CS|TAMS 0x00000000b7c00000| PB 0x00000000b7c00000| Complete 
| 893|0x00000000b7d00000, 0x00000000b7e00000, 0x00000000b7e00000|100%| E|CS|TAMS 0x00000000b7d00000| PB 0x00000000b7d00000| Complete 
| 894|0x00000000b7e00000, 0x00000000b7f00000, 0x00000000b7f00000|100%| E|CS|TAMS 0x00000000b7e00000| PB 0x00000000b7e00000| Complete 
| 895|0x00000000b7f00000, 0x00000000b8000000, 0x00000000b8000000|100%| E|CS|TAMS 0x00000000b7f00000| PB 0x00000000b7f00000| Complete 
| 896|0x00000000b8000000, 0x00000000b8100000, 0x00000000b8100000|100%| E|CS|TAMS 0x00000000b8000000| PB 0x00000000b8000000| Complete 
| 897|0x00000000b8100000, 0x00000000b8200000, 0x00000000b8200000|100%| E|CS|TAMS 0x00000000b8100000| PB 0x00000000b8100000| Complete 
| 898|0x00000000b8200000, 0x00000000b8300000, 0x00000000b8300000|100%| E|CS|TAMS 0x00000000b8200000| PB 0x00000000b8200000| Complete 
| 899|0x00000000b8300000, 0x00000000b8400000, 0x00000000b8400000|100%| E|CS|TAMS 0x00000000b8300000| PB 0x00000000b8300000| Complete 
| 900|0x00000000b8400000, 0x00000000b8500000, 0x00000000b8500000|100%| E|CS|TAMS 0x00000000b8400000| PB 0x00000000b8400000| Complete 
| 901|0x00000000b8500000, 0x00000000b8600000, 0x00000000b8600000|100%| E|CS|TAMS 0x00000000b8500000| PB 0x00000000b8500000| Complete 
| 902|0x00000000b8600000, 0x00000000b8700000, 0x00000000b8700000|100%| E|CS|TAMS 0x00000000b8600000| PB 0x00000000b8600000| Complete 
| 903|0x00000000b8700000, 0x00000000b8800000, 0x00000000b8800000|100%| E|CS|TAMS 0x00000000b8700000| PB 0x00000000b8700000| Complete 
| 904|0x00000000b8800000, 0x00000000b8900000, 0x00000000b8900000|100%| E|CS|TAMS 0x00000000b8800000| PB 0x00000000b8800000| Complete 
| 905|0x00000000b8900000, 0x00000000b8a00000, 0x00000000b8a00000|100%| E|CS|TAMS 0x00000000b8900000| PB 0x00000000b8900000| Complete 
| 906|0x00000000b8a00000, 0x00000000b8b00000, 0x00000000b8b00000|100%| E|CS|TAMS 0x00000000b8a00000| PB 0x00000000b8a00000| Complete 
| 907|0x00000000b8b00000, 0x00000000b8c00000, 0x00000000b8c00000|100%| E|CS|TAMS 0x00000000b8b00000| PB 0x00000000b8b00000| Complete 
| 908|0x00000000b8c00000, 0x00000000b8d00000, 0x00000000b8d00000|100%| E|CS|TAMS 0x00000000b8c00000| PB 0x00000000b8c00000| Complete 
| 909|0x00000000b8d00000, 0x00000000b8e00000, 0x00000000b8e00000|100%| E|CS|TAMS 0x00000000b8d00000| PB 0x00000000b8d00000| Complete 
| 910|0x00000000b8e00000, 0x00000000b8f00000, 0x00000000b8f00000|100%| E|CS|TAMS 0x00000000b8e00000| PB 0x00000000b8e00000| Complete 
| 911|0x00000000b8f00000, 0x00000000b9000000, 0x00000000b9000000|100%| E|CS|TAMS 0x00000000b8f00000| PB 0x00000000b8f00000| Complete 
| 912|0x00000000b9000000, 0x00000000b9100000, 0x00000000b9100000|100%| E|CS|TAMS 0x00000000b9000000| PB 0x00000000b9000000| Complete 
| 913|0x00000000b9100000, 0x00000000b9200000, 0x00000000b9200000|100%| E|CS|TAMS 0x00000000b9100000| PB 0x00000000b9100000| Complete 
| 914|0x00000000b9200000, 0x00000000b9300000, 0x00000000b9300000|100%| E|CS|TAMS 0x00000000b9200000| PB 0x00000000b9200000| Complete 
| 915|0x00000000b9300000, 0x00000000b9400000, 0x00000000b9400000|100%| E|CS|TAMS 0x00000000b9300000| PB 0x00000000b9300000| Complete 
| 916|0x00000000b9400000, 0x00000000b9500000, 0x00000000b9500000|100%| E|CS|TAMS 0x00000000b9400000| PB 0x00000000b9400000| Complete 
| 917|0x00000000b9500000, 0x00000000b9600000, 0x00000000b9600000|100%| E|CS|TAMS 0x00000000b9500000| PB 0x00000000b9500000| Complete 
| 918|0x00000000b9600000, 0x00000000b9700000, 0x00000000b9700000|100%| E|CS|TAMS 0x00000000b9600000| PB 0x00000000b9600000| Complete 
| 919|0x00000000b9700000, 0x00000000b9800000, 0x00000000b9800000|100%| E|CS|TAMS 0x00000000b9700000| PB 0x00000000b9700000| Complete 
| 920|0x00000000b9800000, 0x00000000b9900000, 0x00000000b9900000|100%| E|CS|TAMS 0x00000000b9800000| PB 0x00000000b9800000| Complete 
| 921|0x00000000b9900000, 0x00000000b9a00000, 0x00000000b9a00000|100%| E|CS|TAMS 0x00000000b9900000| PB 0x00000000b9900000| Complete 
| 922|0x00000000b9a00000, 0x00000000b9b00000, 0x00000000b9b00000|100%| E|CS|TAMS 0x00000000b9a00000| PB 0x00000000b9a00000| Complete 
| 923|0x00000000b9b00000, 0x00000000b9c00000, 0x00000000b9c00000|100%| E|CS|TAMS 0x00000000b9b00000| PB 0x00000000b9b00000| Complete 
| 924|0x00000000b9c00000, 0x00000000b9d00000, 0x00000000b9d00000|100%| E|CS|TAMS 0x00000000b9c00000| PB 0x00000000b9c00000| Complete 
| 925|0x00000000b9d00000, 0x00000000b9e00000, 0x00000000b9e00000|100%| E|CS|TAMS 0x00000000b9d00000| PB 0x00000000b9d00000| Complete 
| 926|0x00000000b9e00000, 0x00000000b9f00000, 0x00000000b9f00000|100%| E|CS|TAMS 0x00000000b9e00000| PB 0x00000000b9e00000| Complete 
| 927|0x00000000b9f00000, 0x00000000ba000000, 0x00000000ba000000|100%| E|CS|TAMS 0x00000000b9f00000| PB 0x00000000b9f00000| Complete 
| 928|0x00000000ba000000, 0x00000000ba100000, 0x00000000ba100000|100%| E|CS|TAMS 0x00000000ba000000| PB 0x00000000ba000000| Complete 
| 929|0x00000000ba100000, 0x00000000ba200000, 0x00000000ba200000|100%| E|CS|TAMS 0x00000000ba100000| PB 0x00000000ba100000| Complete 
| 930|0x00000000ba200000, 0x00000000ba300000, 0x00000000ba300000|100%| E|CS|TAMS 0x00000000ba200000| PB 0x00000000ba200000| Complete 
| 931|0x00000000ba300000, 0x00000000ba400000, 0x00000000ba400000|100%| E|CS|TAMS 0x00000000ba300000| PB 0x00000000ba300000| Complete 
| 932|0x00000000ba400000, 0x00000000ba500000, 0x00000000ba500000|100%| E|CS|TAMS 0x00000000ba400000| PB 0x00000000ba400000| Complete 
| 933|0x00000000ba500000, 0x00000000ba600000, 0x00000000ba600000|100%| E|CS|TAMS 0x00000000ba500000| PB 0x00000000ba500000| Complete 
| 934|0x00000000ba600000, 0x00000000ba700000, 0x00000000ba700000|100%| E|CS|TAMS 0x00000000ba600000| PB 0x00000000ba600000| Complete 
| 935|0x00000000ba700000, 0x00000000ba800000, 0x00000000ba800000|100%| E|CS|TAMS 0x00000000ba700000| PB 0x00000000ba700000| Complete 
| 936|0x00000000ba800000, 0x00000000ba900000, 0x00000000ba900000|100%| E|CS|TAMS 0x00000000ba800000| PB 0x00000000ba800000| Complete 
| 937|0x00000000ba900000, 0x00000000baa00000, 0x00000000baa00000|100%| E|CS|TAMS 0x00000000ba900000| PB 0x00000000ba900000| Complete 
| 938|0x00000000baa00000, 0x00000000bab00000, 0x00000000bab00000|100%| E|CS|TAMS 0x00000000baa00000| PB 0x00000000baa00000| Complete 
| 939|0x00000000bab00000, 0x00000000bac00000, 0x00000000bac00000|100%| E|CS|TAMS 0x00000000bab00000| PB 0x00000000bab00000| Complete 
| 940|0x00000000bac00000, 0x00000000bad00000, 0x00000000bad00000|100%| E|CS|TAMS 0x00000000bac00000| PB 0x00000000bac00000| Complete 
| 941|0x00000000bad00000, 0x00000000bae00000, 0x00000000bae00000|100%| E|CS|TAMS 0x00000000bad00000| PB 0x00000000bad00000| Complete 
| 942|0x00000000bae00000, 0x00000000baf00000, 0x00000000baf00000|100%| E|CS|TAMS 0x00000000bae00000| PB 0x00000000bae00000| Complete 
| 943|0x00000000baf00000, 0x00000000bb000000, 0x00000000bb000000|100%| E|CS|TAMS 0x00000000baf00000| PB 0x00000000baf00000| Complete 
| 944|0x00000000bb000000, 0x00000000bb100000, 0x00000000bb100000|100%| E|CS|TAMS 0x00000000bb000000| PB 0x00000000bb000000| Complete 
| 945|0x00000000bb100000, 0x00000000bb200000, 0x00000000bb200000|100%| E|CS|TAMS 0x00000000bb100000| PB 0x00000000bb100000| Complete 
| 946|0x00000000bb200000, 0x00000000bb300000, 0x00000000bb300000|100%| E|CS|TAMS 0x00000000bb200000| PB 0x00000000bb200000| Complete 
| 947|0x00000000bb300000, 0x00000000bb400000, 0x00000000bb400000|100%| E|CS|TAMS 0x00000000bb300000| PB 0x00000000bb300000| Complete 
| 948|0x00000000bb400000, 0x00000000bb500000, 0x00000000bb500000|100%| E|CS|TAMS 0x00000000bb400000| PB 0x00000000bb400000| Complete 
| 949|0x00000000bb500000, 0x00000000bb600000, 0x00000000bb600000|100%| E|CS|TAMS 0x00000000bb500000| PB 0x00000000bb500000| Complete 
| 950|0x00000000bb600000, 0x00000000bb700000, 0x00000000bb700000|100%| E|CS|TAMS 0x00000000bb600000| PB 0x00000000bb600000| Complete 
| 951|0x00000000bb700000, 0x00000000bb800000, 0x00000000bb800000|100%| E|CS|TAMS 0x00000000bb700000| PB 0x00000000bb700000| Complete 
| 952|0x00000000bb800000, 0x00000000bb900000, 0x00000000bb900000|100%| E|CS|TAMS 0x00000000bb800000| PB 0x00000000bb800000| Complete 
| 953|0x00000000bb900000, 0x00000000bba00000, 0x00000000bba00000|100%| E|CS|TAMS 0x00000000bb900000| PB 0x00000000bb900000| Complete 
| 954|0x00000000bba00000, 0x00000000bbb00000, 0x00000000bbb00000|100%| E|CS|TAMS 0x00000000bba00000| PB 0x00000000bba00000| Complete 
| 955|0x00000000bbb00000, 0x00000000bbc00000, 0x00000000bbc00000|100%| E|CS|TAMS 0x00000000bbb00000| PB 0x00000000bbb00000| Complete 
| 956|0x00000000bbc00000, 0x00000000bbd00000, 0x00000000bbd00000|100%| E|CS|TAMS 0x00000000bbc00000| PB 0x00000000bbc00000| Complete 
| 957|0x00000000bbd00000, 0x00000000bbe00000, 0x00000000bbe00000|100%| E|CS|TAMS 0x00000000bbd00000| PB 0x00000000bbd00000| Complete 
| 958|0x00000000bbe00000, 0x00000000bbf00000, 0x00000000bbf00000|100%| E|CS|TAMS 0x00000000bbe00000| PB 0x00000000bbe00000| Complete 
| 959|0x00000000bbf00000, 0x00000000bc000000, 0x00000000bc000000|100%| E|CS|TAMS 0x00000000bbf00000| PB 0x00000000bbf00000| Complete 
| 960|0x00000000bc000000, 0x00000000bc100000, 0x00000000bc100000|100%| E|CS|TAMS 0x00000000bc000000| PB 0x00000000bc000000| Complete 
| 961|0x00000000bc100000, 0x00000000bc200000, 0x00000000bc200000|100%| E|CS|TAMS 0x00000000bc100000| PB 0x00000000bc100000| Complete 
| 962|0x00000000bc200000, 0x00000000bc300000, 0x00000000bc300000|100%| E|CS|TAMS 0x00000000bc200000| PB 0x00000000bc200000| Complete 
| 963|0x00000000bc300000, 0x00000000bc400000, 0x00000000bc400000|100%| E|CS|TAMS 0x00000000bc300000| PB 0x00000000bc300000| Complete 
| 964|0x00000000bc400000, 0x00000000bc500000, 0x00000000bc500000|100%| E|CS|TAMS 0x00000000bc400000| PB 0x00000000bc400000| Complete 
| 965|0x00000000bc500000, 0x00000000bc600000, 0x00000000bc600000|100%| E|CS|TAMS 0x00000000bc500000| PB 0x00000000bc500000| Complete 
| 966|0x00000000bc600000, 0x00000000bc700000, 0x00000000bc700000|100%| E|CS|TAMS 0x00000000bc600000| PB 0x00000000bc600000| Complete 
| 967|0x00000000bc700000, 0x00000000bc800000, 0x00000000bc800000|100%| E|CS|TAMS 0x00000000bc700000| PB 0x00000000bc700000| Complete 
| 968|0x00000000bc800000, 0x00000000bc900000, 0x00000000bc900000|100%| E|CS|TAMS 0x00000000bc800000| PB 0x00000000bc800000| Complete 
| 969|0x00000000bc900000, 0x00000000bca00000, 0x00000000bca00000|100%| E|CS|TAMS 0x00000000bc900000| PB 0x00000000bc900000| Complete 
| 970|0x00000000bca00000, 0x00000000bcb00000, 0x00000000bcb00000|100%| E|CS|TAMS 0x00000000bca00000| PB 0x00000000bca00000| Complete 
| 971|0x00000000bcb00000, 0x00000000bcc00000, 0x00000000bcc00000|100%| E|CS|TAMS 0x00000000bcb00000| PB 0x00000000bcb00000| Complete 
| 972|0x00000000bcc00000, 0x00000000bcd00000, 0x00000000bcd00000|100%| E|CS|TAMS 0x00000000bcc00000| PB 0x00000000bcc00000| Complete 
| 973|0x00000000bcd00000, 0x00000000bce00000, 0x00000000bce00000|100%| E|CS|TAMS 0x00000000bcd00000| PB 0x00000000bcd00000| Complete 
| 974|0x00000000bce00000, 0x00000000bcf00000, 0x00000000bcf00000|100%| E|CS|TAMS 0x00000000bce00000| PB 0x00000000bce00000| Complete 
| 975|0x00000000bcf00000, 0x00000000bd000000, 0x00000000bd000000|100%| E|CS|TAMS 0x00000000bcf00000| PB 0x00000000bcf00000| Complete 
| 976|0x00000000bd000000, 0x00000000bd100000, 0x00000000bd100000|100%| E|CS|TAMS 0x00000000bd000000| PB 0x00000000bd000000| Complete 
| 977|0x00000000bd100000, 0x00000000bd200000, 0x00000000bd200000|100%| E|CS|TAMS 0x00000000bd100000| PB 0x00000000bd100000| Complete 
| 978|0x00000000bd200000, 0x00000000bd300000, 0x00000000bd300000|100%| E|CS|TAMS 0x00000000bd200000| PB 0x00000000bd200000| Complete 
| 979|0x00000000bd300000, 0x00000000bd400000, 0x00000000bd400000|100%| E|CS|TAMS 0x00000000bd300000| PB 0x00000000bd300000| Complete 
| 980|0x00000000bd400000, 0x00000000bd500000, 0x00000000bd500000|100%| E|CS|TAMS 0x00000000bd400000| PB 0x00000000bd400000| Complete 
| 981|0x00000000bd500000, 0x00000000bd600000, 0x00000000bd600000|100%| E|CS|TAMS 0x00000000bd500000| PB 0x00000000bd500000| Complete 
| 982|0x00000000bd600000, 0x00000000bd700000, 0x00000000bd700000|100%| E|CS|TAMS 0x00000000bd600000| PB 0x00000000bd600000| Complete 
| 983|0x00000000bd700000, 0x00000000bd800000, 0x00000000bd800000|100%| E|CS|TAMS 0x00000000bd700000| PB 0x00000000bd700000| Complete 
| 984|0x00000000bd800000, 0x00000000bd900000, 0x00000000bd900000|100%| E|CS|TAMS 0x00000000bd800000| PB 0x00000000bd800000| Complete 
| 985|0x00000000bd900000, 0x00000000bda00000, 0x00000000bda00000|100%| E|CS|TAMS 0x00000000bd900000| PB 0x00000000bd900000| Complete 
| 986|0x00000000bda00000, 0x00000000bdb00000, 0x00000000bdb00000|100%| E|CS|TAMS 0x00000000bda00000| PB 0x00000000bda00000| Complete 
| 987|0x00000000bdb00000, 0x00000000bdc00000, 0x00000000bdc00000|100%| E|CS|TAMS 0x00000000bdb00000| PB 0x00000000bdb00000| Complete 
| 988|0x00000000bdc00000, 0x00000000bdd00000, 0x00000000bdd00000|100%| E|CS|TAMS 0x00000000bdc00000| PB 0x00000000bdc00000| Complete 
| 989|0x00000000bdd00000, 0x00000000bde00000, 0x00000000bde00000|100%| E|CS|TAMS 0x00000000bdd00000| PB 0x00000000bdd00000| Complete 
| 990|0x00000000bde00000, 0x00000000bdf00000, 0x00000000bdf00000|100%| E|CS|TAMS 0x00000000bde00000| PB 0x00000000bde00000| Complete 
| 991|0x00000000bdf00000, 0x00000000be000000, 0x00000000be000000|100%| E|CS|TAMS 0x00000000bdf00000| PB 0x00000000bdf00000| Complete 
| 992|0x00000000be000000, 0x00000000be100000, 0x00000000be100000|100%| E|CS|TAMS 0x00000000be000000| PB 0x00000000be000000| Complete 
| 993|0x00000000be100000, 0x00000000be200000, 0x00000000be200000|100%| E|CS|TAMS 0x00000000be100000| PB 0x00000000be100000| Complete 
| 994|0x00000000be200000, 0x00000000be300000, 0x00000000be300000|100%| E|CS|TAMS 0x00000000be200000| PB 0x00000000be200000| Complete 
| 995|0x00000000be300000, 0x00000000be400000, 0x00000000be400000|100%| E|CS|TAMS 0x00000000be300000| PB 0x00000000be300000| Complete 
| 996|0x00000000be400000, 0x00000000be500000, 0x00000000be500000|100%| E|CS|TAMS 0x00000000be400000| PB 0x00000000be400000| Complete 
| 997|0x00000000be500000, 0x00000000be600000, 0x00000000be600000|100%| E|CS|TAMS 0x00000000be500000| PB 0x00000000be500000| Complete 
| 998|0x00000000be600000, 0x00000000be700000, 0x00000000be700000|100%| E|CS|TAMS 0x00000000be600000| PB 0x00000000be600000| Complete 
| 999|0x00000000be700000, 0x00000000be800000, 0x00000000be800000|100%| E|CS|TAMS 0x00000000be700000| PB 0x00000000be700000| Complete 
|1000|0x00000000be800000, 0x00000000be900000, 0x00000000be900000|100%| E|CS|TAMS 0x00000000be800000| PB 0x00000000be800000| Complete 
|1001|0x00000000be900000, 0x00000000bea00000, 0x00000000bea00000|100%| E|CS|TAMS 0x00000000be900000| PB 0x00000000be900000| Complete 
|1002|0x00000000bea00000, 0x00000000beb00000, 0x00000000beb00000|100%| E|CS|TAMS 0x00000000bea00000| PB 0x00000000bea00000| Complete 
|1003|0x00000000beb00000, 0x00000000bec00000, 0x00000000bec00000|100%| E|CS|TAMS 0x00000000beb00000| PB 0x00000000beb00000| Complete 
|1004|0x00000000bec00000, 0x00000000bed00000, 0x00000000bed00000|100%| E|CS|TAMS 0x00000000bec00000| PB 0x00000000bec00000| Complete 
|1005|0x00000000bed00000, 0x00000000bee00000, 0x00000000bee00000|100%| E|CS|TAMS 0x00000000bed00000| PB 0x00000000bed00000| Complete 
|1006|0x00000000bee00000, 0x00000000bef00000, 0x00000000bef00000|100%| E|CS|TAMS 0x00000000bee00000| PB 0x00000000bee00000| Complete 
|1007|0x00000000bef00000, 0x00000000bf000000, 0x00000000bf000000|100%| E|CS|TAMS 0x00000000bef00000| PB 0x00000000bef00000| Complete 
|1008|0x00000000bf000000, 0x00000000bf100000, 0x00000000bf100000|100%| E|CS|TAMS 0x00000000bf000000| PB 0x00000000bf000000| Complete 
|1009|0x00000000bf100000, 0x00000000bf200000, 0x00000000bf200000|100%| E|CS|TAMS 0x00000000bf100000| PB 0x00000000bf100000| Complete 
|1010|0x00000000bf200000, 0x00000000bf300000, 0x00000000bf300000|100%| E|CS|TAMS 0x00000000bf200000| PB 0x00000000bf200000| Complete 
|1011|0x00000000bf300000, 0x00000000bf400000, 0x00000000bf400000|100%| E|CS|TAMS 0x00000000bf300000| PB 0x00000000bf300000| Complete 
|1012|0x00000000bf400000, 0x00000000bf500000, 0x00000000bf500000|100%| E|CS|TAMS 0x00000000bf400000| PB 0x00000000bf400000| Complete 
|1013|0x00000000bf500000, 0x00000000bf600000, 0x00000000bf600000|100%| E|CS|TAMS 0x00000000bf500000| PB 0x00000000bf500000| Complete 
|1014|0x00000000bf600000, 0x00000000bf700000, 0x00000000bf700000|100%| E|CS|TAMS 0x00000000bf600000| PB 0x00000000bf600000| Complete 
|1015|0x00000000bf700000, 0x00000000bf800000, 0x00000000bf800000|100%| E|CS|TAMS 0x00000000bf700000| PB 0x00000000bf700000| Complete 
|1016|0x00000000bf800000, 0x00000000bf900000, 0x00000000bf900000|100%| E|CS|TAMS 0x00000000bf800000| PB 0x00000000bf800000| Complete 
|1017|0x00000000bf900000, 0x00000000bfa00000, 0x00000000bfa00000|100%| E|CS|TAMS 0x00000000bf900000| PB 0x00000000bf900000| Complete 
|1018|0x00000000bfa00000, 0x00000000bfb00000, 0x00000000bfb00000|100%| E|CS|TAMS 0x00000000bfa00000| PB 0x00000000bfa00000| Complete 
|1019|0x00000000bfb00000, 0x00000000bfc00000, 0x00000000bfc00000|100%| E|CS|TAMS 0x00000000bfb00000| PB 0x00000000bfb00000| Complete 
|1020|0x00000000bfc00000, 0x00000000bfd00000, 0x00000000bfd00000|100%| E|CS|TAMS 0x00000000bfc00000| PB 0x00000000bfc00000| Complete 
|1021|0x00000000bfd00000, 0x00000000bfe00000, 0x00000000bfe00000|100%| E|CS|TAMS 0x00000000bfd00000| PB 0x00000000bfd00000| Complete 
|1022|0x00000000bfe00000, 0x00000000bff00000, 0x00000000bff00000|100%| E|CS|TAMS 0x00000000bfe00000| PB 0x00000000bfe00000| Complete 
|1023|0x00000000bff00000, 0x00000000c0000000, 0x00000000c0000000|100%| E|CS|TAMS 0x00000000bff00000| PB 0x00000000bff00000| Complete 
|1024|0x00000000c0000000, 0x00000000c0100000, 0x00000000c0100000|100%| E|CS|TAMS 0x00000000c0000000| PB 0x00000000c0000000| Complete 
|1025|0x00000000c0100000, 0x00000000c0200000, 0x00000000c0200000|100%| E|CS|TAMS 0x00000000c0100000| PB 0x00000000c0100000| Complete 
|1026|0x00000000c0200000, 0x00000000c0300000, 0x00000000c0300000|100%| E|CS|TAMS 0x00000000c0200000| PB 0x00000000c0200000| Complete 
|1027|0x00000000c0300000, 0x00000000c0400000, 0x00000000c0400000|100%| E|CS|TAMS 0x00000000c0300000| PB 0x00000000c0300000| Complete 
|1028|0x00000000c0400000, 0x00000000c0500000, 0x00000000c0500000|100%| E|CS|TAMS 0x00000000c0400000| PB 0x00000000c0400000| Complete 
|1029|0x00000000c0500000, 0x00000000c0600000, 0x00000000c0600000|100%| E|CS|TAMS 0x00000000c0500000| PB 0x00000000c0500000| Complete 
|1030|0x00000000c0600000, 0x00000000c0700000, 0x00000000c0700000|100%| E|CS|TAMS 0x00000000c0600000| PB 0x00000000c0600000| Complete 
|1031|0x00000000c0700000, 0x00000000c0800000, 0x00000000c0800000|100%| E|CS|TAMS 0x00000000c0700000| PB 0x00000000c0700000| Complete 
|1032|0x00000000c0800000, 0x00000000c0900000, 0x00000000c0900000|100%| E|CS|TAMS 0x00000000c0800000| PB 0x00000000c0800000| Complete 
|1033|0x00000000c0900000, 0x00000000c0a00000, 0x00000000c0a00000|100%| E|CS|TAMS 0x00000000c0900000| PB 0x00000000c0900000| Complete 
|1034|0x00000000c0a00000, 0x00000000c0b00000, 0x00000000c0b00000|100%| E|CS|TAMS 0x00000000c0a00000| PB 0x00000000c0a00000| Complete 
|1035|0x00000000c0b00000, 0x00000000c0c00000, 0x00000000c0c00000|100%| E|CS|TAMS 0x00000000c0b00000| PB 0x00000000c0b00000| Complete 
|1036|0x00000000c0c00000, 0x00000000c0d00000, 0x00000000c0d00000|100%| E|CS|TAMS 0x00000000c0c00000| PB 0x00000000c0c00000| Complete 
|2013|0x00000000fdd00000, 0x00000000fde00000, 0x00000000fde00000|100%| E|CS|TAMS 0x00000000fdd00000| PB 0x00000000fdd00000| Complete 
|2014|0x00000000fde00000, 0x00000000fdf00000, 0x00000000fdf00000|100%| E|CS|TAMS 0x00000000fde00000| PB 0x00000000fde00000| Complete 
|2015|0x00000000fdf00000, 0x00000000fe000000, 0x00000000fe000000|100%| E|CS|TAMS 0x00000000fdf00000| PB 0x00000000fdf00000| Complete 
|2016|0x00000000fe000000, 0x00000000fe100000, 0x00000000fe100000|100%| E|CS|TAMS 0x00000000fe000000| PB 0x00000000fe000000| Complete 
|2017|0x00000000fe100000, 0x00000000fe200000, 0x00000000fe200000|100%| E|CS|TAMS 0x00000000fe100000| PB 0x00000000fe100000| Complete 
|2018|0x00000000fe200000, 0x00000000fe300000, 0x00000000fe300000|100%| E|CS|TAMS 0x00000000fe200000| PB 0x00000000fe200000| Complete 
|2019|0x00000000fe300000, 0x00000000fe400000, 0x00000000fe400000|100%| E|CS|TAMS 0x00000000fe300000| PB 0x00000000fe300000| Complete 
|2020|0x00000000fe400000, 0x00000000fe500000, 0x00000000fe500000|100%| E|CS|TAMS 0x00000000fe400000| PB 0x00000000fe400000| Complete 
|2021|0x00000000fe500000, 0x00000000fe600000, 0x00000000fe600000|100%| E|CS|TAMS 0x00000000fe500000| PB 0x00000000fe500000| Complete 
|2022|0x00000000fe600000, 0x00000000fe700000, 0x00000000fe700000|100%| E|CS|TAMS 0x00000000fe600000| PB 0x00000000fe600000| Complete 
|2023|0x00000000fe700000, 0x00000000fe800000, 0x00000000fe800000|100%| E|CS|TAMS 0x00000000fe700000| PB 0x00000000fe700000| Complete 
|2024|0x00000000fe800000, 0x00000000fe900000, 0x00000000fe900000|100%| E|CS|TAMS 0x00000000fe800000| PB 0x00000000fe800000| Complete 
|2025|0x00000000fe900000, 0x00000000fea00000, 0x00000000fea00000|100%| E|CS|TAMS 0x00000000fe900000| PB 0x00000000fe900000| Complete 
|2026|0x00000000fea00000, 0x00000000feb00000, 0x00000000feb00000|100%| E|CS|TAMS 0x00000000fea00000| PB 0x00000000fea00000| Complete 
|2027|0x00000000feb00000, 0x00000000fec00000, 0x00000000fec00000|100%| E|CS|TAMS 0x00000000feb00000| PB 0x00000000feb00000| Complete 
|2028|0x00000000fec00000, 0x00000000fed00000, 0x00000000fed00000|100%| E|CS|TAMS 0x00000000fec00000| PB 0x00000000fec00000| Complete 
|2029|0x00000000fed00000, 0x00000000fee00000, 0x00000000fee00000|100%| E|CS|TAMS 0x00000000fed00000| PB 0x00000000fed00000| Complete 
|2030|0x00000000fee00000, 0x00000000fef00000, 0x00000000fef00000|100%| E|CS|TAMS 0x00000000fee00000| PB 0x00000000fee00000| Complete 
|2031|0x00000000fef00000, 0x00000000ff000000, 0x00000000ff000000|100%| E|CS|TAMS 0x00000000fef00000| PB 0x00000000fef00000| Complete 
|2032|0x00000000ff000000, 0x00000000ff100000, 0x00000000ff100000|100%| O|  |TAMS 0x00000000ff000000| PB 0x00000000ff000000| Untracked 
|2033|0x00000000ff100000, 0x00000000ff200000, 0x00000000ff200000|100%| E|CS|TAMS 0x00000000ff100000| PB 0x00000000ff100000| Complete 
|2034|0x00000000ff200000, 0x00000000ff300000, 0x00000000ff300000|100%| E|CS|TAMS 0x00000000ff200000| PB 0x00000000ff200000| Complete 
|2035|0x00000000ff300000, 0x00000000ff400000, 0x00000000ff400000|100%| E|CS|TAMS 0x00000000ff300000| PB 0x00000000ff300000| Complete 
|2036|0x00000000ff400000, 0x00000000ff500000, 0x00000000ff500000|100%| E|CS|TAMS 0x00000000ff400000| PB 0x00000000ff400000| Complete 
|2037|0x00000000ff500000, 0x00000000ff600000, 0x00000000ff600000|100%| E|CS|TAMS 0x00000000ff500000| PB 0x00000000ff500000| Complete 
|2038|0x00000000ff600000, 0x00000000ff700000, 0x00000000ff700000|100%| E|CS|TAMS 0x00000000ff600000| PB 0x00000000ff600000| Complete 
|2039|0x00000000ff700000, 0x00000000ff800000, 0x00000000ff800000|100%| E|CS|TAMS 0x00000000ff700000| PB 0x00000000ff700000| Complete 
|2040|0x00000000ff800000, 0x00000000ff900000, 0x00000000ff900000|100%| E|CS|TAMS 0x00000000ff800000| PB 0x00000000ff800000| Complete 
|2041|0x00000000ff900000, 0x00000000ffa00000, 0x00000000ffa00000|100%| E|CS|TAMS 0x00000000ff900000| PB 0x00000000ff900000| Complete 
|2042|0x00000000ffa00000, 0x00000000ffb00000, 0x00000000ffb00000|100%| E|CS|TAMS 0x00000000ffa00000| PB 0x00000000ffa00000| Complete 
|2043|0x00000000ffb00000, 0x00000000ffc00000, 0x00000000ffc00000|100%| E|CS|TAMS 0x00000000ffb00000| PB 0x00000000ffb00000| Complete 
|2044|0x00000000ffc00000, 0x00000000ffd00000, 0x00000000ffd00000|100%| E|CS|TAMS 0x00000000ffc00000| PB 0x00000000ffc00000| Complete 
|2045|0x00000000ffd00000, 0x00000000ffe00000, 0x00000000ffe00000|100%| O|  |TAMS 0x00000000ffd00000| PB 0x00000000ffd00000| Untracked 
|2046|0x00000000ffe00000, 0x00000000fff00000, 0x00000000fff00000|100%| O|  |TAMS 0x00000000ffe00000| PB 0x00000000ffe00000| Untracked 
|2047|0x00000000fff00000, 0x0000000100000000, 0x0000000100000000|100%| O|  |TAMS 0x00000000fff00000| PB 0x00000000fff00000| Untracked 

Card table byte_map: [0x000002af7eaa0000,0x000002af7eea0000] _byte_map_base: 0x000002af7e6a0000

Marking Bits: (CMBitMap*) 0x000002af7b039120
 Bits: [0x000002af0f000000, 0x000002af11000000)

Polling page: 0x000002af78e40000

Metaspace:

Usage:
  Non-class:    196.04 MB used.
      Class:     30.60 MB used.
       Both:    226.64 MB used.

Virtual space:
  Non-class space:      256.00 MB reserved,     197.31 MB ( 77%) committed,  4 nodes.
      Class space:        1.00 GB reserved,      31.88 MB (  3%) committed,  1 nodes.
             Both:        1.25 GB reserved,     229.19 MB ( 18%) committed. 

Chunk freelists:
   Non-Class:  10.22 MB
       Class:  111.00 KB
        Both:  10.33 MB

MaxMetaspaceSize: unlimited
CompressedClassSpaceSize: 1.00 GB
Initial GC threshold: 21.00 MB
Current GC threshold: 379.69 MB
CDS: off
 - commit_granule_bytes: 65536.
 - commit_granule_words: 8192.
 - virtual_space_node_default_size: 8388608.
 - enlarge_chunks_in_place: 1.
 - use_allocation_guard: 0.


Internal statistics:

num_allocs_failed_limit: 12.
num_arena_births: 5058.
num_arena_deaths: 52.
num_vsnodes_births: 5.
num_vsnodes_deaths: 0.
num_space_committed: 3682.
num_space_uncommitted: 11.
num_chunks_returned_to_freelist: 171.
num_chunks_taken_from_freelist: 14598.
num_chunk_merges: 58.
num_chunk_splits: 10171.
num_chunks_enlarged: 7165.
num_inconsistent_stats: 0.

CodeHeap 'non-profiled nmethods': size=120000Kb used=19339Kb max_used=19760Kb free=100660Kb
 bounds [0x000002af07ad0000, 0x000002af08e70000, 0x000002af0f000000]
CodeHeap 'profiled nmethods': size=120000Kb used=49596Kb max_used=49596Kb free=70404Kb
 bounds [0x000002af00000000, 0x000002af03070000, 0x000002af07530000]
CodeHeap 'non-nmethods': size=5760Kb used=2150Kb max_used=2254Kb free=3609Kb
 bounds [0x000002af07530000, 0x000002af077a0000, 0x000002af07ad0000]
CodeCache: size=245760Kb, used=71085Kb, max_used=71610Kb, free=174673Kb
 total_blobs=23208, nmethods=22200, adapters=910, full_count=0
Compilation: enabled, stopped_count=0, restarted_count=0

Compilation events (20 events):
Event: 1671.643 Thread 0x000002af2b116280 39308       4       com.android.tools.r8.internal.Oa::j (21 bytes)
Event: 1671.644 Thread 0x000002af2b116280 nmethod 39308 0x000002af086b5510 code [0x000002af086b56a0, 0x000002af086b5740]
Event: 1671.645 Thread 0x000002af2b116280 40104       4       com.android.tools.r8.internal.tF::a (14 bytes)
Event: 1671.647 Thread 0x000002af2b116280 nmethod 40104 0x000002af086b5190 code [0x000002af086b5320, 0x000002af086b5428]
Event: 1671.647 Thread 0x000002af2b116280 39513       4       com.android.tools.r8.internal.lw::d (2 bytes)
Event: 1671.647 Thread 0x000002af2b116280 nmethod 39513 0x000002af086b4e10 code [0x000002af086b4fa0, 0x000002af086b5028]
Event: 1671.648 Thread 0x000002af2b116280 39544       4       com.android.tools.r8.internal.sr0::k (4 bytes)
Event: 1671.648 Thread 0x000002af2b116280 nmethod 39544 0x000002af08b5ff90 code [0x000002af08b60120, 0x000002af08b60190]
Event: 1671.648 Thread 0x000002af2b116280 42822       4       com.android.tools.r8.graph.s5$$Lambda/0x0000000101f815b8::compare (16 bytes)
Event: 1671.695 Thread 0x000002af17087b50 44096       2       com.android.tools.r8.internal.ho::hashCode (13 bytes)
Event: 1671.696 Thread 0x000002af17087b50 nmethod 44096 0x000002af0306b890 code [0x000002af0306ba40, 0x000002af0306bb90]
Event: 1671.723 Thread 0x000002af17087b50 44101   !   3       com.android.tools.r8.graph.s0::equals (81 bytes)
Event: 1671.725 Thread 0x000002af17087b50 nmethod 44101 0x000002af0306bc90 code [0x000002af0306bf60, 0x000002af0306d138]
Event: 1671.739 Thread 0x000002af17087b50 44104       2       java.util.concurrent.ConcurrentHashMap$TreeNode::<init> (16 bytes)
Event: 1671.740 Thread 0x000002af17087b50 nmethod 44104 0x000002af0306d710 code [0x000002af0306d8c0, 0x000002af0306db50]
Event: 1671.761 Thread 0x000002af17087b50 44105       1       com.android.tools.r8.internal.Qo::s (3 bytes)
Event: 1671.762 Thread 0x000002af17087b50 nmethod 44105 0x000002af08b5fc90 code [0x000002af08b5fe20, 0x000002af08b5fee8]
Event: 1671.820 Thread 0x000002af17087b50 44106       2       com.android.tools.r8.internal.oo::a (33 bytes)
Event: 1671.821 Thread 0x000002af17087b50 nmethod 44106 0x000002af0306dc10 code [0x000002af0306dde0, 0x000002af0306dfb8]
Event: 1672.095 Thread 0x000002af17087b50 44109       3       com.android.tools.r8.graph.Y0::j0 (37 bytes)

GC Heap History (20 events):
Event: 1643.721 GC heap before
{Heap before GC invocations=99 (full 0):
 garbage-first heap   total 450560K, used 384978K [0x0000000080000000, 0x0000000100000000)
  region size 1024K, 131 young (134144K), 18 survivors (18432K)
 Metaspace       used 214817K, committed 217344K, reserved 1245184K
  class space    used 28499K, committed 29760K, reserved 1048576K
}
Event: 1643.863 GC heap after
{Heap after GC invocations=100 (full 0):
 garbage-first heap   total 450560K, used 282163K [0x0000000080000000, 0x0000000100000000)
  region size 1024K, 17 young (17408K), 17 survivors (17408K)
 Metaspace       used 214817K, committed 217344K, reserved 1245184K
  class space    used 28499K, committed 29760K, reserved 1048576K
}
Event: 1646.108 GC heap before
{Heap before GC invocations=100 (full 0):
 garbage-first heap   total 450560K, used 401971K [0x0000000080000000, 0x0000000100000000)
  region size 1024K, 135 young (138240K), 17 survivors (17408K)
 Metaspace       used 221766K, committed 224448K, reserved 1245184K
  class space    used 29719K, committed 31040K, reserved 1048576K
}
Event: 1646.229 GC heap after
{Heap after GC invocations=101 (full 0):
 garbage-first heap   total 539648K, used 292654K [0x0000000080000000, 0x0000000100000000)
  region size 1024K, 16 young (16384K), 16 survivors (16384K)
 Metaspace       used 221766K, committed 224448K, reserved 1245184K
  class space    used 29719K, committed 31040K, reserved 1048576K
}
Event: 1646.382 GC heap before
{Heap before GC invocations=101 (full 0):
 garbage-first heap   total 539648K, used 302894K [0x0000000080000000, 0x0000000100000000)
  region size 1024K, 26 young (26624K), 16 survivors (16384K)
 Metaspace       used 222338K, committed 224960K, reserved 1245184K
  class space    used 29824K, committed 31104K, reserved 1048576K
}
Event: 1646.448 GC heap after
{Heap after GC invocations=102 (full 0):
 garbage-first heap   total 539648K, used 294768K [0x0000000080000000, 0x0000000100000000)
  region size 1024K, 3 young (3072K), 3 survivors (3072K)
 Metaspace       used 222338K, committed 224960K, reserved 1245184K
  class space    used 29824K, committed 31104K, reserved 1048576K
}
Event: 1648.704 GC heap before
{Heap before GC invocations=102 (full 0):
 garbage-first heap   total 539648K, used 367472K [0x0000000080000000, 0x0000000100000000)
  region size 1024K, 80 young (81920K), 3 survivors (3072K)
 Metaspace       used 225364K, committed 227968K, reserved 1310720K
  class space    used 30464K, committed 31744K, reserved 1048576K
}
Event: 1648.730 GC heap after
{Heap after GC invocations=103 (full 0):
 garbage-first heap   total 539648K, used 299862K [0x0000000080000000, 0x0000000100000000)
  region size 1024K, 10 young (10240K), 10 survivors (10240K)
 Metaspace       used 225364K, committed 227968K, reserved 1310720K
  class space    used 30464K, committed 31744K, reserved 1048576K
}
Event: 1650.000 GC heap before
{Heap before GC invocations=104 (full 0):
 garbage-first heap   total 539648K, used 346966K [0x0000000080000000, 0x0000000100000000)
  region size 1024K, 57 young (58368K), 10 survivors (10240K)
 Metaspace       used 227745K, committed 230336K, reserved 1310720K
  class space    used 30754K, committed 32064K, reserved 1048576K
}
Event: 1650.032 GC heap after
{Heap after GC invocations=105 (full 0):
 garbage-first heap   total 539648K, used 302743K [0x0000000080000000, 0x0000000100000000)
  region size 1024K, 3 young (3072K), 3 survivors (3072K)
 Metaspace       used 227745K, committed 230336K, reserved 1310720K
  class space    used 30754K, committed 32064K, reserved 1048576K
}
Event: 1651.825 GC heap before
{Heap before GC invocations=105 (full 0):
 garbage-first heap   total 539648K, used 483991K [0x0000000080000000, 0x0000000100000000)
  region size 1024K, 181 young (185344K), 3 survivors (3072K)
 Metaspace       used 229711K, committed 232256K, reserved 1310720K
  class space    used 31126K, committed 32384K, reserved 1048576K
}
Event: 1651.892 GC heap after
{Heap after GC invocations=106 (full 0):
 garbage-first heap   total 539648K, used 258767K [0x0000000080000000, 0x0000000100000000)
  region size 1024K, 4 young (4096K), 4 survivors (4096K)
 Metaspace       used 229711K, committed 232256K, reserved 1310720K
  class space    used 31126K, committed 32384K, reserved 1048576K
}
Event: 1653.413 GC heap before
{Heap before GC invocations=106 (full 0):
 garbage-first heap   total 539648K, used 481999K [0x0000000080000000, 0x0000000100000000)
  region size 1024K, 223 young (228352K), 4 survivors (4096K)
 Metaspace       used 230308K, committed 232960K, reserved 1310720K
  class space    used 31158K, committed 32448K, reserved 1048576K
}
Event: 1653.454 GC heap after
{Heap after GC invocations=107 (full 0):
 garbage-first heap   total 539648K, used 256543K [0x0000000080000000, 0x0000000100000000)
  region size 1024K, 7 young (7168K), 7 survivors (7168K)
 Metaspace       used 230308K, committed 232960K, reserved 1310720K
  class space    used 31158K, committed 32448K, reserved 1048576K
}
Event: 1654.922 GC heap before
{Heap before GC invocations=107 (full 0):
 garbage-first heap   total 539648K, used 498207K [0x0000000080000000, 0x0000000100000000)
  region size 1024K, 244 young (249856K), 7 survivors (7168K)
 Metaspace       used 230631K, committed 233216K, reserved 1310720K
  class space    used 31192K, committed 32448K, reserved 1048576K
}
Event: 1655.048 GC heap after
{Heap after GC invocations=108 (full 0):
 garbage-first heap   total 539648K, used 257987K [0x0000000080000000, 0x0000000100000000)
  region size 1024K, 8 young (8192K), 8 survivors (8192K)
 Metaspace       used 230631K, committed 233216K, reserved 1310720K
  class space    used 31192K, committed 32448K, reserved 1048576K
}
Event: 1658.129 GC heap before
{Heap before GC invocations=108 (full 0):
 garbage-first heap   total 539648K, used 502723K [0x0000000080000000, 0x0000000100000000)
  region size 1024K, 250 young (256000K), 8 survivors (8192K)
 Metaspace       used 230721K, committed 233344K, reserved 1310720K
  class space    used 31200K, committed 32512K, reserved 1048576K
}
Event: 1658.213 GC heap after
{Heap after GC invocations=109 (full 0):
 garbage-first heap   total 1097728K, used 259274K [0x0000000080000000, 0x0000000100000000)
  region size 1024K, 11 young (11264K), 11 survivors (11264K)
 Metaspace       used 230721K, committed 233344K, reserved 1310720K
  class space    used 31200K, committed 32512K, reserved 1048576K
}
Event: 1661.430 GC heap before
{Heap before GC invocations=110 (full 0):
 garbage-first heap   total 1097728K, used 514250K [0x0000000080000000, 0x0000000100000000)
  region size 1024K, 260 young (266240K), 11 survivors (11264K)
 Metaspace       used 230870K, committed 233472K, reserved 1310720K
  class space    used 31214K, committed 32512K, reserved 1048576K
}
Event: 1661.454 GC heap after
{Heap after GC invocations=111 (full 0):
 garbage-first heap   total 1097728K, used 257226K [0x0000000080000000, 0x0000000100000000)
  region size 1024K, 9 young (9216K), 9 survivors (9216K)
 Metaspace       used 230870K, committed 233472K, reserved 1310720K
  class space    used 31214K, committed 32512K, reserved 1048576K
}

Dll operation events (3 events):
Event: 0.062 Loaded shared library D:\Android studio\jbr\bin\java.dll
Event: 0.067 Loaded shared library D:\Android studio\jbr\bin\zip.dll
Event: 1.054 Loaded shared library D:\Android studio\jbr\bin\verify.dll

Deoptimization events (20 events):
Event: 1670.828 Thread 0x000002af1c8f1220 DEOPT PACKING pc=0x000002af01e71289 sp=0x000000f477dfbb20
Event: 1670.828 Thread 0x000002af1c8f1220 DEOPT UNPACKING pc=0x000002af07584b42 sp=0x000000f477dfb390 mode 0
Event: 1670.885 Thread 0x000002af192cffa0 Uncommon trap: trap_request=0xffffff45 fr.pc=0x000002af07ec4624 relative=0x0000000000000084
Event: 1670.885 Thread 0x000002af192cffa0 Uncommon trap: reason=unstable_if action=reinterpret pc=0x000002af07ec4624 method=java.util.concurrent.locks.AbstractQueuedSynchronizer$ConditionObject.canReacquire(Ljava/util/concurrent/locks/AbstractQueuedSynchronizer$ConditionNode;)Z @ 18 c2
Event: 1670.885 Thread 0x000002af192cffa0 DEOPT PACKING pc=0x000002af07ec4624 sp=0x000000f46daff430
Event: 1670.886 Thread 0x000002af192cffa0 DEOPT UNPACKING pc=0x000002af075843a2 sp=0x000000f46daff3c0 mode 2
Event: 1670.925 Thread 0x000002af1c8f1220 DEOPT PACKING pc=0x000002af01e70ded sp=0x000000f477dfbb20
Event: 1670.926 Thread 0x000002af1c8f1220 DEOPT UNPACKING pc=0x000002af07584b42 sp=0x000000f477dfb388 mode 0
Event: 1671.023 Thread 0x000002af1c8f1220 DEOPT PACKING pc=0x000002af01e70ded sp=0x000000f477dfbb20
Event: 1671.023 Thread 0x000002af1c8f1220 DEOPT UNPACKING pc=0x000002af07584b42 sp=0x000000f477dfb388 mode 0
Event: 1671.052 Thread 0x000002af1c8f1220 DEOPT PACKING pc=0x000002af024254b1 sp=0x000000f477dfc0a0
Event: 1671.052 Thread 0x000002af1c8f1220 DEOPT UNPACKING pc=0x000002af07584b42 sp=0x000000f477dfb7d0 mode 0
Event: 1671.430 Thread 0x000002af1c8f1220 DEOPT PACKING pc=0x000002af0079dcdc sp=0x000000f477dfc690
Event: 1671.430 Thread 0x000002af1c8f1220 DEOPT UNPACKING pc=0x000002af07584b42 sp=0x000000f477dfbbc8 mode 0
Event: 1671.531 Thread 0x000002af1c8f1220 DEOPT PACKING pc=0x000002af01e712e3 sp=0x000000f477dfbb20
Event: 1671.531 Thread 0x000002af1c8f1220 DEOPT UNPACKING pc=0x000002af07584b42 sp=0x000000f477dfb380 mode 0
Event: 1671.774 Thread 0x000002af1c8f1220 DEOPT PACKING pc=0x000002af01e70ded sp=0x000000f477dfbb20
Event: 1671.774 Thread 0x000002af1c8f1220 DEOPT UNPACKING pc=0x000002af07584b42 sp=0x000000f477dfb388 mode 0
Event: 1673.058 Thread 0x000002af1c8f1220 DEOPT PACKING pc=0x000002af024254b1 sp=0x000000f477dfc0a0
Event: 1673.059 Thread 0x000002af1c8f1220 DEOPT UNPACKING pc=0x000002af07584b42 sp=0x000000f477dfb7d0 mode 0

Classes loaded (20 events):
Event: 1646.758 Loading class java/util/IdentityHashMap$EntryIterator$Entry
Event: 1646.760 Loading class java/util/IdentityHashMap$EntryIterator$Entry done
Event: 1647.209 Loading class java/util/IdentityHashMap$EntrySpliterator
Event: 1647.211 Loading class java/util/IdentityHashMap$IdentityHashMapSpliterator
Event: 1647.213 Loading class java/util/IdentityHashMap$IdentityHashMapSpliterator done
Event: 1647.213 Loading class java/util/IdentityHashMap$EntrySpliterator done
Event: 1647.329 Loading class java/util/SortedSet$1
Event: 1647.332 Loading class java/util/SortedSet$1 done
Event: 1650.357 Loading class java/util/concurrent/ConcurrentHashMap$TreeNode
Event: 1650.375 Loading class java/util/concurrent/ConcurrentHashMap$TreeNode done
Event: 1650.375 Loading class java/util/concurrent/ConcurrentHashMap$TreeBin
Event: 1650.386 Loading class java/util/concurrent/ConcurrentHashMap$TreeBin done
Event: 1650.986 Loading class java/nio/ShortBuffer
Event: 1650.995 Loading class java/nio/ShortBuffer done
Event: 1651.125 Loading class java/nio/ByteBufferAsShortBufferL
Event: 1651.129 Loading class java/nio/ByteBufferAsShortBufferL done
Event: 1651.281 Loading class java/util/zip/Adler32
Event: 1651.287 Loading class java/util/zip/Adler32 done
Event: 1663.261 Loading class java/nio/file/Path$1
Event: 1663.264 Loading class java/nio/file/Path$1 done

Classes unloaded (20 events):
Event: 1647.492 Thread 0x000002af7fb49b30 Unloading class 0x00000001019e9000 'jdk/internal/jrtfs/JrtPath'
Event: 1647.493 Thread 0x000002af7fb49b30 Unloading class 0x00000001019e8b28 'jdk/internal/jrtfs/JrtFileSystem'
Event: 1647.493 Thread 0x000002af7fb49b30 Unloading class 0x00000001019e8800 'jdk/internal/jrtfs/JrtFileSystemProvider'
Event: 1655.917 Thread 0x000002af7fb49b30 Unloading class 0x0000000101ef5400 'java/lang/invoke/LambdaForm$DMH+0x0000000101ef5400'
Event: 1655.918 Thread 0x000002af7fb49b30 Unloading class 0x0000000101ef6400 'java/lang/invoke/LambdaForm$DMH+0x0000000101ef6400'
Event: 1655.918 Thread 0x000002af7fb49b30 Unloading class 0x0000000101ef5c00 'java/lang/invoke/LambdaForm$DMH+0x0000000101ef5c00'
Event: 1655.918 Thread 0x000002af7fb49b30 Unloading class 0x0000000101ef4c00 'java/lang/invoke/LambdaForm$DMH+0x0000000101ef4c00'
Event: 1655.918 Thread 0x000002af7fb49b30 Unloading class 0x0000000101cfc400 'java/lang/invoke/LambdaForm$DMH+0x0000000101cfc400'
Event: 1655.918 Thread 0x000002af7fb49b30 Unloading class 0x0000000101ef4400 'java/lang/invoke/LambdaForm$DMH+0x0000000101ef4400'
Event: 1655.918 Thread 0x000002af7fb49b30 Unloading class 0x0000000101ef6000 'java/lang/invoke/LambdaForm$DMH+0x0000000101ef6000'
Event: 1655.918 Thread 0x000002af7fb49b30 Unloading class 0x0000000101ef5000 'java/lang/invoke/LambdaForm$DMH+0x0000000101ef5000'
Event: 1655.918 Thread 0x000002af7fb49b30 Unloading class 0x0000000101ef5800 'java/lang/invoke/LambdaForm$DMH+0x0000000101ef5800'
Event: 1655.918 Thread 0x000002af7fb49b30 Unloading class 0x0000000101ef4000 'java/lang/invoke/LambdaForm$DMH+0x0000000101ef4000'
Event: 1655.918 Thread 0x000002af7fb49b30 Unloading class 0x0000000101e84000 'java/lang/invoke/LambdaForm$DMH+0x0000000101e84000'
Event: 1655.918 Thread 0x000002af7fb49b30 Unloading class 0x0000000101e04000 'java/lang/invoke/LambdaForm$DMH+0x0000000101e04000'
Event: 1655.918 Thread 0x000002af7fb49b30 Unloading class 0x0000000101dfd400 'java/lang/invoke/LambdaForm$DMH+0x0000000101dfd400'
Event: 1655.918 Thread 0x000002af7fb49b30 Unloading class 0x0000000101dfcc00 'java/lang/invoke/LambdaForm$DMH+0x0000000101dfcc00'
Event: 1655.918 Thread 0x000002af7fb49b30 Unloading class 0x0000000101dfd000 'java/lang/invoke/LambdaForm$DMH+0x0000000101dfd000'
Event: 1655.918 Thread 0x000002af7fb49b30 Unloading class 0x0000000101dfc400 'java/lang/invoke/LambdaForm$DMH+0x0000000101dfc400'
Event: 1655.918 Thread 0x000002af7fb49b30 Unloading class 0x0000000101dfc800 'java/lang/invoke/LambdaForm$DMH+0x0000000101dfc800'

Classes redefined (0 events):
No events

Internal exceptions (20 events):
Event: 1671.767 Thread 0x000002af256f4970 Exception <a 'sun/nio/fs/WindowsException'{0x000000009c0f0bf0}> (0x000000009c0f0bf0) 
thrown [s\src\hotspot\share\prims\jni.cpp, line 537]
Event: 1671.779 Thread 0x000002af256f4970 Exception <a 'sun/nio/fs/WindowsException'{0x000000009bdc5ef8}> (0x000000009bdc5ef8) 
thrown [s\src\hotspot\share\prims\jni.cpp, line 537]
Event: 1671.787 Thread 0x000002af256f4970 Exception <a 'sun/nio/fs/WindowsException'{0x000000009bdcf3e0}> (0x000000009bdcf3e0) 
thrown [s\src\hotspot\share\prims\jni.cpp, line 537]
Event: 1671.813 Thread 0x000002af256f4970 Exception <a 'sun/nio/fs/WindowsException'{0x000000009bdd4dc8}> (0x000000009bdd4dc8) 
thrown [s\src\hotspot\share\prims\jni.cpp, line 537]
Event: 1671.821 Thread 0x000002af256f4970 Exception <a 'sun/nio/fs/WindowsException'{0x000000009bdf72a0}> (0x000000009bdf72a0) 
thrown [s\src\hotspot\share\prims\jni.cpp, line 537]
Event: 1671.862 Thread 0x000002af256f4970 Exception <a 'sun/nio/fs/WindowsException'{0x000000009ba42f88}> (0x000000009ba42f88) 
thrown [s\src\hotspot\share\prims\jni.cpp, line 537]
Event: 1671.918 Thread 0x000002af256f4970 Exception <a 'sun/nio/fs/WindowsException'{0x000000009ba8a3e8}> (0x000000009ba8a3e8) 
thrown [s\src\hotspot\share\prims\jni.cpp, line 537]
Event: 1671.943 Thread 0x000002af256f4970 Exception <a 'sun/nio/fs/WindowsException'{0x000000009ba8fde8}> (0x000000009ba8fde8) 
thrown [s\src\hotspot\share\prims\jni.cpp, line 537]
Event: 1672.016 Thread 0x000002af256f4970 Exception <a 'sun/nio/fs/WindowsException'{0x000000009ba9baa8}> (0x000000009ba9baa8) 
thrown [s\src\hotspot\share\prims\jni.cpp, line 537]
Event: 1672.029 Thread 0x000002af256f4970 Exception <a 'sun/nio/fs/WindowsException'{0x000000009baa3250}> (0x000000009baa3250) 
thrown [s\src\hotspot\share\prims\jni.cpp, line 537]
Event: 1672.042 Thread 0x000002af256f4970 Exception <a 'sun/nio/fs/WindowsException'{0x000000009baab2d8}> (0x000000009baab2d8) 
thrown [s\src\hotspot\share\prims\jni.cpp, line 537]
Event: 1672.052 Thread 0x000002af256f4970 Exception <a 'sun/nio/fs/WindowsException'{0x000000009bab7b48}> (0x000000009bab7b48) 
thrown [s\src\hotspot\share\prims\jni.cpp, line 537]
Event: 1672.059 Thread 0x000002af256f4970 Exception <a 'sun/nio/fs/WindowsException'{0x000000009bac16e8}> (0x000000009bac16e8) 
thrown [s\src\hotspot\share\prims\jni.cpp, line 537]
Event: 1672.069 Thread 0x000002af256f4970 Exception <a 'sun/nio/fs/WindowsException'{0x000000009b788438}> (0x000000009b788438) 
thrown [s\src\hotspot\share\prims\jni.cpp, line 537]
Event: 1672.075 Thread 0x000002af256f4970 Exception <a 'sun/nio/fs/WindowsException'{0x000000009b7930a8}> (0x000000009b7930a8) 
thrown [s\src\hotspot\share\prims\jni.cpp, line 537]
Event: 1672.082 Thread 0x000002af256f4970 Exception <a 'sun/nio/fs/WindowsException'{0x000000009b798aa0}> (0x000000009b798aa0) 
thrown [s\src\hotspot\share\prims\jni.cpp, line 537]
Event: 1672.090 Thread 0x000002af256f4970 Exception <a 'sun/nio/fs/WindowsException'{0x000000009b79dd20}> (0x000000009b79dd20) 
thrown [s\src\hotspot\share\prims\jni.cpp, line 537]
Event: 1672.095 Thread 0x000002af256f4970 Exception <a 'sun/nio/fs/WindowsException'{0x000000009b7a3758}> (0x000000009b7a3758) 
thrown [s\src\hotspot\share\prims\jni.cpp, line 537]
Event: 1672.098 Thread 0x000002af256f4970 Exception <a 'sun/nio/fs/WindowsException'{0x000000009b7a4f08}> (0x000000009b7a4f08) 
thrown [s\src\hotspot\share\prims\jni.cpp, line 537]
Event: 1672.100 Thread 0x000002af256f4970 Exception <a 'sun/nio/fs/WindowsException'{0x000000009b7a5e48}> (0x000000009b7a5e48) 
thrown [s\src\hotspot\share\prims\jni.cpp, line 537]

ZGC Phase Switch (0 events):
No events

VM Operations (20 events):
Event: 1663.559 Executing safepoint VM operation: ICBufferFull done
Event: 1664.571 Executing safepoint VM operation: Cleanup
Event: 1664.572 Executing safepoint VM operation: Cleanup done
Event: 1665.586 Executing safepoint VM operation: Cleanup
Event: 1665.603 Executing safepoint VM operation: Cleanup done
Event: 1666.309 Executing safepoint VM operation: ICBufferFull
Event: 1666.310 Executing safepoint VM operation: ICBufferFull done
Event: 1666.755 Executing safepoint VM operation: ICBufferFull
Event: 1666.763 Executing safepoint VM operation: ICBufferFull done
Event: 1667.766 Executing safepoint VM operation: Cleanup
Event: 1667.781 Executing safepoint VM operation: Cleanup done
Event: 1668.789 Executing safepoint VM operation: Cleanup
Event: 1668.791 Executing safepoint VM operation: Cleanup done
Event: 1669.800 Executing safepoint VM operation: Cleanup
Event: 1669.816 Executing safepoint VM operation: Cleanup done
Event: 1670.829 Executing safepoint VM operation: Cleanup
Event: 1670.830 Executing safepoint VM operation: Cleanup done
Event: 1671.839 Executing safepoint VM operation: Cleanup
Event: 1671.855 Executing safepoint VM operation: Cleanup done
Event: 1672.866 Executing safepoint VM operation: Cleanup

Memory protections (0 events):
No events

Nmethod flushes (20 events):
Event: 1656.792 Thread 0x000002af7fb49b30 flushing  nmethod 0x000002af0281a590
Event: 1656.792 Thread 0x000002af7fb49b30 flushing  nmethod 0x000002af0281a910
Event: 1656.792 Thread 0x000002af7fb49b30 flushing  nmethod 0x000002af0281ba90
Event: 1656.792 Thread 0x000002af7fb49b30 flushing  nmethod 0x000002af0281f910
Event: 1656.792 Thread 0x000002af7fb49b30 flushing  nmethod 0x000002af02820190
Event: 1656.792 Thread 0x000002af7fb49b30 flushing  nmethod 0x000002af02821510
Event: 1656.792 Thread 0x000002af7fb49b30 flushing  nmethod 0x000002af0284d390
Event: 1656.792 Thread 0x000002af7fb49b30 flushing  nmethod 0x000002af0284df10
Event: 1656.792 Thread 0x000002af7fb49b30 flushing  nmethod 0x000002af0284fc90
Event: 1656.792 Thread 0x000002af7fb49b30 flushing  nmethod 0x000002af02850410
Event: 1656.792 Thread 0x000002af7fb49b30 flushing  nmethod 0x000002af02857210
Event: 1656.792 Thread 0x000002af7fb49b30 flushing  nmethod 0x000002af02859510
Event: 1656.792 Thread 0x000002af7fb49b30 flushing  nmethod 0x000002af0285b890
Event: 1656.792 Thread 0x000002af7fb49b30 flushing  nmethod 0x000002af0285c390
Event: 1656.792 Thread 0x000002af7fb49b30 flushing  nmethod 0x000002af028bf690
Event: 1656.792 Thread 0x000002af7fb49b30 flushing  nmethod 0x000002af028c0990
Event: 1656.792 Thread 0x000002af7fb49b30 flushing  nmethod 0x000002af028c0e90
Event: 1656.792 Thread 0x000002af7fb49b30 flushing  nmethod 0x000002af028c1310
Event: 1656.792 Thread 0x000002af7fb49b30 flushing  nmethod 0x000002af028c1910
Event: 1656.792 Thread 0x000002af7fb49b30 flushing  nmethod 0x000002af028c3390

Events (20 events):
Event: 1624.483 Thread 0x000002af24d2c0c0 Thread exited: 0x000002af24d2c0c0
Event: 1625.112 Thread 0x000002af1e0683c0 Thread added: 0x000002af24d2c750
Event: 1636.910 Thread 0x000002af1e065c60 Thread added: 0x000002af23867410
Event: 1637.830 Thread 0x000002af1e067010 Thread added: 0x000002af256f42e0
Event: 1637.855 Thread 0x000002af1e0676a0 Thread added: 0x000002af1c8f1220
Event: 1640.623 Thread 0x000002af1e065c60 Thread added: 0x000002af256f70d0
Event: 1640.625 Thread 0x000002af1e065c60 Thread added: 0x000002af256f4970
Event: 1640.627 Thread 0x000002af1e065c60 Thread added: 0x000002af256f63b0
Event: 1640.628 Thread 0x000002af1e065c60 Thread added: 0x000002af256f5000
Event: 1640.630 Thread 0x000002af1e065c60 Thread added: 0x000002af256f6a40
Event: 1640.632 Thread 0x000002af1e065c60 Thread added: 0x000002af256f5690
Event: 1640.674 Thread 0x000002af1e065c60 Thread added: 0x000002af1bd36f20
Event: 1640.686 Thread 0x000002af1e065c60 Thread added: 0x000002af1bd38ff0
Event: 1647.272 Thread 0x000002af1a899570 Thread exited: 0x000002af1a899570
Event: 1651.343 Thread 0x000002af1ce8e350 Thread exited: 0x000002af1ce8e350
Event: 1651.384 Thread 0x000002af184b4d20 Thread exited: 0x000002af184b4d20
Event: 1656.907 Thread 0x000002af17087b50 Thread added: 0x000002af2b116280
Event: 1657.552 Thread 0x000002af17087b50 Thread added: 0x000002af1b86d910
Event: 1661.510 Thread 0x000002af184b2c50 Thread exited: 0x000002af184b2c50
Event: 1661.511 Thread 0x000002af184b4690 Thread exited: 0x000002af184b4690


Dynamic libraries:
0x00007ff719020000 - 0x00007ff71902a000 	D:\Android studio\jbr\bin\java.exe
0x00007ffe741c0000 - 0x00007ffe74426000 	C:\WINDOWS\SYSTEM32\ntdll.dll
0x00007ffe72170000 - 0x00007ffe72239000 	C:\WINDOWS\System32\KERNEL32.DLL
0x00007ffe71ae0000 - 0x00007ffe71edf000 	C:\WINDOWS\System32\KERNELBASE.dll
0x00007ffe71650000 - 0x00007ffe7179c000 	C:\WINDOWS\System32\ucrtbase.dll
0x00007ffe64550000 - 0x00007ffe6456b000 	D:\Android studio\jbr\bin\VCRUNTIME140.dll
0x00007ffe64220000 - 0x00007ffe64238000 	D:\Android studio\jbr\bin\jli.dll
0x00007ffe72e80000 - 0x00007ffe73046000 	C:\WINDOWS\System32\USER32.dll
0x00007ffe71620000 - 0x00007ffe71647000 	C:\WINDOWS\System32\win32u.dll
0x00007ffe731f0000 - 0x00007ffe7321b000 	C:\WINDOWS\System32\GDI32.dll
0x00007ffe60e10000 - 0x00007ffe610a1000 	C:\WINDOWS\WinSxS\amd64_microsoft.windows.common-controls_6595b64144ccf1df_6.0.26100.8972_none_3e0da176e32f9d4b\COMCTL32.dll
0x00007ffe718f0000 - 0x00007ffe71a19000 	C:\WINDOWS\System32\gdi32full.dll
0x00007ffe72710000 - 0x00007ffe727b9000 	C:\WINDOWS\System32\msvcrt.dll
0x00007ffe71840000 - 0x00007ffe718e3000 	C:\WINDOWS\System32\msvcp_win.dll
0x00007ffe72060000 - 0x00007ffe72092000 	C:\WINDOWS\System32\IMM32.DLL
0x00007ffe64210000 - 0x00007ffe6421c000 	D:\Android studio\jbr\bin\vcruntime140_1.dll
0x00007ffe5ae60000 - 0x00007ffe5aeed000 	D:\Android studio\jbr\bin\msvcp140.dll
0x00007ffde1c30000 - 0x00007ffde28c6000 	D:\Android studio\jbr\bin\server\jvm.dll
0x00007ffe720a0000 - 0x00007ffe7215c000 	C:\WINDOWS\System32\ADVAPI32.dll
0x00007ffe72c20000 - 0x00007ffe72cc9000 	C:\WINDOWS\System32\sechost.dll
0x00007ffe72970000 - 0x00007ffe72a88000 	C:\WINDOWS\System32\RPCRT4.dll
0x00007ffe73f10000 - 0x00007ffe73f92000 	C:\WINDOWS\System32\WS2_32.dll
0x00007ffe69f10000 - 0x00007ffe69f1b000 	C:\WINDOWS\SYSTEM32\VERSION.dll
0x00007ffe71230000 - 0x00007ffe7128e000 	C:\WINDOWS\SYSTEM32\POWRPROF.dll
0x00007ffe6eaa0000 - 0x00007ffe6ead6000 	C:\WINDOWS\SYSTEM32\WINMM.dll
0x00007ffe71210000 - 0x00007ffe71225000 	C:\WINDOWS\SYSTEM32\UMPDC.dll
0x00007ffe70090000 - 0x00007ffe700ab000 	C:\WINDOWS\SYSTEM32\kernel.appcore.dll
0x00007ffe64190000 - 0x00007ffe6419a000 	D:\Android studio\jbr\bin\jimage.dll
0x00007ffe6e7e0000 - 0x00007ffe6ea22000 	C:\WINDOWS\SYSTEM32\DBGHELP.DLL
0x00007ffe73b80000 - 0x00007ffe73f05000 	C:\WINDOWS\System32\combase.dll
0x00007ffe72da0000 - 0x00007ffe72e79000 	C:\WINDOWS\System32\OLEAUT32.dll
0x00007ffe6ea60000 - 0x00007ffe6ea9b000 	C:\WINDOWS\SYSTEM32\dbgcore.DLL
0x00007ffe713d0000 - 0x00007ffe7147c000 	C:\WINDOWS\System32\bcryptPrimitives.dll
0x00007ffe640b0000 - 0x00007ffe640be000 	D:\Android studio\jbr\bin\instrument.dll
0x00007ffe64090000 - 0x00007ffe640b0000 	D:\Android studio\jbr\bin\java.dll
0x00007ffe63fd0000 - 0x00007ffe63fe8000 	D:\Android studio\jbr\bin\zip.dll
0x00007ffe73220000 - 0x00007ffe739a8000 	C:\WINDOWS\System32\SHELL32.dll
0x00007ffe6ee40000 - 0x00007ffe6f6db000 	C:\WINDOWS\SYSTEM32\windows.storage.dll
0x00007ffe72a90000 - 0x00007ffe72b89000 	C:\WINDOWS\System32\SHCORE.dll
0x00007ffe71ef0000 - 0x00007ffe71f56000 	C:\WINDOWS\System32\shlwapi.dll
0x00007ffe712f0000 - 0x00007ffe71319000 	C:\WINDOWS\SYSTEM32\profapi.dll
0x00007ffe63850000 - 0x00007ffe63860000 	D:\Android studio\jbr\bin\net.dll
0x00007ffe66f60000 - 0x00007ffe67087000 	C:\WINDOWS\SYSTEM32\WINHTTP.dll
0x00007ffe70640000 - 0x00007ffe706ac000 	C:\WINDOWS\system32\mswsock.dll
0x00007ffe63830000 - 0x00007ffe63846000 	D:\Android studio\jbr\bin\nio.dll
0x00007ffe63820000 - 0x00007ffe63830000 	D:\Android studio\jbr\bin\verify.dll
0x00007ffe511b0000 - 0x00007ffe511d7000 	C:\Users\Krish\.gradle\native\1def1411415f61bf3af743bc5b6707747c0891f09f0c88961ee8f79bc544acac\windows-amd64\native-platform.dll
0x00007ffe5ad30000 - 0x00007ffe5ada8000 	C:\Users\Krish\.gradle\native\0.2.7\x86_64-windows-gnu\gradle-fileevents.dll
0x00007ffe63730000 - 0x00007ffe63739000 	D:\Android studio\jbr\bin\management.dll
0x00007ffe63700000 - 0x00007ffe6370b000 	D:\Android studio\jbr\bin\management_ext.dll
0x00007ffe72960000 - 0x00007ffe72968000 	C:\WINDOWS\System32\PSAPI.DLL
0x00007ffe6fa10000 - 0x00007ffe6fa43000 	C:\WINDOWS\SYSTEM32\IPHLPAPI.DLL
0x00007ffe73070000 - 0x00007ffe7307a000 	C:\WINDOWS\System32\NSI.dll
0x00007ffe636f0000 - 0x00007ffe636f9000 	D:\Android studio\jbr\bin\extnet.dll
0x00007ffe70950000 - 0x00007ffe7096b000 	C:\WINDOWS\SYSTEM32\CRYPTSP.dll
0x00007ffe6fff0000 - 0x00007ffe70029000 	C:\WINDOWS\system32\rsaenh.dll
0x00007ffe706f0000 - 0x00007ffe70722000 	C:\WINDOWS\SYSTEM32\USERENV.dll
0x00007ffe712c0000 - 0x00007ffe712ea000 	C:\WINDOWS\SYSTEM32\bcrypt.dll
0x00007ffe70930000 - 0x00007ffe7093c000 	C:\WINDOWS\SYSTEM32\CRYPTBASE.dll
0x00007ffe61780000 - 0x00007ffe61788000 	C:\WINDOWS\system32\wshunix.dll
0x00007ffe54e00000 - 0x00007ffe54e18000 	C:\WINDOWS\system32\napinsp.dll
0x00007ffe6fab0000 - 0x00007ffe6fc08000 	C:\WINDOWS\SYSTEM32\DNSAPI.dll
0x00007ffe70420000 - 0x00007ffe7042d000 	C:\WINDOWS\SYSTEM32\DSPARSE.dll
0x00007ffe54de0000 - 0x00007ffe54df3000 	C:\WINDOWS\System32\winrnr.dll
0x00007ffe54db0000 - 0x00007ffe54dd2000 	C:\WINDOWS\system32\nlansp_c.dll
0x00007ffe67090000 - 0x00007ffe670a6000 	C:\WINDOWS\system32\wshbth.dll
0x00007ffe671a0000 - 0x00007ffe671ab000 	C:\Windows\System32\rasadhlp.dll
0x00007ffe667a0000 - 0x00007ffe66826000 	C:\WINDOWS\System32\fwpuclnt.dll
0x00007ffe636b0000 - 0x00007ffe636b7000 	D:\Android studio\jbr\bin\rmi.dll
0x00007ffe701c0000 - 0x00007ffe701f6000 	C:\WINDOWS\SYSTEM32\ntmarta.dll

JVMTI agents:
C:\Users\Krish\.gradle\wrapper\dists\gradle-8.13-bin\5xuhj0ry160q40clulazy9h7d\gradle-8.13\lib\agents\gradle-instrumentation-agent-8.13.jar path:D:\Android studio\jbr\bin\instrument.dll, loaded, initialized, instrumentlib options:none

dbghelp: loaded successfully - version: 4.0.5 - missing functions: none
symbol engine: initialized successfully - sym options: 0x614 - pdb path: .;D:\Android studio\jbr\bin;C:\WINDOWS\SYSTEM32;C:\WINDOWS\WinSxS\amd64_microsoft.windows.common-controls_6595b64144ccf1df_6.0.26100.8972_none_3e0da176e32f9d4b;D:\Android studio\jbr\bin\server;C:\Users\Krish\.gradle\native\1def1411415f61bf3af743bc5b6707747c0891f09f0c88961ee8f79bc544acac\windows-amd64;C:\Users\Krish\.gradle\native\0.2.7\x86_64-windows-gnu

VM Arguments:
jvm_args: --add-opens=java.base/java.lang=ALL-UNNAMED --add-opens=java.base/java.lang.invoke=ALL-UNNAMED --add-opens=java.base/java.util=ALL-UNNAMED --add-opens=java.prefs/java.util.prefs=ALL-UNNAMED --add-exports=jdk.compiler/com.sun.tools.javac.api=ALL-UNNAMED --add-exports=jdk.compiler/com.sun.tools.javac.util=ALL-UNNAMED --add-opens=java.base/java.util=ALL-UNNAMED --add-opens=java.prefs/java.util.prefs=ALL-UNNAMED --add-opens=java.base/java.nio.charset=ALL-UNNAMED --add-opens=java.base/java.net=ALL-UNNAMED --add-opens=java.base/java.util.concurrent.atomic=ALL-UNNAMED --add-opens=java.xml/javax.xml.namespace=ALL-UNNAMED -Xmx2048m -Dfile.encoding=UTF-8 -Duser.country=US -Duser.language=en -Duser.variant -javaagent:C:\Users\Krish\.gradle\wrapper\dists\gradle-8.13-bin\5xuhj0ry160q40clulazy9h7d\gradle-8.13\lib\agents\gradle-instrumentation-agent-8.13.jar 
java_command: org.gradle.launcher.daemon.bootstrap.GradleDaemon 8.13
java_class_path (initial): C:\Users\Krish\.gradle\wrapper\dists\gradle-8.13-bin\5xuhj0ry160q40clulazy9h7d\gradle-8.13\lib\gradle-daemon-main-8.13.jar
Launcher Type: SUN_STANDARD

[Global flags]
     intx CICompilerCount                          = 4                                         {product} {ergonomic}
     uint ConcGCThreads                            = 3                                         {product} {ergonomic}
     uint G1ConcRefinementThreads                  = 10                                        {product} {ergonomic}
   size_t G1HeapRegionSize                         = 1048576                                   {product} {ergonomic}
    uintx GCDrainStackTargetSize                   = 64                                        {product} {ergonomic}
   size_t InitialHeapSize                          = 98566144                                  {product} {ergonomic}
   size_t MarkStackSize                            = 4194304                                   {product} {ergonomic}
   size_t MaxHeapSize                              = 2147483648                                {product} {command line}
   size_t MaxNewSize                               = 1287651328                                {product} {ergonomic}
   size_t MinHeapDeltaBytes                        = 1048576                                   {product} {ergonomic}
   size_t MinHeapSize                              = 8388608                                   {product} {ergonomic}
    uintx NonNMethodCodeHeapSize                   = 5839372                                {pd product} {ergonomic}
    uintx NonProfiledCodeHeapSize                  = 122909434                              {pd product} {ergonomic}
    uintx ProfiledCodeHeapSize                     = 122909434                              {pd product} {ergonomic}
    uintx ReservedCodeCacheSize                    = 251658240                              {pd product} {ergonomic}
     bool SegmentedCodeCache                       = true                                      {product} {ergonomic}
   size_t SoftMaxHeapSize                          = 2147483648                             {manageable} {ergonomic}
     bool UseCompressedOops                        = true                           {product lp64_product} {ergonomic}
     bool UseG1GC                                  = true                                      {product} {ergonomic}
     bool UseLargePagesIndividualAllocation        = false                                  {pd product} {ergonomic}

Logging:
Log output configuration:
 #0: stdout all=warning uptime,level,tags foldmultilines=false
 #1: stderr all=off uptime,level,tags foldmultilines=false

Release file:
JAVA_VERSION="21.0.10" 
MODULES="java.base java.compiler java.datatransfer java.xml java.prefs java.desktop java.instrument java.logging java.management java.security.sasl java.naming java.rmi java.management.rmi java.net.http java.scripting java.security.jgss java.transaction.xa java.sql java.sql.rowset java.xml.crypto java.se java.smartcardio jdk.accessibility jdk.internal.jvmstat jdk.attach jdk.charsets jdk.internal.opt jdk.zipfs jdk.compiler jdk.crypto.ec jdk.crypto.cryptoki jdk.dynalink jdk.hotspot.agent jdk.httpserver jdk.internal.ed jdk.internal.le jdk.internal.vm.ci jdk.jartool jdk.javadoc jdk.jcmd jdk.jdeps jdk.jdwp.agent jdk.jdi jdk.jfr jdk.jlink jdk.jsobject jdk.localedata jdk.management jdk.management.agent jdk.management.jfr jdk.naming.dns jdk.naming.rmi jdk.net jdk.sctp jdk.security.auth jdk.security.jgss jdk.unsupported jdk.unsupported.desktop jdk.xml.dom" 
IMPLEMENTOR="JetBrains s.r.o." 
JAVA_RUNTIME_VERSION="21.0.10+-14961533-b1163.108" 
LIBC="default" 
OS_ARCH="x86_64" 
OS_NAME="Windows" 
SOURCE=".:git:1351622c2ff2" 

Environment Variables:
JAVA_HOME=D:/android/jbr
PATH=C:\Users\Krish\bin;C:\Program Files\Git\mingw64\bin;C:\Program Files\Git\usr\local\bin;C:\Program Files\Git\usr\bin;C:\Program Files\Git\usr\bin;C:\Program Files\Git\mingw64\bin;C:\Program Files\Git\usr\bin;C:\Users\Krish\bin;C:\Users\Krish\AppData\Roaming\Code\User\globalStorage\github.copilot-chat\debugCommand;C:\Users\Krish\AppData\Roaming\Code\User\globalStorage\github.copilot-chat\copilotCli;C:\WINDOWS\system32;C:\WINDOWS;C:\WINDOWS\System32\Wbem;C:\WINDOWS\System32\WindowsPowerShell\v1.0;C:\WINDOWS\System32\OpenSSH;C:\Users\Krish\.local\bin\claude.exe;C:\Program Files\nodejs;C:\Program Files\Git\cmd;C:\WINDOWS\system32;C:\WINDOWS;C:\WINDOWS\System32\Wbem;C:\WINDOWS\System32\WindowsPowerShell\v1.0;C:\WINDOWS\System32\OpenSSH;C:\Users\Krish\.local\bin\claude.exe;C:\Users\Krish\AppData\Local\Microsoft\WindowsApps;C:\Users\Krish\AppData\Local\Programs\Kiro\bin;C:\Users\Krish\AppData\Local\Programs\Microsoft VS Code\bin;C:\Users\Krish\AppData\Local\Python\bin;C:\Users\Krish\.local\bin;C:\Users\Krish\AppData\Local\Kiro-Cli;C:\Users\Krish\AppData\Roaming\npm;C:\Users\Krish\AppData\AndroidCLI;C:\Users\Krish\.vscode\extensions\ms-python.debugpy-2026.6.0-win32-x64\bundled\scripts\noConfigScripts;C:\Program Files\Git\usr\bin\vendor_perl;C:\Program Files\Git\usr\bin\core_perl
USERNAME=Krish
SHELL=C:\Program Files\Git\usr\bin\bash.exe
LANG=en_US.UTF-8
TERM=xterm-256color
OS=Windows_NT
PROCESSOR_IDENTIFIER=AMD64 Family 23 Model 104 Stepping 1, AuthenticAMD
TMP=C:\Users\Krish\AppData\Local\Temp
TEMP=C:\Users\Krish\AppData\Local\Temp




Periodic native trim disabled

JNI global refs:
JNI global refs: 31, weak refs: 195

JNI global refs memory usage: 835, weak refs: 3361

Process memory usage:
Resident Set Size: 956704K (15% of 6109768K total physical memory with 411108K free physical memory)

OOME stack traces (most recent first):
Classloader memory used:
Loader org.gradle.internal.classloader.VisitableURLClassLoader$InstrumentingVisitableURLClassLoader: 67141K
Loader java.net.URLClassLoader                                                         : 54748K
Loader org.gradle.internal.classloader.VisitableURLClassLoader                         : 49733K
Loader bootstrap                                                                       : 33496K
Loader org.gradle.initialization.MixInLegacyTypesClassLoader                           : 14690K
Loader jdk.internal.loader.ClassLoaders$AppClassLoader                                 : 10194K
Loader jdk.internal.loader.ClassLoaders$PlatformClassLoader                            : 918K
Loader jdk.internal.reflect.DelegatingClassLoader                                      : 794K
Loader org.gradle.internal.classloader.VisitableURLClassLoader                         : 357K
Loader sun.reflect.misc.MethodUtil                                                     : 2984B

Classes loaded by more than one classloader:
Class kotlin.text.StringsKt__StringNumberConversionsKt                                : loaded 5 times (x 71B)
Class com.google.common.base.Ticker$1                                                 : loaded 5 times (x 72B)
Class kotlin.text.StringsKt__StringBuilderKt                                          : loaded 5 times (x 71B)
Class kotlin.jvm.internal.CallableReference$NoReceiver                                : loaded 5 times (x 71B)
Class com.google.common.cache.LocalCache$EntryFactory$2                               : loaded 5 times (x 83B)
Class com.google.common.collect.Multimaps                                             : loaded 5 times (x 71B)
Class kotlin.collections.ArraysKt__ArraysJVMKt                                        : loaded 5 times (x 71B)
Class com.google.common.base.Joiner$2                                                 : loaded 5 times (x 79B)
Class com.google.common.base.CharMatcher$1                                            : loaded 5 times (x 113B)
Class com.google.common.base.CharMatcher$NamedFastMatcher                             : loaded 5 times (x 112B)
Class com.google.common.collect.Maps$IteratorBasedAbstractMap                         : loaded 5 times (x 125B)
Class com.google.common.collect.Table                                                 : loaded 5 times (x 70B)
Class [Lcom.google.common.cache.RemovalListener;                                      : loaded 5 times (x 69B)
Class com.google.common.cache.LocalCache$EntryFactory$1                               : loaded 5 times (x 83B)
Class com.google.common.collect.RegularImmutableMap$KeySet                            : loaded 5 times (x 152B)
Class kotlin.LazyKt                                                                   : loaded 5 times (x 71B)
Class com.google.common.collect.PeekingIterator                                       : loaded 5 times (x 70B)
Class kotlin.collections.SetsKt__SetsKt                                               : loaded 5 times (x 71B)
Class com.google.common.base.Joiner$1                                                 : loaded 5 times (x 80B)
Class com.google.common.base.Equivalence$Identity                                     : loaded 5 times (x 82B)
Class com.google.common.base.PairwiseEquivalence                                      : loaded 5 times (x 83B)
Class kotlin.NotImplementedError                                                      : loaded 5 times (x 82B)
Class kotlin.text.StringsKt__StringsKt                                                : loaded 5 times (x 71B)
Class com.google.common.base.CharMatcher                                              : loaded 5 times (x 111B)
Class com.google.common.collect.ImmutableSetMultimap                                  : loaded 5 times (x 180B)
Class com.google.common.collect.ImmutableMapEntrySet$RegularEntrySet                  : loaded 5 times (x 152B)
Class kotlin.collections.ArraysKt                                                     : loaded 5 times (x 71B)
Class com.google.common.base.Preconditions                                            : loaded 5 times (x 71B)
Class com.google.common.collect.Hashing                                               : loaded 5 times (x 71B)
Class com.google.common.base.Equivalence$Equals                                       : loaded 5 times (x 82B)
Class kotlin.ranges.RangesKt___RangesKt                                               : loaded 5 times (x 71B)
Class kotlin.sequences.SequencesKt__SequenceBuilderKt                                 : loaded 5 times (x 71B)
Class com.google.common.collect.SortedSetMultimap                                     : loaded 5 times (x 70B)
Class com.google.common.collect.RegularImmutableBiMap                                 : loaded 5 times (x 149B)
Class com.google.common.base.CharMatcher$Negated                                      : loaded 5 times (x 113B)
Class com.google.common.base.CharMatcher$Is                                           : loaded 5 times (x 111B)
Class com.google.common.collect.AbstractIterator$State                                : loaded 5 times (x 79B)
Class com.google.common.collect.ImmutableMultimap$2                                   : loaded 5 times (x 81B)
Class com.google.common.cache.LocalCache$ValueReference                               : loaded 5 times (x 70B)
Class kotlin.KotlinNullPointerException                                               : loaded 5 times (x 83B)
Class com.google.common.collect.AbstractMapBasedMultimap$RandomAccessWrappedList      : loaded 5 times (x 205B)
Class com.google.common.collect.ImmutableMultimap$1                                   : loaded 5 times (x 82B)
Class com.google.common.base.CharMatcher$IsEither                                     : loaded 5 times (x 111B)
Class kotlin.collections.CollectionsKt__IterablesKt                                   : loaded 5 times (x 71B)
Class kotlin.collections.MapsKt                                                       : loaded 5 times (x 71B)
Class com.google.common.base.Suppliers$NonSerializableMemoizingSupplier               : loaded 5 times (x 79B)
Class com.google.common.collect.RegularImmutableMap$BucketOverflowException           : loaded 5 times (x 82B)
Class [Lcom.google.common.cache.Weigher;                                              : loaded 5 times (x 69B)
Class kotlin.jvm.internal.Intrinsics                                                  : loaded 5 times (x 71B)
Class kotlin.reflect.KAnnotatedElement                                                : loaded 5 times (x 70B)
Class com.google.common.collect.FluentIterable                                        : loaded 5 times (x 81B)
Class com.google.common.cache.LoadingCache                                            : loaded 5 times (x 70B)
Class com.google.common.collect.Maps$BiMapConverter                                   : loaded 5 times (x 90B)
Class kotlin.collections.CollectionsKt__ReversedViewsKt                               : loaded 5 times (x 71B)
Class kotlin.Lazy                                                                     : loaded 5 times (x 70B)
Class kotlin.NoWhenBranchMatchedException                                             : loaded 5 times (x 82B)
Class kotlin.jvm.KotlinReflectionNotSupportedError                                    : loaded 5 times (x 82B)
Class com.google.common.collect.ImmutableSet$RegularSetBuilderImpl                    : loaded 5 times (x 77B)
Class com.google.common.collect.ImmutableMapKeySet                                    : loaded 5 times (x 152B)
Class com.google.common.cache.CacheLoader$InvalidCacheLoadException                   : loaded 5 times (x 82B)
Class com.google.common.cache.LocalCache$EntryFactory$4                               : loaded 5 times (x 83B)
Class kotlin.collections.CollectionsKt__MutableCollectionsJVMKt                       : loaded 5 times (x 71B)
Class kotlin.text.StringsKt___StringsKt                                               : loaded 5 times (x 71B)
Class kotlin.enums.EnumEntriesKt                                                      : loaded 5 times (x 71B)
Class com.google.common.base.Splitter$1$1                                             : loaded 5 times (x 86B)
Class kotlin.collections.MapsKt__MapWithDefaultKt                                     : loaded 5 times (x 71B)
Class com.google.common.util.concurrent.ExecutionError                                : loaded 5 times (x 82B)
Class com.google.common.cache.LocalCache$EntryFactory                                 : loaded 5 times (x 83B)
Class kotlin.collections.MapsKt___MapsKt                                              : loaded 5 times (x 71B)
Class kotlin.collections.ArraysKt___ArraysKt                                          : loaded 5 times (x 71B)
Class com.google.common.collect.SortedMapDifference                                   : loaded 5 times (x 70B)
Class kotlin.text.StringsKt___StringsJvmKt                                            : loaded 5 times (x 71B)
Class com.google.common.base.Suppliers$MemoizingSupplier                              : loaded 5 times (x 79B)
Class kotlin.reflect.KDeclarationContainer                                            : loaded 5 times (x 70B)
Class com.google.common.collect.CollectPreconditions                                  : loaded 5 times (x 71B)
Class com.google.common.base.CharMatcher$InRange                                      : loaded 5 times (x 111B)
Class com.google.common.collect.SetMultimap                                           : loaded 5 times (x 70B)
Class kotlin.collections.CollectionsKt___CollectionsKt                                : loaded 5 times (x 71B)
Class kotlin.collections.EmptySet                                                     : loaded 5 times (x 122B)
Class com.google.common.collect.ImmutableEntry                                        : loaded 5 times (x 82B)
Class [Lcom.google.common.collect.AbstractMapEntry;                                   : loaded 5 times (x 69B)
Class com.google.common.collect.AbstractMapBasedMultimap$WrappedCollection            : loaded 5 times (x 124B)
Class com.google.common.collect.ArrayListMultimap                                     : loaded 5 times (x 172B)
Class com.google.common.collect.ImmutableSet$Builder                                  : loaded 5 times (x 85B)
Class kotlin.collections.MapsKt___MapsJvmKt                                           : loaded 5 times (x 71B)
Class com.google.common.collect.ImmutableEnumSet                                      : loaded 5 times (x 146B)
Class kotlin.jvm.functions.Function3                                                  : loaded 5 times (x 70B)
Class com.google.common.base.CharMatcher$NegatedFastMatcher                           : loaded 5 times (x 113B)
Class com.google.common.cache.CacheBuilder$2                                          : loaded 5 times (x 79B)
Class com.google.common.cache.LocalCache                                              : loaded 5 times (x 187B)
Class com.google.common.base.Predicate                                                : loaded 5 times (x 70B)
Class com.google.common.collect.ImmutableList$1                                       : loaded 5 times (x 97B)
Class kotlin.jvm.functions.Function2                                                  : loaded 5 times (x 70B)
Class com.google.common.collect.ImmutableMap                                          : loaded 5 times (x 120B)
Class com.google.common.cache.CacheBuilder$1                                          : loaded 5 times (x 85B)
Class [Lcom.google.common.cache.LocalCache$Strength;                                  : loaded 5 times (x 69B)
Class [Lcom.google.common.cache.LocalCache$Segment;                                   : loaded 5 times (x 69B)
Class com.google.common.cache.LocalCache$EntryFactory$5                               : loaded 5 times (x 83B)
Class kotlin.jvm.functions.Function1                                                  : loaded 5 times (x 70B)
Class com.google.common.collect.Sets                                                  : loaded 5 times (x 71B)
Class com.google.common.base.CharMatcher$FastMatcher                                  : loaded 5 times (x 111B)
Class com.google.common.base.Ticker                                                   : loaded 5 times (x 72B)
Class kotlin.jvm.functions.Function0                                                  : loaded 5 times (x 70B)
Class kotlin.collections.ArraysUtilJVM                                                : loaded 5 times (x 71B)
Class kotlin.ranges.RangesKt                                                          : loaded 5 times (x 71B)
Class com.google.common.base.Supplier                                                 : loaded 5 times (x 70B)
Class com.google.common.cache.LocalCache$EntryFactory$6                               : loaded 5 times (x 83B)
Class kotlin.TuplesKt                                                                 : loaded 5 times (x 71B)
Class com.google.common.base.CharMatcher$Or                                           : loaded 5 times (x 112B)
Class com.google.common.collect.ImmutableMultisetGwtSerializationDependencies         : loaded 5 times (x 125B)
Class kotlin.sequences.SequencesKt___SequencesJvmKt                                   : loaded 5 times (x 71B)
Class kotlin.Unit                                                                     : loaded 5 times (x 71B)
Class kotlin.collections.CollectionsKt___CollectionsJvmKt                             : loaded 5 times (x 71B)
Class com.google.common.cache.CacheStats                                              : loaded 5 times (x 71B)
Class com.google.common.collect.ImmutableSet                                          : loaded 5 times (x 145B)
Class com.google.common.base.CharMatcher$BitSetMatcher                                : loaded 5 times (x 112B)
Class com.google.common.collect.RegularImmutableMap                                   : loaded 5 times (x 121B)
Class com.google.common.collect.RegularImmutableMap$Values                            : loaded 5 times (x 207B)
Class com.google.common.collect.ImmutableMap$MapViewOfValuesAsSingletonSets           : loaded 5 times (x 126B)
Class kotlin.comparisons.ComparisonsKt___ComparisonsKt                                : loaded 5 times (x 71B)
Class kotlin.comparisons.ComparisonsKt                                                : loaded 5 times (x 71B)
Class com.google.common.base.AbstractIterator                                         : loaded 5 times (x 80B)
Class kotlin.ranges.RangesKt__RangesKt                                                : loaded 5 times (x 71B)
Class com.google.common.math.IntMath$1                                                : loaded 5 times (x 71B)
Class kotlin.collections.SetsKt___SetsKt                                              : loaded 5 times (x 71B)
Class kotlin.comparisons.ComparisonsKt__ComparisonsKt                                 : loaded 5 times (x 71B)
Class kotlin.sequences.SequencesKt__SequencesKt                                       : loaded 5 times (x 71B)
Class [Lcom.google.common.cache.CacheBuilder$NullListener;                            : loaded 5 times (x 69B)
Class kotlin.UNINITIALIZED_VALUE                                                      : loaded 5 times (x 71B)
Class com.google.common.graph.SuccessorsFunction                                      : loaded 5 times (x 70B)
Class kotlin.jvm.internal.markers.KMappedMarker                                       : loaded 5 times (x 70B)
Class kotlin.LazyKt__LazyKt                                                           : loaded 5 times (x 71B)
Class kotlin.text.StringsKt__StringBuilderJVMKt                                       : loaded 5 times (x 71B)
Class com.google.common.collect.Sets$SetView                                          : loaded 5 times (x 138B)
Class [Lcom.google.common.collect.Iterators$EmptyModifiableIterator;                  : loaded 5 times (x 69B)
Class kotlin.collections.AbstractCollection                                           : loaded 5 times (x 117B)
Class kotlin.collections.AbstractList                                                 : loaded 5 times (x 197B)
Class com.google.common.collect.Maps$8                                                : loaded 5 times (x 82B)
Class com.google.common.collect.AbstractMapBasedMultimap$WrappedList                  : loaded 5 times (x 205B)
Class kotlin.sequences.SequencesKt__SequencesJVMKt                                    : loaded 5 times (x 71B)
Class kotlin.SynchronizedLazyImpl                                                     : loaded 5 times (x 76B)
Class kotlin.text.StringsKt__RegexExtensionsKt                                        : loaded 5 times (x 71B)
Class kotlin.collections.EmptyIterator                                                : loaded 5 times (x 89B)
Class com.google.common.collect.CollectSpliterators                                   : loaded 5 times (x 71B)
Class com.google.common.collect.AbstractMapBasedMultimap$AsMap                        : loaded 5 times (x 128B)
Class com.google.common.cache.LocalCache$LoadingValueReference                        : loaded 5 times (x 97B)
Class com.google.common.cache.LocalCache$EntryFactory$7                               : loaded 5 times (x 83B)
Class [Lcom.google.common.collect.ImmutableEntry;                                     : loaded 5 times (x 69B)
Class kotlin.jvm.internal.DefaultConstructorMarker                                    : loaded 5 times (x 71B)
Class com.google.common.collect.Maps                                                  : loaded 5 times (x 71B)
Class com.google.common.collect.AbstractMapBasedMultimap$WrappedSet                   : loaded 5 times (x 142B)
Class com.google.common.collect.UnmodifiableListIterator                              : loaded 5 times (x 95B)
Class com.google.common.collect.RegularImmutableList                                  : loaded 5 times (x 213B)
Class com.google.common.collect.IndexedImmutableSet$1                                 : loaded 5 times (x 213B)
Class com.google.common.cache.CacheBuilder$OneWeigher                                 : loaded 5 times (x 82B)
Class com.google.common.collect.ImmutableMultimap$Builder                             : loaded 5 times (x 83B)
Class [Lcom.google.common.cache.CacheBuilder$OneWeigher;                              : loaded 5 times (x 69B)
Class com.google.common.base.Function                                                 : loaded 5 times (x 70B)
Class com.google.common.base.Equivalence                                              : loaded 5 times (x 82B)
Class kotlin.enums.EnumEntries                                                        : loaded 5 times (x 70B)
Class com.google.common.collect.ImmutableMapEntry$NonTerminalImmutableMapEntry        : loaded 5 times (x 85B)
Class com.google.common.collect.ImmutableMultimap                                     : loaded 5 times (x 147B)
Class com.google.common.collect.Maps$KeySet                                           : loaded 5 times (x 137B)
Class com.google.common.collect.ImmutableMapEntry                                     : loaded 5 times (x 85B)
Class com.google.common.math.IntMath                                                  : loaded 5 times (x 71B)
Class kotlin.jvm.internal.CallableReference                                           : loaded 5 times (x 106B)
Class com.google.common.collect.AbstractMapBasedMultimap$KeySet                       : loaded 5 times (x 137B)
Class com.google.common.collect.RegularImmutableSortedSet                             : loaded 5 times (x 300B)
Class com.google.common.collect.ImmutableSet$EmptySetBuilderImpl                      : loaded 5 times (x 76B)
Class com.google.common.collect.ImmutableList                                         : loaded 5 times (x 206B)
Class com.google.common.base.CharMatcher$IsNot                                        : loaded 5 times (x 111B)
Class com.google.common.base.Suppliers                                                : loaded 5 times (x 71B)
Class com.google.common.base.CommonPattern                                            : loaded 5 times (x 74B)
Class com.google.common.cache.LocalCache$LocalManualCache                             : loaded 5 times (x 99B)
Class com.google.common.collect.Iterables                                             : loaded 5 times (x 71B)
Class com.google.common.collect.ImmutableSortedSet                                    : loaded 5 times (x 300B)
Class [Lcom.google.common.cache.LocalCache$EntryFactory;                              : loaded 5 times (x 69B)
Class com.google.common.cache.LocalCache$EntryFactory$8                               : loaded 5 times (x 83B)
Class com.google.common.collect.Maps$EntryTransformer                                 : loaded 5 times (x 70B)
Class kotlin.LazyKt__LazyJVMKt                                                        : loaded 5 times (x 71B)
Class com.google.common.collect.ImmutableMultiset                                     : loaded 5 times (x 163B)
Class com.google.common.cache.CacheLoader$SupplierToCacheLoader                       : loaded 5 times (x 75B)
Class kotlin.text.StringsKt                                                           : loaded 5 times (x 71B)
Class com.google.common.base.CharMatcher$None                                         : loaded 5 times (x 112B)
Class com.google.common.collect.ImmutableAsList                                       : loaded 5 times (x 209B)
Class com.google.common.collect.Iterators$9                                           : loaded 5 times (x 81B)
Class com.google.common.base.FunctionalEquivalence                                    : loaded 5 times (x 83B)
Class com.google.common.collect.AbstractMapBasedMultimap                              : loaded 5 times (x 139B)
Class com.google.common.collect.Maps$EntrySet                                         : loaded 5 times (x 136B)
Class kotlin.collections.CollectionsKt__IteratorsKt                                   : loaded 5 times (x 71B)
Class com.google.common.collect.ImmutableSet$CachingAsList                            : loaded 5 times (x 148B)
Class com.google.common.base.Converter                                                : loaded 5 times (x 90B)
Class kotlin.sequences.SequencesKt___SequencesKt                                      : loaded 5 times (x 71B)
Class kotlin.collections.IndexedValue                                                 : loaded 5 times (x 72B)
Class kotlin.sequences.SequencesKt                                                    : loaded 5 times (x 71B)
Class com.google.common.collect.Lists                                                 : loaded 5 times (x 71B)
Class com.google.common.cache.ReferenceEntry                                          : loaded 5 times (x 70B)
Class [Lcom.google.common.collect.AbstractIterator$State;                             : loaded 5 times (x 69B)
Class kotlin.collections.CollectionsKt__CollectionsJVMKt                              : loaded 5 times (x 71B)
Class com.google.common.collect.ImmutableCollection                                   : loaded 5 times (x 125B)
Class com.google.common.base.CharMatcher$AnyOf                                        : loaded 5 times (x 112B)
Class com.google.common.cache.LocalCache$EntryFactory$3                               : loaded 5 times (x 83B)
Class com.google.common.collect.ImmutableMultimap$EntryCollection                     : loaded 5 times (x 128B)
Class com.google.common.base.CharMatcher$ForPredicate                                 : loaded 5 times (x 112B)
Class kotlin.collections.AbstractList$Companion                                       : loaded 5 times (x 71B)
Class com.google.common.collect.ImmutableMultimap$Values                              : loaded 5 times (x 126B)
Class com.google.common.cache.LocalCache$LocalManualCache$1                           : loaded 5 times (x 75B)
Class com.google.common.collect.ImmutableSet$JdkBackedSetBuilderImpl                  : loaded 5 times (x 76B)
Class com.google.common.collect.Iterators$5                                           : loaded 5 times (x 82B)
Class com.google.common.base.Splitter$SplittingIterator                               : loaded 5 times (x 84B)
Class com.google.common.collect.Iterators$4                                           : loaded 5 times (x 82B)
Class com.google.common.collect.ImmutableBiMap                                        : loaded 5 times (x 143B)
Class com.google.common.collect.AbstractListMultimap                                  : loaded 5 times (x 172B)
Class com.google.common.collect.SortedIterable                                        : loaded 5 times (x 70B)
Class com.google.common.cache.CacheLoader                                             : loaded 5 times (x 74B)
Class com.google.common.collect.AbstractMapBasedMultimap$AsMap$AsMapEntries           : loaded 5 times (x 138B)
Class com.google.common.cache.LocalCache$Segment                                      : loaded 5 times (x 154B)
Class kotlin.UninitializedPropertyAccessException                                     : loaded 5 times (x 82B)
Class com.google.common.collect.SingletonImmutableSet                                 : loaded 5 times (x 146B)
Class com.google.common.collect.ImmutableMap$IteratorBasedImmutableMap                : loaded 5 times (x 126B)
Class com.google.common.cache.LocalCache$ComputingValueReference                      : loaded 5 times (x 97B)
Class com.google.common.collect.ImmutableSet$SetBuilderImpl                           : loaded 5 times (x 76B)
Class com.google.common.collect.Iterators$1                                           : loaded 5 times (x 81B)
Class com.google.common.base.Suppliers$SupplierOfInstance                             : loaded 5 times (x 79B)
Class [Lcom.google.common.collect.ImmutableMapEntry;                                  : loaded 5 times (x 69B)
Class com.google.common.cache.CacheLoader$1                                           : loaded 5 times (x 75B)
Class kotlin.jvm.internal.Lambda                                                      : loaded 5 times (x 75B)
Class kotlin.collections.MapsKt__MapsKt                                               : loaded 5 times (x 71B)
Class com.google.common.collect.ImmutableList$ReverseImmutableList                    : loaded 5 times (x 209B)
Class kotlin.reflect.KFunction                                                        : loaded 5 times (x 70B)
Class com.google.common.base.JdkPattern                                               : loaded 5 times (x 75B)
Class Program                                                                         : loaded 5 times (x 72B)
Class kotlin.text.StringsKt__IndentKt                                                 : loaded 5 times (x 71B)
Class com.google.common.collect.SingletonImmutableList                                : loaded 5 times (x 207B)
Class kotlin.collections.SetsKt                                                       : loaded 5 times (x 71B)
Class com.google.common.cache.CacheBuilder                                            : loaded 5 times (x 72B)
Class kotlin.text.StringsKt__StringsJVMKt                                             : loaded 5 times (x 71B)
Class com.google.common.collect.NullnessCasts                                         : loaded 5 times (x 71B)
Class com.google.common.base.ExtraObjectsMethodsForWeb                                : loaded 5 times (x 71B)
Class com.google.common.collect.Multimap                                              : loaded 5 times (x 70B)
Class com.google.common.primitives.IntsMethodsForWeb                                  : loaded 5 times (x 71B)
Class com.google.common.collect.ImmutableMultimap$Keys                                : loaded 5 times (x 166B)
Class com.google.common.collect.ImmutableList$SubList                                 : loaded 5 times (x 209B)
Class [Lkotlin.reflect.KAnnotatedElement;                                             : loaded 5 times (x 69B)
Class com.google.common.base.Present                                                  : loaded 5 times (x 81B)
Class com.google.common.collect.AbstractIterator$1                                    : loaded 5 times (x 71B)
Class com.google.common.collect.AbstractMapBasedMultimap$WrappedCollection$WrappedIterator: loaded 5 times (x 84B)
Class com.google.common.collect.ListMultimap                                          : loaded 5 times (x 70B)
Class com.google.common.collect.CollectSpliterators$1WithCharacteristics              : loaded 5 times (x 90B)
Class com.google.common.cache.RemovalListener                                         : loaded 5 times (x 70B)
Class com.google.common.cache.AbstractCache$StatsCounter                              : loaded 5 times (x 70B)
Class com.google.common.collect.ImmutableEnumMap                                      : loaded 5 times (x 126B)
Class com.google.common.collect.ImmutableMap$Builder                                  : loaded 5 times (x 82B)
Class kotlin.collections.IndexingIterator                                             : loaded 5 times (x 79B)
Class com.google.common.base.NullnessCasts                                            : loaded 5 times (x 71B)
Class kotlin.text.StringsKt__AppendableKt                                             : loaded 5 times (x 71B)
Class com.google.common.cache.Cache                                                   : loaded 5 times (x 70B)
Class com.google.common.cache.LocalCache$Strength                                     : loaded 5 times (x 81B)
Class com.google.common.cache.Weigher                                                 : loaded 5 times (x 70B)
Class kotlin.Function                                                                 : loaded 5 times (x 70B)
Class com.google.common.base.Splitter                                                 : loaded 5 times (x 72B)
Class kotlin.collections.SetsKt__SetsJVMKt                                            : loaded 5 times (x 71B)
Class com.google.common.collect.ImmutableMapEntrySet                                  : loaded 5 times (x 152B)
Class kotlin.collections.ArraysKt__ArraysKt                                           : loaded 5 times (x 71B)
Class com.google.common.math.MathPreconditions                                        : loaded 5 times (x 71B)
Class com.google.common.collect.AbstractIndexedListIterator                           : loaded 5 times (x 96B)
Class com.google.common.collect.ObjectArrays                                          : loaded 5 times (x 71B)
Class kotlin.collections.IndexingIterable                                             : loaded 5 times (x 79B)
Class com.google.common.collect.ArrayListMultimapGwtSerializationDependencies         : loaded 5 times (x 172B)
Class com.google.common.collect.Multiset                                              : loaded 5 times (x 70B)
Class com.google.common.collect.FluentIterable$3                                      : loaded 5 times (x 81B)
Class com.google.common.collect.AbstractIterator                                      : loaded 5 times (x 82B)
Class com.google.common.base.Absent                                                   : loaded 5 times (x 80B)
Class com.google.common.primitives.Ints                                               : loaded 5 times (x 71B)
Class com.google.common.collect.FluentIterable$2                                      : loaded 5 times (x 81B)
Class com.google.common.collect.Iterators$EmptyModifiableIterator                     : loaded 5 times (x 86B)
Class com.google.common.collect.ImmutableMap$1                                        : loaded 5 times (x 81B)
Class com.google.common.collect.BiMap                                                 : loaded 5 times (x 70B)
Class com.google.common.collect.IndexedImmutableSet                                   : loaded 5 times (x 152B)
Class com.google.common.collect.FluentIterable$1                                      : loaded 5 times (x 81B)
Class com.google.common.base.Objects                                                  : loaded 5 times (x 71B)
Class kotlin.collections.MapsKt__MapsJVMKt                                            : loaded 5 times (x 71B)
Class com.google.common.collect.Sets$1                                                : loaded 5 times (x 139B)
Class kotlin.collections.EmptyList                                                    : loaded 5 times (x 174B)
Class com.google.common.base.CharMatcher$And                                          : loaded 5 times (x 112B)
Class com.google.common.collect.AbstractMapBasedMultimap$KeySet$1                     : loaded 5 times (x 82B)
Class [Lkotlin.reflect.KCallable;                                                     : loaded 5 times (x 69B)
Class com.google.common.cache.CacheLoader$UnsupportedLoadingOperationException        : loaded 5 times (x 82B)
Class com.google.common.collect.Lists$StringAsImmutableList                           : loaded 5 times (x 207B)
Class com.google.common.util.concurrent.UncheckedExecutionException                   : loaded 5 times (x 82B)
Class com.google.common.collect.Iterators                                             : loaded 5 times (x 71B)
Class com.google.common.base.Optional                                                 : loaded 5 times (x 80B)
Class com.google.common.collect.RegularImmutableAsList                                : loaded 5 times (x 217B)
Class kotlin.reflect.KCallable                                                        : loaded 5 times (x 70B)
Class kotlin.collections.CollectionsKt                                                : loaded 5 times (x 71B)
Class kotlin.collections.CollectionsKt__MutableCollectionsKt                          : loaded 5 times (x 71B)
Class com.google.common.collect.Maps$ViewCachingAbstractMap                           : loaded 5 times (x 125B)
Class kotlin.collections.CollectionsKt___CollectionsKt$withIndex$1                    : loaded 5 times (x 79B)
Class com.google.common.collect.AbstractMultimap                                      : loaded 5 times (x 123B)
Class com.google.common.collect.Sets$ImprovedAbstractSet                              : loaded 5 times (x 135B)
Class com.google.common.collect.ImmutableList$Builder                                 : loaded 5 times (x 77B)
Class com.google.common.collect.AbstractSetMultimap                                   : loaded 5 times (x 174B)
Class com.google.common.cache.LocalCache$2                                            : loaded 5 times (x 142B)
Class com.google.common.base.Ascii                                                    : loaded 5 times (x 71B)
Class kotlin.Pair                                                                     : loaded 5 times (x 72B)
Class com.google.common.collect.AbstractMapEntry                                      : loaded 5 times (x 81B)
Class com.google.common.collect.SingletonImmutableBiMap                               : loaded 5 times (x 143B)
Class com.google.common.cache.LocalCache$1                                            : loaded 5 times (x 89B)
Class com.google.common.collect.UnmodifiableIterator                                  : loaded 5 times (x 80B)
Class com.google.common.collect.Sets$2                                                : loaded 5 times (x 139B)
Class com.google.common.collect.Platform                                              : loaded 5 times (x 71B)
Class kotlin.collections.CollectionsKt__IteratorsJVMKt                                : loaded 5 times (x 71B)
Class com.google.common.base.Joiner                                                   : loaded 5 times (x 79B)
Class kotlin.sequences.Sequence                                                       : loaded 5 times (x 70B)
Class com.google.common.collect.BaseImmutableMultimap                                 : loaded 5 times (x 123B)
Class com.google.common.base.MoreObjects                                              : loaded 5 times (x 71B)
Class kotlin.text.StringsKt__StringNumberConversionsJVMKt                             : loaded 5 times (x 71B)
Class kotlin.comparisons.ComparisonsKt___ComparisonsJvmKt                             : loaded 5 times (x 71B)
Class com.google.common.collect.EmptyImmutableListMultimap                            : loaded 5 times (x 176B)
Class kotlin.jvm.internal.FunctionBase                                                : loaded 5 times (x 70B)
Class com.google.common.collect.ImmutableCollection$Builder                           : loaded 5 times (x 76B)
Class com.google.common.collect.Iterators$ArrayItr                                    : loaded 5 times (x 97B)
Class kotlin.jvm.internal.FunctionReference                                           : loaded 5 times (x 122B)
Class kotlin.enums.EnumEntriesList                                                    : loaded 5 times (x 223B)
Class com.google.common.collect.ImmutableListMultimap                                 : loaded 5 times (x 176B)
Class com.google.common.cache.LocalCache$LocalLoadingCache                            : loaded 5 times (x 134B)
Class com.google.common.cache.CacheLoader$FunctionToCacheLoader                       : loaded 5 times (x 75B)
Class kotlin._Assertions                                                              : loaded 5 times (x 71B)
Class com.google.common.cache.CacheBuilder$NullListener                               : loaded 5 times (x 82B)
Class kotlin.collections.CollectionsKt__CollectionsKt                                 : loaded 5 times (x 71B)
Class kotlin.collections.ArraysKt___ArraysJvmKt                                       : loaded 5 times (x 71B)
Class kotlin.text.StringsKt__RegexExtensionsJVMKt                                     : loaded 5 times (x 71B)
Class com.google.common.collect.MapDifference                                         : loaded 5 times (x 70B)
Class com.google.common.cache.LocalCache$Strength$3                                   : loaded 5 times (x 81B)
Class com.google.common.base.Splitter$1                                               : loaded 5 times (x 77B)
Class com.google.common.collect.Sets$3                                                : loaded 5 times (x 139B)
Class com.google.common.collect.Iterators$MergingIterator                             : loaded 5 times (x 81B)
Class com.google.common.cache.LocalCache$Strength$2                                   : loaded 5 times (x 81B)
Class com.google.common.collect.RegularImmutableSet                                   : loaded 5 times (x 149B)
Class com.google.common.base.Splitter$Strategy                                        : loaded 5 times (x 70B)
Class com.google.common.collect.Sets$4                                                : loaded 5 times (x 139B)
Class com.google.common.cache.LocalCache$Strength$1                                   : loaded 5 times (x 81B)
Class kotlin.reflect.jvm.internal.CachesKt                                            : loaded 4 times (x 71B)
Class kotlin.jvm.functions.Function17                                                 : loaded 4 times (x 70B)
Class kotlin.reflect.jvm.internal.CacheByClassKt                                      : loaded 4 times (x 71B)
Class kotlin.jvm.functions.Function16                                                 : loaded 4 times (x 70B)
Class com.google.common.collect.ByFunctionOrdering                                    : loaded 4 times (x 115B)
Class kotlin.coroutines.EmptyCoroutineContext                                         : loaded 4 times (x 77B)
Class com.google.common.collect.HashMultiset                                          : loaded 4 times (x 163B)
Class kotlin.ranges.IntProgression                                                    : loaded 4 times (x 81B)
Class kotlin.jvm.functions.Function19                                                 : loaded 4 times (x 70B)
Class kotlin.text.CharsKt__CharKt                                                     : loaded 4 times (x 71B)
Class kotlin.jvm.functions.Function15                                                 : loaded 4 times (x 70B)
Class com.google.common.collect.FluentIterable$3$1                                    : loaded 4 times (x 98B)
Class com.google.common.collect.MultimapBuilder$MultimapBuilderWithKeys$6             : loaded 4 times (x 76B)
Class [Lcom.google.common.collect.LinkedHashMultimap$ValueEntry;                      : loaded 4 times (x 69B)
Class kotlin.jvm.functions.Function14                                                 : loaded 4 times (x 70B)
Class com.google.common.collect.MultimapBuilder$MultimapBuilderWithKeys$5             : loaded 4 times (x 78B)
Class kotlin.ranges.OpenEndRange                                                      : loaded 4 times (x 70B)
Class kotlin.jvm.functions.Function13                                                 : loaded 4 times (x 70B)
Class kotlin.sequences.SequenceBuilderIterator                                        : loaded 4 times (x 85B)
Class com.google.common.base.CaseFormat$3                                             : loaded 4 times (x 83B)
Class kotlin.jvm.functions.Function21                                                 : loaded 4 times (x 70B)
Class com.google.common.collect.MultimapBuilder$MultimapBuilderWithKeys$4             : loaded 4 times (x 76B)
Class kotlin.reflect.jvm.internal.impl.builtins.CompanionObjectMapping                : loaded 4 times (x 71B)
Class kotlin.jvm.functions.Function12                                                 : loaded 4 times (x 70B)
Class kotlin.reflect.jvm.internal.impl.name.ClassId                                   : loaded 4 times (x 72B)
Class kotlin.coroutines.intrinsics.CoroutineSingletons                                : loaded 4 times (x 79B)
Class com.google.common.collect.MultimapBuilder$MultimapBuilderWithKeys$3             : loaded 4 times (x 76B)
Class kotlin.reflect.KMutableProperty$Setter                                          : loaded 4 times (x 70B)
Class kotlin.ranges.IntRange$Companion                                                : loaded 4 times (x 71B)
Class kotlin.collections.EmptyMap                                                     : loaded 4 times (x 109B)
Class kotlin.jvm.functions.Function11                                                 : loaded 4 times (x 70B)
Class com.google.common.base.CaseFormat                                               : loaded 4 times (x 83B)
Class kotlin.coroutines.intrinsics.IntrinsicsKt                                       : loaded 4 times (x 71B)
Class kotlin.jvm.internal.markers.KMutableCollection                                  : loaded 4 times (x 70B)
Class kotlin.jvm.internal.MutablePropertyReference0                                   : loaded 4 times (x 137B)
Class kotlin.jvm.internal.CollectionToArray                                           : loaded 4 times (x 71B)
Class com.google.common.collect.MultimapBuilder$MultimapBuilderWithKeys$2             : loaded 4 times (x 76B)
Class kotlin.reflect.jvm.internal.EmptyContainerForLocal                              : loaded 4 times (x 84B)
Class [Lkotlin.reflect.KClassifier;                                                   : loaded 4 times (x 69B)
Class [Lkotlin.LazyThreadSafetyMode;                                                  : loaded 4 times (x 69B)
Class kotlin.annotation.MustBeDocumented                                              : loaded 4 times (x 70B)
Class kotlin.jvm.functions.Function9                                                  : loaded 4 times (x 70B)
Class kotlin.jvm.functions.Function10                                                 : loaded 4 times (x 70B)
Class [Lkotlin.reflect.jvm.internal.impl.name.ClassId;                                : loaded 4 times (x 69B)
Class com.google.common.collect.Maps$13                                               : loaded 4 times (x 85B)
Class com.google.common.base.VerifyException                                          : loaded 4 times (x 82B)
Class com.google.common.collect.Collections2$FilteredCollection                       : loaded 4 times (x 119B)
Class com.google.common.collect.MultimapBuilder$MultimapBuilderWithKeys$1             : loaded 4 times (x 76B)
Class com.google.common.collect.MultimapBuilder$1                                     : loaded 4 times (x 83B)
Class com.squareup.javapoet.Util                                                      : loaded 4 times (x 71B)
Class kotlin.reflect.jvm.internal.impl.name.FqNameUnsafe                              : loaded 4 times (x 72B)
Class com.google.common.collect.EmptyImmutableSetMultimap                             : loaded 4 times (x 180B)
Class com.google.common.base.CaseFormat$4                                             : loaded 4 times (x 83B)
Class [Lkotlin.annotation.AnnotationRetention;                                        : loaded 4 times (x 69B)
Class kotlin.jvm.functions.Function22                                                 : loaded 4 times (x 70B)
Class kotlin.jvm.functions.Function8                                                  : loaded 4 times (x 70B)
Class kotlin.annotation.AnnotationRetention                                           : loaded 4 times (x 79B)
Class com.google.common.collect.Maps$12                                               : loaded 4 times (x 82B)
Class kotlin.collections.MapWithDefault                                               : loaded 4 times (x 70B)
Class com.google.common.collect.NullsLastOrdering                                     : loaded 4 times (x 115B)
Class kotlin.collections.builders.MapBuilder$Companion                                : loaded 4 times (x 71B)
Class com.google.common.collect.Iterables$5                                           : loaded 4 times (x 81B)
Class com.google.common.collect.AbstractMultiset$EntrySet                             : loaded 4 times (x 138B)
Class kotlin.reflect.jvm.internal.KPropertyImpl$Companion                             : loaded 4 times (x 71B)
Class kotlin.reflect.jvm.internal.impl.name.Name                                      : loaded 4 times (x 75B)
Class com.google.common.collect.AbstractMultiset                                      : loaded 4 times (x 159B)
Class kotlin.jvm.functions.Function7                                                  : loaded 4 times (x 70B)
Class kotlin.reflect.jvm.internal.KTypeParameterOwnerImpl                             : loaded 4 times (x 70B)
Class kotlin.jvm.functions.Function6                                                  : loaded 4 times (x 70B)
Class [Lcom.google.common.collect.Maps$EntryFunction;                                 : loaded 4 times (x 69B)
Class com.google.common.collect.Maps$AbstractFilteredMap                              : loaded 4 times (x 127B)
Class com.google.common.collect.AllEqualOrdering                                      : loaded 4 times (x 114B)
Class kotlin.annotation.Retention                                                     : loaded 4 times (x 70B)
Class kotlin.jvm.functions.Function5                                                  : loaded 4 times (x 70B)
Class kotlin.reflect.jvm.internal.KClassImpl$Data                                     : loaded 4 times (x 72B)
Class kotlin.reflect.jvm.internal.impl.builtins.PrimitiveType$Companion               : loaded 4 times (x 71B)
Class kotlin.annotation.Target                                                        : loaded 4 times (x 70B)
Class com.google.common.collect.TransformedIterator                                   : loaded 4 times (x 80B)
Class com.google.common.base.CaseFormat$5                                             : loaded 4 times (x 83B)
Class kotlin.jvm.functions.Function4                                                  : loaded 4 times (x 70B)
Class com.google.common.cache.CacheBuilder$3                                          : loaded 4 times (x 72B)
Class kotlin.reflect.jvm.internal.KDeclarationContainerImpl$Data                      : loaded 4 times (x 72B)
Class kotlin.SafePublicationLazyImpl$Companion                                        : loaded 4 times (x 71B)
Class kotlin.jvm.functions.Function20                                                 : loaded 4 times (x 70B)
Class kotlin.jvm.internal.PropertyReference1Impl                                      : loaded 4 times (x 127B)
Class kotlin.reflect.KTypeParameter                                                   : loaded 4 times (x 70B)
Class kotlin.jvm.internal.MutablePropertyReference1                                   : loaded 4 times (x 137B)
Class com.google.common.base.CaseFormat$2                                             : loaded 4 times (x 83B)
Class com.google.common.collect.MultimapBuilder$2                                     : loaded 4 times (x 83B)
Class com.google.common.collect.MultimapBuilder$MultimapBuilderWithKeys               : loaded 4 times (x 82B)
Class kotlin.reflect.jvm.internal.RuntimeTypeMapper                                   : loaded 4 times (x 71B)
Class com.google.common.base.Functions                                                : loaded 4 times (x 71B)
Class com.google.common.collect.ImmutableSortedSet$Builder                            : loaded 4 times (x 86B)
Class kotlin.jvm.internal.markers.KMutableIterator                                    : loaded 4 times (x 70B)
Class com.google.common.collect.MultimapBuilder$SetMultimapBuilder                    : loaded 4 times (x 75B)
Class kotlin.collections.AbstractMutableList                                          : loaded 4 times (x 206B)
Class com.google.common.collect.ReverseOrdering                                       : loaded 4 times (x 115B)
Class kotlin.reflect.jvm.internal.KClassImpl                                          : loaded 4 times (x 115B)
Class com.google.common.base.Verify                                                   : loaded 4 times (x 71B)
Class [Lkotlin.DeprecationLevel;                                                      : loaded 4 times (x 69B)
Class com.google.common.collect.ForwardingSet                                         : loaded 4 times (x 151B)
Class com.google.common.collect.MultimapBuilder$SortedSetMultimapBuilder              : loaded 4 times (x 77B)
Class com.google.common.collect.MultimapBuilder$3                                     : loaded 4 times (x 84B)
Class kotlin.collections.builders.MapBuilder                                          : loaded 4 times (x 112B)
Class com.google.common.collect.AbstractMapBasedMultimap$2                            : loaded 4 times (x 85B)
Class com.google.common.collect.ImmutableListMultimap$Builder                         : loaded 4 times (x 83B)
Class kotlin.jvm.internal.markers.KMutableIterable                                    : loaded 4 times (x 70B)
Class kotlin.reflect.jvm.internal.ReflectProperties$Val$1                             : loaded 4 times (x 71B)
Class com.google.common.collect.HashMultimap                                          : loaded 4 times (x 174B)
Class kotlin.reflect.KType                                                            : loaded 4 times (x 70B)
Class com.google.common.collect.Sets$FilteredSet                                      : loaded 4 times (x 137B)
Class kotlin.text.CharsKt__CharJVMKt                                                  : loaded 4 times (x 71B)
Class kotlin.Result$Companion                                                         : loaded 4 times (x 71B)
Class kotlin.reflect.jvm.internal.ReflectProperties$Val                               : loaded 4 times (x 74B)
Class kotlin.coroutines.jvm.internal.BaseContinuationImpl                             : loaded 4 times (x 87B)
Class kotlin.jvm.internal.MutablePropertyReference2                                   : loaded 4 times (x 137B)
Class kotlin.text.Regex$Companion                                                     : loaded 4 times (x 71B)
Class kotlin.ranges.IntProgression$Companion                                          : loaded 4 times (x 71B)
Class kotlin.jvm.internal.ClassBasedDeclarationContainer                              : loaded 4 times (x 70B)
Class [Lkotlin.reflect.jvm.internal.impl.resolve.jvm.JvmPrimitiveType;                : loaded 4 times (x 69B)
Class kotlin.coroutines.Continuation                                                  : loaded 4 times (x 70B)
Class com.google.common.collect.Maps$FilteredEntryMap$EntrySet                        : loaded 4 times (x 152B)
Class kotlin.jvm.internal.ReflectionFactory                                           : loaded 4 times (x 91B)
Class com.google.common.collect.RegularImmutableBiMap$Inverse                         : loaded 4 times (x 143B)
Class [Lkotlin.reflect.KProperty;                                                     : loaded 4 times (x 69B)
Class kotlin.text.Regex                                                               : loaded 4 times (x 72B)
Class kotlin.collections.builders.ListBuilder$Itr                                     : loaded 4 times (x 94B)
Class com.google.common.collect.Maps$9                                                : loaded 4 times (x 76B)
Class kotlin.sequences.SequencesKt__SequenceBuilderKt$sequence$$inlined$Sequence$1    : loaded 4 times (x 75B)
Class com.google.common.base.Predicates$CompositionPredicate                          : loaded 4 times (x 88B)
Class com.google.common.collect.MultimapBuilder$4                                     : loaded 4 times (x 84B)
Class com.google.common.collect.CompoundOrdering                                      : loaded 4 times (x 115B)
Class kotlin.coroutines.jvm.internal.RestrictedSuspendLambda                          : loaded 4 times (x 91B)
Class com.squareup.javapoet.ArrayTypeName                                             : loaded 4 times (x 81B)
Class kotlin.jvm.internal.SpreadBuilder                                               : loaded 4 times (x 76B)
Class com.google.common.collect.LinkedHashMultimap$ValueSet                           : loaded 4 times (x 142B)
Class com.google.common.collect.Multimaps$Entries                                     : loaded 4 times (x 118B)
Class [Lkotlin.coroutines.intrinsics.CoroutineSingletons;                             : loaded 4 times (x 69B)
Class com.google.common.collect.Maps$IteratorBasedAbstractMap$1                       : loaded 4 times (x 138B)
Class com.google.common.collect.Multisets$EntrySet                                    : loaded 4 times (x 136B)
Class kotlin.reflect.full.IllegalPropertyDelegateAccessException                      : loaded 4 times (x 82B)
Class kotlin.LazyThreadSafetyMode                                                     : loaded 4 times (x 79B)
Class kotlin.reflect.jvm.internal.impl.name.StandardClassIds                          : loaded 4 times (x 71B)
Class [Lkotlin.reflect.jvm.internal.impl.builtins.jvm.JavaToKotlinClassMap$PlatformMutabilityMapping;: loaded 4 times (x 69B)
Class com.google.common.collect.Sets$3$1                                              : loaded 4 times (x 82B)
Class kotlin.jvm.internal.MutablePropertyReference                                    : loaded 4 times (x 119B)
Class kotlin.jvm.internal.PropertyReference2                                          : loaded 4 times (x 127B)
Class kotlin.LazyKt__LazyJVMKt$WhenMappings                                           : loaded 4 times (x 71B)
Class [Lkotlin.annotation.AnnotationTarget;                                           : loaded 4 times (x 69B)
Class com.google.common.collect.MultimapBuilder$ListMultimapBuilder                   : loaded 4 times (x 75B)
Class com.squareup.javapoet.TypeVariableName                                          : loaded 4 times (x 81B)
Class kotlin.jvm.internal.PropertyReference1                                          : loaded 4 times (x 127B)
Class kotlin.reflect.full.IllegalCallableAccessException                              : loaded 4 times (x 82B)
Class kotlin.jvm.internal.PropertyReference0                                          : loaded 4 times (x 127B)
Class kotlin.reflect.jvm.internal.KDeclarationContainerImpl$Companion                 : loaded 4 times (x 71B)
Class com.google.common.collect.Maps$EntryFunction                                    : loaded 4 times (x 91B)
Class dagger.hilt.processor.internal.root.ir.InvalidRootsException                    : loaded 4 times (x 82B)
Class kotlin.jvm.internal.markers.KMutableListIterator                                : loaded 4 times (x 70B)
Class com.google.common.base.Predicates                                               : loaded 4 times (x 71B)
Class kotlin.ranges.IntRange                                                          : loaded 4 times (x 93B)
Class kotlin.reflect.jvm.internal.impl.descriptors.runtime.structure.ReflectClassUtilKt: loaded 4 times (x 71B)
Class kotlin.jvm.internal.markers.KMutableMap                                         : loaded 4 times (x 70B)
Class kotlin.collections.AbstractList$IteratorImpl                                    : loaded 4 times (x 82B)
Class kotlin.coroutines.jvm.internal.DebugProbesKt                                    : loaded 4 times (x 71B)
Class com.google.common.collect.LinkedHashMultimap$ValueEntry                         : loaded 4 times (x 89B)
Class kotlin.reflect.jvm.internal.impl.name.FqName                                    : loaded 4 times (x 72B)
Class kotlin.collections.builders.ListBuilder$Companion                               : loaded 4 times (x 71B)
Class kotlin.collections.builders.ListBuilder                                         : loaded 4 times (x 207B)
Class kotlin.reflect.jvm.internal.impl.builtins.PrimitiveType                         : loaded 4 times (x 79B)
Class com.google.common.collect.ImmutableMapEntry$NonTerminalImmutableBiMapEntry      : loaded 4 times (x 85B)
Class [Lkotlin.reflect.KClass;                                                        : loaded 4 times (x 69B)
Class com.squareup.javapoet.ClassName                                                 : loaded 4 times (x 84B)
Class com.squareup.javapoet.LineWrapper                                               : loaded 4 times (x 72B)
Class kotlin.jvm.functions.Function18                                                 : loaded 4 times (x 70B)
Class kotlin.jvm.internal.MutablePropertyReference1Impl                               : loaded 4 times (x 137B)
Class com.google.common.collect.StandardTable                                         : loaded 4 times (x 124B)
Class com.google.common.collect.UsingToStringOrdering                                 : loaded 4 times (x 114B)
Class kotlin.jvm.internal.markers.KMutableList                                        : loaded 4 times (x 70B)
Class com.google.common.base.CaseFormat$StringConverter                               : loaded 4 times (x 90B)
Class kotlin.coroutines.jvm.internal.RestrictedContinuationImpl                       : loaded 4 times (x 87B)
Class com.google.common.base.Functions$ConstantFunction                               : loaded 4 times (x 84B)
Class kotlin.reflect.jvm.internal.impl.name.FqNamesUtilKt                             : loaded 4 times (x 71B)
Class kotlin.reflect.jvm.internal.impl.name.StandardClassIdsKt                        : loaded 4 times (x 71B)
Class com.google.common.collect.ImmutableMapValues                                    : loaded 4 times (x 126B)
Class kotlin.coroutines.jvm.internal.SuspendFunction                                  : loaded 4 times (x 70B)
Class com.squareup.javapoet.TypeName                                                  : loaded 4 times (x 81B)
Class com.google.common.collect.ReverseNaturalOrdering                                : loaded 4 times (x 114B)
Class kotlin.reflect.jvm.internal.impl.name.SpecialNames                              : loaded 4 times (x 71B)
Class com.google.common.collect.ImmutableSetMultimap$EntrySet                         : loaded 4 times (x 146B)
Class com.google.common.collect.LinkedHashMultimap$ValueSetLink                       : loaded 4 times (x 70B)
Class com.google.common.collect.Multimaps$CustomListMultimap                          : loaded 4 times (x 174B)
Class kotlin.reflect.jvm.internal.KDeclarationContainerImpl                           : loaded 4 times (x 84B)
Class com.google.common.collect.Iterators$6                                           : loaded 4 times (x 81B)
Class com.google.common.collect.ImmutableSortedAsList                                 : loaded 4 times (x 221B)
Class kotlin.coroutines.intrinsics.IntrinsicsKt__IntrinsicsKt                         : loaded 4 times (x 71B)
Class com.google.common.collect.MultimapBuilder$ArrayListSupplier                     : loaded 4 times (x 77B)
Class kotlin.reflect.KMutableProperty0                                                : loaded 4 times (x 70B)
Class kotlin.reflect.jvm.internal.ReflectProperties                                   : loaded 4 times (x 71B)
Class kotlin.SafePublicationLazyImpl                                                  : loaded 4 times (x 76B)
Class com.google.common.collect.Maps$FilteredEntryMap                                 : loaded 4 times (x 128B)
Class kotlin.reflect.KProperty$Getter                                                 : loaded 4 times (x 70B)
Class com.google.common.collect.Ordering                                              : loaded 4 times (x 114B)
Class com.google.common.collect.AbstractMapBasedMultiset                              : loaded 4 times (x 163B)
Class com.google.common.collect.MultimapBuilder                                       : loaded 4 times (x 73B)
Class kotlin.Metadata                                                                 : loaded 4 times (x 70B)
Class com.google.common.collect.Count                                                 : loaded 4 times (x 71B)
Class kotlin.reflect.KClassifier                                                      : loaded 4 times (x 70B)
Class [Lcom.google.common.base.CaseFormat;                                            : loaded 4 times (x 69B)
Class [Lkotlin.reflect.KDeclarationContainer;                                         : loaded 4 times (x 69B)
Class com.google.common.collect.Sets$1$1                                              : loaded 4 times (x 82B)
Class com.google.common.collect.ForwardingObject                                      : loaded 4 times (x 72B)
Class kotlin.Result                                                                   : loaded 4 times (x 72B)
Class kotlin.reflect.KProperty0                                                       : loaded 4 times (x 70B)
Class kotlin.reflect.jvm.internal.KProperty1Impl                                      : loaded 4 times (x 128B)
Class [Lkotlin.reflect.jvm.internal.impl.name.FqName;                                 : loaded 4 times (x 69B)
Class kotlin.reflect.jvm.internal.KPackageImpl                                        : loaded 4 times (x 85B)
Class com.google.common.base.Equivalence$Wrapper                                      : loaded 4 times (x 72B)
Class kotlin.coroutines.CoroutineContext                                              : loaded 4 times (x 70B)
Class com.google.common.collect.LinkedHashMultimap$ValueSet$1                         : loaded 4 times (x 82B)
Class kotlin.coroutines.intrinsics.IntrinsicsKt__IntrinsicsJvmKt                      : loaded 4 times (x 71B)
Class kotlin.coroutines.jvm.internal.CoroutineStackFrame                              : loaded 4 times (x 70B)
Class com.squareup.javapoet.LineWrapper$RecordingAppendable                           : loaded 4 times (x 77B)
Class [Ldagger.hilt.processor.internal.optionvalues.GradleProjectType;                : loaded 4 times (x 69B)
Class kotlin.reflect.jvm.internal.impl.builtins.jvm.JavaToKotlinClassMap$PlatformMutabilityMapping: loaded 4 times (x 72B)
Class kotlin.reflect.jvm.internal.ComputableClassValue                                : loaded 4 times (x 80B)
Class kotlin.reflect.jvm.internal.impl.resolve.jvm.JvmPrimitiveType                   : loaded 4 times (x 79B)
Class kotlin.ranges.ClosedRange                                                       : loaded 4 times (x 70B)
Class kotlin.jvm.internal.Reflection                                                  : loaded 4 times (x 71B)
Class com.google.common.collect.Iterators$ConcatenatedIterator                        : loaded 4 times (x 82B)
Class kotlin.reflect.KProperty                                                        : loaded 4 times (x 70B)
Class com.google.common.base.CaseFormat$1                                             : loaded 4 times (x 83B)
Class kotlin.jvm.JvmClassMappingKt                                                    : loaded 4 times (x 71B)
Class kotlin.reflect.KProperty1                                                       : loaded 4 times (x 70B)
Class kotlin.reflect.KClass                                                           : loaded 4 times (x 70B)
Class kotlin.reflect.jvm.internal.KPropertyImpl                                       : loaded 4 times (x 115B)
Class kotlin.annotation.AnnotationTarget                                              : loaded 4 times (x 79B)
Class com.google.common.collect.Maps$EntryFunction$2                                  : loaded 4 times (x 91B)
Class com.google.common.collect.Maps$FilteredEntryMap$EntrySet$1                      : loaded 4 times (x 82B)
Class kotlin.reflect.KMutableProperty1                                                : loaded 4 times (x 70B)
Class kotlin.reflect.jvm.internal.ReflectProperties$LazySoftVal                       : loaded 4 times (x 78B)
Class com.google.common.collect.AbstractTable                                         : loaded 4 times (x 120B)
Class [Lkotlin.reflect.jvm.internal.impl.builtins.PrimitiveType;                      : loaded 4 times (x 69B)
Class kotlin.reflect.jvm.internal.impl.builtins.StandardNames                         : loaded 4 times (x 71B)
Class com.google.common.collect.ImmutableMap$IteratorBasedImmutableMap$1EntrySetImpl  : loaded 4 times (x 154B)
Class com.google.common.collect.Maps$TransformedEntriesMap                            : loaded 4 times (x 127B)
Class com.google.common.collect.LinkedHashMultimap                                    : loaded 4 times (x 175B)
Class com.google.common.collect.AbstractMapBasedMultimap$AsMap$AsMapIterator          : loaded 4 times (x 83B)
Class com.google.common.collect.Maps$EntryFunction$1                                  : loaded 4 times (x 91B)
Class kotlin.reflect.jvm.internal.impl.name.FqNameUnsafe$1                            : loaded 4 times (x 74B)
Class com.google.common.collect.AbstractMultimap$Entries                              : loaded 4 times (x 120B)
Class kotlin.jvm.internal.PropertyReference                                           : loaded 4 times (x 115B)
Class kotlin.internal.ProgressionUtilKt                                               : loaded 4 times (x 71B)
Class kotlin.reflect.KMutableProperty                                                 : loaded 4 times (x 70B)
Class kotlin.reflect.jvm.internal.KClassifierImpl                                     : loaded 4 times (x 70B)
Class [Lcom.google.common.collect.LinkedHashMultimap$ValueSetLink;                    : loaded 4 times (x 69B)
Class dagger.hilt.processor.internal.optionvalues.GradleProjectType                   : loaded 4 times (x 79B)
Class com.squareup.javapoet.ParameterizedTypeName                                     : loaded 4 times (x 81B)
Class kotlin.reflect.jvm.internal.KotlinReflectionInternalError                       : loaded 4 times (x 82B)
Class kotlin.reflect.jvm.internal.impl.builtins.jvm.JavaToKotlinClassMap              : loaded 4 times (x 71B)
Class com.google.common.collect.ImmutableSetMultimap$Builder                          : loaded 4 times (x 83B)
Class com.google.common.collect.NaturalOrdering                                       : loaded 4 times (x 115B)
Class com.google.common.collect.LinkedHashMultimapGwtSerializationDependencies        : loaded 4 times (x 174B)
Class kotlin.Result$Failure                                                           : loaded 4 times (x 72B)
Class com.google.common.collect.ComparatorOrdering                                    : loaded 4 times (x 115B)
Class kotlin.reflect.jvm.internal.ClassValueCache                                     : loaded 4 times (x 74B)
Class com.google.common.collect.NullsFirstOrdering                                    : loaded 4 times (x 115B)
Class kotlin.sequences.SequenceScope                                                  : loaded 4 times (x 73B)
Class kotlin.ResultKt                                                                 : loaded 4 times (x 71B)
Class kotlin.reflect.KProperty2                                                       : loaded 4 times (x 70B)
Class kotlin.reflect.jvm.internal.impl.builtins.StandardNames$FqNames                 : loaded 4 times (x 71B)
Class com.squareup.javapoet.CodeWriter$Multiset                                       : loaded 4 times (x 72B)
Class com.google.common.collect.AbstractMapBasedMultimap$Itr                          : loaded 4 times (x 83B)
Class [Lcom.google.common.base.Function;                                              : loaded 4 times (x 69B)
Class kotlin.collections.builders.ListBuilderKt                                       : loaded 4 times (x 71B)
Class kotlin.reflect.jvm.internal.ReflectionFactoryImpl                               : loaded 4 times (x 91B)
Class kotlin.reflect.jvm.internal.KCallableImpl                                       : loaded 4 times (x 105B)
Class kotlin.reflect.KProperty$Accessor                                               : loaded 4 times (x 70B)
Class com.google.common.collect.ImmutableBiMap$Builder                                : loaded 4 times (x 82B)
Class com.google.common.collect.HashMultimapGwtSerializationDependencies              : loaded 4 times (x 174B)
Class kotlin.DeprecationLevel                                                         : loaded 4 times (x 79B)
Class kotlin.reflect.jvm.internal.KMutableProperty1Impl                               : loaded 4 times (x 135B)
Class com.google.common.collect.SortedIterables                                       : loaded 4 times (x 71B)
Class com.google.common.collect.ExplicitOrdering                                      : loaded 4 times (x 115B)
Class com.google.common.collect.LexicographicalOrdering                               : loaded 4 times (x 115B)
Class com.google.common.collect.ForwardingCollection                                  : loaded 4 times (x 130B)
Class kotlin.text.CharsKt                                                             : loaded 4 times (x 71B)
Class kotlin.reflect.KMutableProperty2                                                : loaded 4 times (x 70B)
Class com.squareup.javapoet.CodeWriter                                                : loaded 4 times (x 72B)
Class kotlin.reflect.jvm.internal.CacheByClass                                        : loaded 4 times (x 73B)
Class kotlin.reflect.jvm.internal.impl.utils.CollectionsKt                            : loaded 4 times (x 71B)
Class com.google.common.graph.Traverser$Traversal$2                                   : loaded 3 times (x 74B)
Class dagger.internal.codegen.kotlin.KotlinMetadataFactory_Factory$InstanceHolder     : loaded 3 times (x 71B)
Class dagger.spi.internal.shaded.androidx.room.jarjarred.kotlinx.metadata.Attributes$visibility$10: loaded 3 times (x 137B)
Class dagger.spi.internal.shaded.androidx.room.jarjarred.kotlinx.metadata.KmTypeVisitor: loaded 3 times (x 82B)
Class dagger.internal.codegen.bindinggraphvalidation.CompositeBindingGraphPlugin_Factory_Impl: loaded 3 times (x 75B)
Class dagger.internal.codegen.binding.FrameworkType$3                                 : loaded 3 times (x 71B)
Class dagger.spi.internal.shaded.androidx.room.compiler.processing.XNullability       : loaded 3 times (x 79B)
Class dagger.internal.codegen.model.DiagnosticReporter                                : loaded 3 times (x 75B)
Class dagger.internal.codegen.writing.DependencyMethodProviderCreationExpression_Factory_Impl: loaded 3 times (x 75B)
Class dagger.spi.internal.shaded.androidx.room.compiler.processing.javac.JavacFiler   : loaded 3 times (x 78B)
Class [Ldagger.internal.codegen.base.ComponentCreatorAnnotation;                      : loaded 3 times (x 69B)
Class dagger.spi.internal.shaded.androidx.room.compiler.processing.JavaPoetExtKt      : loaded 3 times (x 71B)
Class dagger.spi.internal.shaded.androidx.room.compiler.processing.javac.JavacType    : loaded 3 times (x 187B)
Class dagger.internal.codegen.xprocessing.XProcessingEnvs                             : loaded 3 times (x 71B)
Class dagger.internal.codegen.writing.PrivateMethodRequestRepresentation              : loaded 3 times (x 78B)
Class dagger.internal.codegen.writing.ProvisionBindingRepresentation_Factory          : loaded 3 times (x 72B)
Class dagger.internal.codegen.writing.ProviderInstanceSupplier$Factory                : loaded 3 times (x 70B)
Class dagger.internal.codegen.writing.DependencyMethodProducerCreationExpression_Factory: loaded 3 times (x 72B)
Class dagger.internal.codegen.writing.SwitchingProviderInstanceSupplier_Factory_Impl  : loaded 3 times (x 75B)
Class dagger.internal.codegen.writing.DerivedFromFrameworkInstanceRequestRepresentation_Factory_Impl: loaded 3 times (x 75B)
Class dagger.internal.codegen.writing.MapRequestRepresentation_Factory_Impl           : loaded 3 times (x 75B)
Class dagger.internal.codegen.model.BindingGraph$ChildFactoryMethodEdge               : loaded 3 times (x 70B)
Class dagger.internal.codegen.binding.ComponentNodeImpl                               : loaded 3 times (x 85B)
Class dagger.spi.internal.shaded.kotlinx.metadata.internal.extensions.KmTypeExtension : loaded 3 times (x 70B)
Class dagger.spi.internal.shaded.kotlinx.metadata.internal.metadata.ProtoBuf$Type$1   : loaded 3 times (x 144B)
Class dagger.spi.internal.shaded.kotlinx.metadata.internal.protobuf.GeneratedMessageLite$ExtensionDescriptor: loaded 3 times (x 84B)
Class dagger.spi.internal.shaded.kotlinx.metadata.KmClass                             : loaded 3 times (x 98B)
Class dagger.spi.internal.shaded.androidx.room.jarjarred.kotlinx.metadata.internal.metadata.ProtoBuf$Type$Argument$1: loaded 3 times (x 144B)
Class dagger.spi.internal.shaded.androidx.room.jarjarred.kotlinx.metadata.KmPropertyAccessorAttributes: loaded 3 times (x 71B)
Class dagger.spi.internal.shaded.androidx.room.jarjarred.kotlinx.metadata.KmPropertyVisitor: loaded 3 times (x 80B)
Class dagger.internal.codegen.model.Key                                               : loaded 3 times (x 78B)
Class dagger.internal.codegen.model.DependencyRequest$Builder                         : loaded 3 times (x 76B)
Class dagger.internal.codegen.validation.ValidationReport                             : loaded 3 times (x 72B)
Class dagger.internal.codegen.componentgenerator.ComponentGenerator                   : loaded 3 times (x 77B)
Class dagger.internal.codegen.DelegateComponentProcessor_SourceFileGeneratorsModule_ModuleConstructorProxyGeneratorFactory: loaded 3 times (x 79B)
Class dagger.internal.codegen.validation.BindingMethodValidator$MethodValidator       : loaded 3 times (x 80B)
Class dagger.internal.codegen.validation.AnyBindingMethodValidator_Factory            : loaded 3 times (x 79B)
Class com.google.common.graph.Traverser$Traversal$3                                   : loaded 3 times (x 82B)
Class com.google.common.graph.DirectedGraphConnections$NodeConnection                 : loaded 3 times (x 72B)
Class dagger.internal.codegen.writing.ProducerCreationExpression_Factory              : loaded 3 times (x 72B)
Class dagger.spi.internal.shaded.androidx.room.jarjarred.kotlinx.metadata.internal.metadata.ProtoBuf$ValueParameterOrBuilder: loaded 3 times (x 70B)
Class dagger.spi.internal.shaded.androidx.room.jarjarred.kotlinx.metadata.internal.metadata.ProtoBuf$FunctionOrBuilder: loaded 3 times (x 70B)
Class dagger.hilt.android.processor.internal.androidentrypoint.AndroidEntryPointMetadata: loaded 3 times (x 91B)
Class com.squareup.javapoet.TypeSpec$Kind                                             : loaded 3 times (x 79B)
Class dagger.internal.codegen.binding.$AutoValue_ComponentCreatorDescriptor           : loaded 3 times (x 82B)
Class dagger.internal.codegen.extension.DaggerStreams                                 : loaded 3 times (x 71B)
Class dagger.spi.model.DaggerProcessingEnv$Backend                                    : loaded 3 times (x 79B)
Class dagger.spi.internal.shaded.androidx.room.compiler.processing.XProcessingEnvConfig$Companion: loaded 3 times (x 71B)
Class dagger.spi.internal.shaded.androidx.room.jarjarred.kotlinx.metadata.internal.protobuf.SmallSortedMap$EmptySet$2: loaded 3 times (x 78B)
Class [Ldagger.spi.internal.shaded.androidx.room.jarjarred.kotlinx.metadata.internal.metadata.ProtoBuf$TypeParameter$Variance;: loaded 3 times (x 69B)
Class dagger.spi.internal.shaded.androidx.room.jarjarred.kotlinx.metadata.internal.metadata.ProtoBuf$PackageOrBuilder: loaded 3 times (x 70B)
Class com.google.common.graph.Traverser$Traversal$4                                   : loaded 3 times (x 82B)
Class dagger.internal.codegen.componentgenerator.CurrentImplementationSubcomponent$Builder: loaded 3 times (x 70B)
Class dagger.internal.codegen.validation.ValidationReport$Builder                     : loaded 3 times (x 72B)
Class [Ldagger.spi.internal.shaded.kotlinx.metadata.internal.metadata.ProtoBuf$MemberKind;: loaded 3 times (x 69B)
Class dagger.spi.internal.shaded.kotlinx.metadata.internal.metadata.ProtoBuf$Class$Kind: loaded 3 times (x 82B)
Class dagger.spi.internal.shaded.kotlinx.metadata.internal.protobuf.GeneratedMessageLite$ExtendableBuilder: loaded 3 times (x 139B)
Class dagger.spi.internal.shaded.kotlinx.metadata.internal.metadata.ProtoBuf$ClassOrBuilder: loaded 3 times (x 70B)
Class dagger.spi.internal.shaded.kotlinx.metadata.internal.protobuf.ByteString        : loaded 3 times (x 108B)
Class dagger.spi.internal.shaded.kotlinx.metadata.internal.protobuf.GeneratedMessageLite$ExtendableMessage: loaded 3 times (x 113B)
Class kotlin.streams.jdk8.StreamsKt                                                   : loaded 3 times (x 71B)
Class dagger.internal.codegen.binding.$AutoValue_SubcomponentDeclaration              : loaded 3 times (x 78B)
Class dagger.internal.codegen.model.Scope                                             : loaded 3 times (x 72B)
Class dagger.internal.codegen.writing.ProducerFactoryGenerator$NoArgFutureTransform   : loaded 3 times (x 78B)
Class dagger.internal.codegen.binding.MultibindingDeclaration$Factory                 : loaded 3 times (x 72B)
Class dagger.internal.codegen.validation.BindsInstanceMethodValidator                 : loaded 3 times (x 78B)
Class dagger.internal.codegen.processingstep.InjectProcessingStep                     : loaded 3 times (x 86B)
Class dagger.internal.codegen.writing.FactoryGenerator                                : loaded 3 times (x 77B)
Class dagger.internal.codegen.binding.ContributionBinding$Builder                     : loaded 3 times (x 83B)
Class dagger.internal.codegen.validation.BindingGraphValidator_Factory                : loaded 3 times (x 79B)
Class dagger.internal.codegen.binding.BindingGraphFactory_Factory                     : loaded 3 times (x 79B)
Class dagger.spi.internal.shaded.androidx.room.jarjarred.kotlinx.metadata.ClassKind   : loaded 3 times (x 79B)
Class dagger.spi.internal.shaded.androidx.room.jarjarred.kotlinx.metadata.Visibility  : loaded 3 times (x 79B)
Class dagger.spi.internal.shaded.androidx.room.jarjarred.kotlinx.metadata.internal.metadata.ProtoBuf$Class$Kind$1: loaded 3 times (x 74B)
Class dagger.spi.internal.shaded.kotlinx.metadata.internal.metadata.ProtoBuf$Property$1: loaded 3 times (x 144B)
Class dagger.spi.internal.shaded.androidx.room.jarjarred.kotlinx.metadata.internal.protobuf.InvalidProtocolBufferException: loaded 3 times (x 84B)
Class dagger.spi.internal.shaded.androidx.room.jarjarred.kotlinx.metadata.internal.metadata.jvm.deserialization.JvmMetadataVersion: loaded 3 times (x 74B)
Class [Ldagger.spi.internal.shaded.androidx.room.compiler.processing.XFiler$Mode;     : loaded 3 times (x 69B)
Class dagger.spi.internal.shaded.androidx.room.compiler.processing.XFiler$Mode        : loaded 3 times (x 79B)
Class dagger.spi.internal.shaded.androidx.room.jarjarred.kotlinx.metadata.internal.FlagImpl: loaded 3 times (x 71B)
Class [Lcom.google.common.graph.Graphs$NodeVisitState;                                : loaded 3 times (x 69B)
Class dagger.hilt.processor.internal.aggregateddeps.AggregatedDepsMetadata$DependencyType: loaded 3 times (x 79B)
Class dagger.internal.codegen.writing.ProducerNodeInstanceRequestRepresentation_Factory: loaded 3 times (x 72B)
Class dagger.spi.model.$AutoValue_Key$Builder                                         : loaded 3 times (x 78B)
Class dagger.internal.codegen.validation.AutoValue_SpiModelBindingGraphConverter_ComponentNodeImpl: loaded 3 times (x 88B)
Class com.google.common.graph.StandardMutableNetwork                                  : loaded 3 times (x 174B)
Class dagger.internal.codegen.binding.AutoValue_ComponentRequirement                  : loaded 3 times (x 83B)
Class dagger.internal.codegen.validation.ComponentValidator$ElementValidator          : loaded 3 times (x 73B)
Class dagger.internal.codegen.base.SourceFileHjarGenerator                            : loaded 3 times (x 77B)
Class dagger.internal.codegen.validation.ComponentHierarchyValidator_Factory          : loaded 3 times (x 79B)
Class dagger.internal.codegen.binding.BindingGraphFactory                             : loaded 3 times (x 75B)
Class dagger.internal.codegen.writing.MembersInjectorGenerator                        : loaded 3 times (x 77B)
Class dagger.internal.codegen.binding.ProvisionBinding$Builder                        : loaded 3 times (x 88B)
Class com.google.common.collect.ImmutableMap$MapViewOfValuesAsSingletonSets$1         : loaded 3 times (x 82B)
Class dagger.internal.codegen.base.ClearableCache                                     : loaded 3 times (x 70B)
Class dagger.internal.codegen.binding.MonitoringModules_Factory$InstanceHolder        : loaded 3 times (x 71B)
Class dagger.internal.codegen.base.DaggerSuperficialValidation_Factory                : loaded 3 times (x 79B)
Class com.google.common.graph.DirectedGraphConnections$NodeConnection$Succ            : loaded 3 times (x 72B)
Class com.google.common.graph.AbstractBaseGraph                                       : loaded 3 times (x 114B)
Class dagger.hilt.processor.internal.kotlin.KotlinMetadataUtils                       : loaded 3 times (x 71B)
Class dagger.spi.internal.shaded.androidx.room.jarjarred.kotlinx.metadata.Attributes  : loaded 3 times (x 71B)
Class dagger.spi.internal.shaded.androidx.room.compiler.processing.javac.JavacExecutableElement$Companion: loaded 3 times (x 71B)
Class dagger.spi.internal.shaded.androidx.room.compiler.processing.XAnnotationValue   : loaded 3 times (x 70B)
Class dagger.spi.internal.shaded.androidx.room.compiler.processing.javac.JavacType$superTypes$2: loaded 3 times (x 79B)
Class kotlin.reflect.jvm.internal.KClassImpl$Data$declaredMembers$2                   : loaded 3 times (x 79B)
Class dagger.spi.internal.shaded.auto.common.MoreTypes$AsElementVisitor               : loaded 3 times (x 101B)
Class dagger.spi.internal.shaded.androidx.room.compiler.processing.javac.JavacTypeElement$type$2: loaded 3 times (x 79B)
Class dagger.spi.internal.shaded.androidx.room.compiler.processing.javac.JavacTypeElement$_declaredFields$2: loaded 3 times (x 79B)
Class dagger.hilt.processor.internal.aggregateddeps.AutoValue_ComponentDependencies   : loaded 3 times (x 75B)
Class com.google.common.collect.CompactHashSet                                        : loaded 3 times (x 150B)
Class androidx.room.compiler.processing.javac.JavacFiler                              : loaded 3 times (x 78B)
Class dagger.internal.codegen.binding.ContributionBinding                             : loaded 3 times (x 90B)
Class dagger.internal.codegen.writing.ProvisionBindingRepresentation_Factory_Impl     : loaded 3 times (x 75B)
Class dagger.internal.codegen.writing.MembersInjectorProviderCreationExpression_Factory_Impl: loaded 3 times (x 75B)
Class dagger.internal.codegen.writing.SubcomponentCreatorRequestRepresentation$Factory: loaded 3 times (x 70B)
Class dagger.spi.internal.shaded.androidx.room.compiler.processing.javac.JavacTypeElement$className$2: loaded 3 times (x 79B)
Class dagger.spi.internal.shaded.androidx.room.compiler.processing.javac.kotlin.KmConstructorContainer$parameters$2: loaded 3 times (x 79B)
Class dagger.internal.codegen.kotlin.AutoValue_KotlinMetadata_ClassMetadata$Builder   : loaded 3 times (x 86B)
Class dagger.spi.internal.shaded.kotlinx.metadata.jvm.JvmTypeExtensionVisitor$Companion: loaded 3 times (x 71B)
Class dagger.internal.codegen.binding.AutoValue_ComponentNodeImpl                     : loaded 3 times (x 86B)
Class dagger.spi.internal.shaded.androidx.room.jarjarred.kotlinx.metadata.internal.metadata.ProtoBuf$Type$Argument: loaded 3 times (x 110B)
Class dagger.internal.codegen.writing.StaticFactoryInstanceSupplier$Factory           : loaded 3 times (x 70B)
Class dagger.internal.codegen.writing.ModuleProxies_ModuleConstructorProxyGenerator_Factory: loaded 3 times (x 79B)
Class dagger.internal.codegen.writing.AnonymousProviderCreationExpression_Factory_Impl: loaded 3 times (x 75B)
Class dagger.internal.codegen.processingstep.AssistedFactoryProcessingStep_Factory    : loaded 3 times (x 79B)
Class dagger.internal.codegen.validation.ComponentCreatorValidator_Factory            : loaded 3 times (x 79B)
Class dagger.internal.codegen.binding.MonitoringModules_Factory                       : loaded 3 times (x 78B)
Class dagger.internal.codegen.binding.InjectionAnnotations_Factory                    : loaded 3 times (x 79B)
Class androidx.room.processor.Context$Companion                                       : loaded 3 times (x 71B)
Class dagger.internal.codegen.writing.OptionalFactories_Factory                       : loaded 3 times (x 79B)
Class dagger.hilt.processor.internal.definecomponent.AutoValue_DefineComponentMetadatas_DefineComponentMetadata: loaded 3 times (x 76B)
Class dagger.internal.codegen.kotlin.AutoValue_KotlinMetadata                         : loaded 3 times (x 80B)
Class dagger.internal.Factory                                                         : loaded 3 times (x 70B)
Class dagger.spi.internal.shaded.androidx.room.jarjarred.kotlinx.metadata.Attributes$visibility$14: loaded 3 times (x 137B)
Class dagger.spi.internal.shaded.androidx.room.jarjarred.kotlinx.metadata.internal.metadata.deserialization.BinaryVersion$Companion: loaded 3 times (x 71B)
Class dagger.internal.codegen.writing.ComponentRequestRepresentations_Factory         : loaded 3 times (x 79B)
Class dagger.hilt.android.processor.internal.androidentrypoint.AutoValue_AndroidEntryPointMetadata: loaded 3 times (x 92B)
Class com.squareup.kotlinpoet.Annotatable                                             : loaded 3 times (x 70B)
Class dagger.spi.internal.shaded.androidx.room.compiler.processing.javac.JavacMethodElement$executableType$2: loaded 3 times (x 79B)
Class dagger.internal.codegen.processingstep.MonitoringModuleGenerator                : loaded 3 times (x 77B)
Class dagger.internal.codegen.bindinggraphvalidation.SetMultibindingValidator         : loaded 3 times (x 85B)
Class dagger.internal.codegen.javapoet.AnnotationSpecs$Suppression                    : loaded 3 times (x 79B)
Class dagger.internal.codegen.writing.ComponentRequirementRequestRepresentation$Factory: loaded 3 times (x 70B)
Class dagger.internal.codegen.writing.MembersInjectionBindingRepresentation_Factory_Impl: loaded 3 times (x 75B)
Class dagger.internal.codegen.validation.$AutoValue_SpiModelBindingGraphConverter_BindingGraphImpl: loaded 3 times (x 96B)
Class dagger.spi.internal.shaded.androidx.room.jarjarred.kotlinx.metadata.internal.metadata.ProtoBuf$Package$1: loaded 3 times (x 144B)
Class dagger.spi.internal.shaded.kotlinx.metadata.internal.metadata.jvm.deserialization.JvmMemberSignature$Method: loaded 3 times (x 75B)
Class dagger.spi.internal.shaded.kotlinx.metadata.internal.metadata.ProtoBuf$Contract$1: loaded 3 times (x 144B)
Class dagger.spi.internal.shaded.androidx.room.jarjarred.kotlinx.metadata.internal.extensions.KmConstructorExtension: loaded 3 times (x 70B)
Class dagger.spi.internal.shaded.androidx.room.compiler.processing.XTypeVariableType  : loaded 3 times (x 70B)
Class dagger.internal.codegen.writing.MapFactoryCreationExpression_Factory_Impl       : loaded 3 times (x 75B)
Class dagger.spi.internal.shaded.androidx.room.compiler.processing.XConstructorType   : loaded 3 times (x 70B)
Class dagger.internal.codegen.model.AutoValue_DependencyRequest                       : loaded 3 times (x 76B)
Class [[Ldagger.internal.codegen.compileroption.ProcessingEnvironmentCompilerOptions$CommandLineOption;: loaded 3 times (x 69B)
Class dagger.internal.codegen.processingstep.BindingMethodProcessingStep              : loaded 3 times (x 86B)
Class androidx.room.util.SimpleJavaVersion$compareTo$$inlined$compareBy$1             : loaded 3 times (x 89B)
Class [Landroidx.room.compiler.processing.XProcessingEnv$Backend;                     : loaded 3 times (x 69B)
Class dagger.spi.internal.shaded.androidx.room.compiler.processing.javac.JavacConstructorElement$executableType$2: loaded 3 times (x 79B)
Class com.google.common.graph.DirectedGraphConnections$3$1                            : loaded 3 times (x 82B)
Class dagger.hilt.processor.internal.HiltCompilerOptions$EnumOption                   : loaded 3 times (x 72B)
Class [Ldagger.spi.internal.shaded.androidx.room.jarjarred.kotlinx.metadata.internal.metadata.ProtoBuf$Modality;: loaded 3 times (x 69B)
Class dagger.spi.internal.shaded.androidx.room.compiler.processing.javac.JavacAnnotation$declaredAnnotationValues$2: loaded 3 times (x 79B)
Class dagger.spi.internal.shaded.androidx.room.jarjarred.kotlinx.metadata.internal.metadata.ProtoBuf$ClassOrBuilder: loaded 3 times (x 70B)
Class dagger.spi.internal.shaded.androidx.room.jarjarred.kotlinx.metadata.internal.protobuf.MessageLite: loaded 3 times (x 70B)
Class dagger.hilt.processor.internal.kotlin.KotlinMetadataFactory_Factory$InstanceHolder: loaded 3 times (x 71B)
Class dagger.spi.internal.shaded.androidx.room.compiler.processing.javac.JavacArrayType$equalityItems$2: loaded 3 times (x 79B)
Class com.squareup.javapoet.JavaFile$Builder                                          : loaded 3 times (x 72B)
Class kotlin.reflect.jvm.internal.KCallableImpl$_absentArguments$1                    : loaded 3 times (x 79B)
Class dagger.spi.internal.shaded.androidx.room.compiler.processing.InternalXAnnotation$valuesByName$2: loaded 3 times (x 79B)
Class dagger.hilt.processor.internal.aliasof.AliasOfProcessor                         : loaded 3 times (x 100B)
Class dagger.internal.codegen.binding.ComponentRequirement$1                          : loaded 3 times (x 71B)
Class dagger.spi.internal.shaded.androidx.room.jarjarred.kotlinx.metadata.internal.metadata.ProtoBuf$Expression$ConstantValue$1: loaded 3 times (x 74B)
Class dagger.spi.model.Key$Builder                                                    : loaded 3 times (x 76B)
Class dagger.spi.internal.shaded.androidx.room.jarjarred.kotlinx.metadata.jvm.JvmTypeParameterExtensionVisitor: loaded 3 times (x 79B)
Class dagger.spi.internal.shaded.kotlinx.metadata.internal.metadata.ProtoBuf$ValueParameter: loaded 3 times (x 128B)
Class dagger.spi.internal.shaded.kotlinx.metadata.internal.protobuf.SmallSortedMap$EmptySet: loaded 3 times (x 71B)
Class com.google.common.graph.MapIteratorCache$1$1                                    : loaded 3 times (x 81B)
Class com.google.common.collect.Lists$TwoPlusArrayList                                : loaded 3 times (x 199B)
Class dagger.internal.codegen.binding.InjectionSiteFactory$InjectionSiteVisitor       : loaded 3 times (x 72B)
Class kotlin.reflect.jvm.internal.KClassImpl$Data$qualifiedName$2                     : loaded 3 times (x 79B)
Class dagger.spi.internal.shaded.androidx.room.compiler.processing.util.MemoizedSequence$CachedIterator: loaded 3 times (x 79B)
Class dagger.spi.internal.shaded.androidx.room.jarjarred.kotlinx.metadata.jvm.JvmTypeExtensionVisitor: loaded 3 times (x 80B)
Class dagger.internal.codegen.model.BindingGraph$MaybeBinding                         : loaded 3 times (x 70B)
Class dagger.internal.codegen.validation.BindsOptionalOfMethodValidator$Validator     : loaded 3 times (x 80B)
Class dagger.internal.codegen.ServiceLoaders                                          : loaded 3 times (x 71B)
Class dagger.spi.internal.shaded.androidx.room.jarjarred.kotlinx.metadata.KmValueParameter: loaded 3 times (x 77B)
Class androidx.room.compiler.processing.javac.JavacProcessingEnv$messager$2           : loaded 3 times (x 79B)
Class com.google.common.graph.DirectedGraphConnections$3$2                            : loaded 3 times (x 82B)
Class com.google.common.graph.StandardMutableValueGraph                               : loaded 3 times (x 174B)
Class com.google.common.graph.Graph                                                   : loaded 3 times (x 70B)
Class com.google.common.collect.ImmutableMap$MapViewOfValuesAsSingletonSets$1$1       : loaded 3 times (x 83B)
Class dagger.hilt.android.processor.internal.androidentrypoint.AndroidEntryPointMetadata$AndroidType: loaded 3 times (x 79B)
Class dagger.spi.internal.shaded.androidx.room.jarjarred.kotlinx.metadata.Attributes$modality$2: loaded 3 times (x 137B)
Class dagger.spi.internal.shaded.androidx.room.jarjarred.kotlinx.metadata.jvm.internal.JvmTypeExtension: loaded 3 times (x 86B)
Class dagger.spi.internal.shaded.androidx.room.jarjarred.kotlinx.metadata.internal.protobuf.WireFormat: loaded 3 times (x 71B)
Class dagger.spi.internal.shaded.androidx.room.jarjarred.kotlinx.metadata.internal.metadata.jvm.JvmProtoBuf$JvmFieldSignature: loaded 3 times (x 108B)
Class dagger.hilt.processor.internal.kotlin.DaggerKotlinMetadataUtils_MetadataComponent$Builder: loaded 3 times (x 71B)
Class dagger.internal.codegen.binding.ComponentDescriptor$Factory                     : loaded 3 times (x 75B)
Class dagger.spi.internal.shaded.kotlinx.metadata.FlagsKt                             : loaded 3 times (x 71B)
Class dagger.internal.MapBuilder                                                      : loaded 3 times (x 72B)
Class dagger.internal.codegen.writing.InjectionMethods$InjectionSiteMethod            : loaded 3 times (x 71B)
Class dagger.internal.codegen.javapoet.ExpressionType                                 : loaded 3 times (x 72B)
Class dagger.internal.codegen.validation.AutoValue_SpiModelBindingGraphConverter_DaggerAnnotationImpl: loaded 3 times (x 77B)
Class dagger.spi.internal.shaded.kotlinx.metadata.internal.metadata.ProtoBuf$Function$1: loaded 3 times (x 144B)
Class dagger.spi.internal.shaded.kotlinx.metadata.internal.metadata.ProtoBuf$Constructor$1: loaded 3 times (x 144B)
Class dagger.spi.model.BindingGraph$Edge                                              : loaded 3 times (x 70B)
Class com.google.common.base.Predicates$InPredicate                                   : loaded 3 times (x 88B)
Class com.google.common.collect.FilteredKeySetMultimap$EntrySet                       : loaded 3 times (x 149B)
Class dagger.internal.codegen.validation.BindingMethodValidator$Abstractness          : loaded 3 times (x 79B)
Class dagger.internal.codegen.ProcessingEnvironmentModule_MessagerFactory             : loaded 3 times (x 79B)
Class dagger.Lazy                                                                     : loaded 3 times (x 70B)
Class dagger.internal.codegen.base.MapType                                            : loaded 3 times (x 80B)
Class dagger.spi.internal.shaded.androidx.room.compiler.processing.javac.JavacMethodParameter$jvmName$2: loaded 3 times (x 79B)
Class com.squareup.javapoet.MethodSpec$Builder                                        : loaded 3 times (x 72B)
Class dagger.spi.internal.shaded.androidx.room.jarjarred.kotlinx.metadata.Attributes$isReified$2: loaded 3 times (x 137B)
Class dagger.spi.internal.shaded.androidx.room.jarjarred.kotlinx.metadata.KmDeclarationContainerVisitor: loaded 3 times (x 77B)
Class [Ldagger.spi.internal.shaded.androidx.room.jarjarred.kotlinx.metadata.internal.metadata.jvm.JvmProtoBuf$StringTableTypes$Record$Operation;: loaded 3 times (x 69B)
Class [Ldagger.internal.codegen.base.OptionalType$OptionalKind;                       : loaded 3 times (x 69B)
Class dagger.spi.internal.shaded.androidx.room.jarjarred.kotlinx.metadata.internal.protobuf.GeneratedMessageLite$ExtendableMessage: loaded 3 times (x 113B)
Class kotlin.reflect.jvm.internal.KClassImpl$Data$inheritedStaticMembers$2            : loaded 3 times (x 79B)
Class dagger.hilt.processor.internal.AggregatedElements                               : loaded 3 times (x 71B)
Class dagger.spi.internal.shaded.androidx.room.compiler.processing.javac.JavacTypeElement$packageElement$2: loaded 3 times (x 79B)
Class dagger.spi.internal.shaded.androidx.room.compiler.processing.CommonProcessorDelegate$processRound$currentElementsDeferredByStep$1$previousRoundDeferredElementsByAnnotation$1: loaded 3 times (x 78B)
Class dagger.spi.internal.shaded.kotlinx.metadata.jvm.KotlinClassMetadata             : loaded 3 times (x 72B)
Class dagger.spi.internal.shaded.kotlinx.metadata.internal.metadata.ProtoBuf$Contract : loaded 3 times (x 107B)
Class dagger.internal.codegen.binding.FrameworkType$2                                 : loaded 3 times (x 84B)
Class dagger.internal.codegen.validation.SpiModelBindingGraphConverter$DaggerExecutableElementImpl: loaded 3 times (x 75B)
Class dagger.hilt.processor.internal.aggregateddeps.AggregatedDepsProcessor           : loaded 3 times (x 100B)
Class dagger.hilt.processor.internal.BaseProcessingStep                               : loaded 3 times (x 87B)
Class dagger.spi.internal.shaded.kotlinx.metadata.internal.metadata.jvm.deserialization.JvmNameResolver: loaded 3 times (x 80B)
Class dagger.internal.codegen.binding.DependencyEdgeImpl                              : loaded 3 times (x 76B)
Class dagger.spi.internal.shaded.androidx.room.jarjarred.kotlinx.metadata.internal.metadata.ProtoBuf$Effect$EffectType$1: loaded 3 times (x 74B)
Class com.google.common.collect.FilteredMultimap                                      : loaded 3 times (x 70B)
Class dagger.internal.codegen.validation.ComponentDescriptorValidator$ComponentValidation: loaded 3 times (x 72B)
Class [Ldagger.internal.codegen.model.DependencyRequest;                              : loaded 3 times (x 69B)
Class dagger.spi.internal.shaded.androidx.room.compiler.processing.javac.JavacMethodType$typeVariableNames$2: loaded 3 times (x 79B)
Class dagger.internal.codegen.binding.$AutoValue_DelegateDeclaration                  : loaded 3 times (x 83B)
Class dagger.internal.codegen.bindinggraphvalidation.MapMultibindingValidator_Factory : loaded 3 times (x 79B)
Class androidx.room.compiler.processing.XProcessingEnvConfig$Builder                  : loaded 3 times (x 72B)
Class dagger.internal.codegen.model.DaggerAnnotation                                  : loaded 3 times (x 76B)
Class dagger.internal.codegen.writing.DerivedFromFrameworkInstanceRequestRepresentation_Factory: loaded 3 times (x 72B)
Class dagger.internal.codegen.xprocessing.XTypes$1                                    : loaded 3 times (x 71B)
Class com.google.common.graph.Traverser$Traversal$1                                   : loaded 3 times (x 74B)
Class dagger.spi.internal.shaded.androidx.room.jarjarred.kotlinx.metadata.Attributes$visibility$18: loaded 3 times (x 137B)
Class dagger.spi.internal.shaded.androidx.room.jarjarred.kotlinx.metadata.internal.metadata.jvm.JvmProtoBuf$JvmMethodSignature$Builder: loaded 3 times (x 134B)
Class dagger.spi.internal.shaded.androidx.room.jarjarred.kotlinx.metadata.internal.metadata.jvm.JvmProtoBuf$JvmFieldSignatureOrBuilder: loaded 3 times (x 70B)
Class dagger.spi.internal.shaded.androidx.room.jarjarred.kotlinx.metadata.internal.protobuf.WireFormat$JavaType: loaded 3 times (x 79B)
Class dagger.spi.internal.shaded.androidx.room.compiler.processing.XArrayType         : loaded 3 times (x 70B)
Class dagger.spi.internal.shaded.androidx.room.compiler.processing.InternalXAnnotationValue: loaded 3 times (x 155B)
Class dagger.hilt.processor.internal.root.RootFileFormatter                           : loaded 3 times (x 71B)
Class com.squareup.kotlinpoet.Dynamic                                                 : loaded 3 times (x 86B)
Class dagger.internal.codegen.writing.MapFactoryCreationExpression$Factory            : loaded 3 times (x 70B)
Class androidx.room.compiler.processing.javac.JavacProcessingEnv                      : loaded 3 times (x 115B)
Class dagger.internal.codegen.binding.MethodSignatureFormatter                        : loaded 3 times (x 86B)
Class dagger.internal.codegen.base.UniqueNameSet                                      : loaded 3 times (x 72B)
Class dagger.spi.internal.shaded.kotlinx.metadata.internal.protobuf.AbstractMessageLite$Builder: loaded 3 times (x 122B)
Class dagger.internal.codegen.xprocessing.JavaPoetExt                                 : loaded 3 times (x 71B)
Class dagger.internal.codegen.writing.UnscopedFrameworkInstanceCreationExpressionFactory_Factory: loaded 3 times (x 79B)
Class dagger.internal.codegen.writing.MembersInjectorProviderCreationExpression_Factory: loaded 3 times (x 72B)
Class dagger.internal.codegen.writing.FrameworkFieldInitializer$InitializationState   : loaded 3 times (x 79B)
Class com.google.common.graph.AbstractNetwork$1                                       : loaded 3 times (x 136B)
Class dagger.spi.internal.shaded.kotlinx.metadata.internal.metadata.deserialization.VersionRequirementTable$Companion: loaded 3 times (x 71B)
Class dagger.spi.internal.shaded.kotlinx.metadata.internal.protobuf.FieldSet          : loaded 3 times (x 72B)
Class dagger.spi.internal.shaded.kotlinx.metadata.internal.protobuf.ByteString$Output : loaded 3 times (x 86B)
Class dagger.internal.codegen.writing.AnnotationCreatorGenerator                      : loaded 3 times (x 80B)
Class dagger.internal.codegen.model.$AutoValue_Key$Builder                            : loaded 3 times (x 78B)
Class dagger.internal.codegen.binding.BindingDeclaration                              : loaded 3 times (x 74B)
Class dagger.internal.codegen.binding.BindingFactory                                  : loaded 3 times (x 72B)
Class dagger.internal.codegen.validation.ExternalBindingGraphPlugins_Factory          : loaded 3 times (x 79B)
Class dagger.internal.codegen.validation.DependencyRequestValidator_Factory           : loaded 3 times (x 79B)
Class com.google.common.graph.Traverser$InsertionOrder                                : loaded 3 times (x 80B)
Class javax.inject.Provider                                                           : loaded 3 times (x 70B)
Class dagger.spi.internal.shaded.androidx.room.jarjarred.kotlinx.metadata.jvm.JvmMetadataVersion$Companion: loaded 3 times (x 71B)
Class dagger.spi.internal.shaded.androidx.room.jarjarred.kotlinx.metadata.internal.metadata.ProtoBuf$Class: loaded 3 times (x 180B)
Class dagger.spi.internal.shaded.androidx.room.jarjarred.kotlinx.metadata.internal.metadata.ProtoBuf$ValueParameter: loaded 3 times (x 128B)
Class dagger.spi.internal.shaded.androidx.room.jarjarred.kotlinx.metadata.internal.protobuf.SmallSortedMap$EmptySet: loaded 3 times (x 71B)
Class dagger.internal.codegen.xprocessing.XAnnotationValues                           : loaded 3 times (x 71B)
Class com.squareup.javapoet.AnnotationSpec$Builder                                    : loaded 3 times (x 72B)
Class dagger.internal.codegen.validation.ProvidesMethodValidator$Validator            : loaded 3 times (x 80B)
Class dagger.internal.codegen.binding.ModuleDescriptor                                : loaded 3 times (x 81B)
Class dagger.spi.internal.shaded.androidx.room.compiler.processing.javac.JavacTypeElement$DefaultJavacTypeElement: loaded 3 times (x 300B)
Class dagger.spi.internal.shaded.androidx.room.compiler.processing.XParameterizable   : loaded 3 times (x 70B)
Class [Ldagger.internal.codegen.model.BindingKind;                                    : loaded 3 times (x 69B)
Class dagger.spi.internal.shaded.kotlinx.metadata.KmConstructor                       : loaded 3 times (x 77B)
Class dagger.spi.internal.shaded.kotlinx.metadata.jvm.JvmPropertyExtensionVisitor     : loaded 3 times (x 82B)
Class dagger.internal.codegen.writing.ProviderInstanceRequestRepresentation_Factory   : loaded 3 times (x 72B)
Class dagger.internal.codegen.writing.SetFactoryCreationExpression_Factory_Impl       : loaded 3 times (x 75B)
Class dagger.internal.codegen.writing.DelegateRequestRepresentation_Factory_Impl      : loaded 3 times (x 75B)
Class dagger.spi.model.DaggerElement                                                  : loaded 3 times (x 74B)
Class dagger.spi.model.ComponentPath                                                  : loaded 3 times (x 73B)
Class dagger.internal.codegen.binding.KeyVariableNamer                                : loaded 3 times (x 71B)
Class dagger.spi.internal.shaded.androidx.room.compiler.processing.javac.JavacExecutableType: loaded 3 times (x 81B)
Class [Ldagger.spi.internal.shaded.kotlinx.metadata.internal.metadata.ProtoBuf$Visibility;: loaded 3 times (x 69B)
Class dagger.spi.internal.shaded.kotlinx.metadata.jvm.JvmMemberSignatureKt            : loaded 3 times (x 71B)
Class dagger.spi.internal.shaded.kotlinx.metadata.KmConstructorExtensionVisitor       : loaded 3 times (x 70B)
Class dagger.spi.internal.shaded.kotlinx.metadata.jvm.JvmMetadataUtil$annotationImpl$kotlin_Metadata$0: loaded 3 times (x 88B)
Class dagger.spi.internal.shaded.auto.common.AnnotationOutput$SourceFormVisitor       : loaded 3 times (x 117B)
Class dagger.internal.codegen.binding.ComponentRequirement                            : loaded 3 times (x 83B)
Class dagger.internal.codegen.binding.BindsTypeChecker$1                              : loaded 3 times (x 71B)
Class dagger.internal.codegen.binding.$AutoValue_ModuleDescriptor                     : loaded 3 times (x 86B)
Class dagger.internal.codegen.binding.DependencyRequestFactory                        : loaded 3 times (x 72B)
Class dagger.internal.codegen.bindinggraphvalidation.SetMultibindingValidator_Factory : loaded 3 times (x 78B)
Class dagger.internal.codegen.bindinggraphvalidation.DependsOnProductionExecutorValidator_Factory: loaded 3 times (x 79B)
Class com.google.common.graph.Traverser$InsertionOrder$1                              : loaded 3 times (x 80B)
Class com.google.common.graph.DirectedGraphConnections$NodeConnection$Pred            : loaded 3 times (x 72B)
Class com.google.common.graph.ImmutableGraph                                          : loaded 3 times (x 138B)
Class dagger.spi.internal.shaded.androidx.room.compiler.processing.XExecutableParameterElement: loaded 3 times (x 70B)
Class dagger.hilt.processor.internal.definecomponent.DefineComponentMetadatas$DefineComponentMetadata: loaded 3 times (x 75B)
Class dagger.spi.internal.shaded.androidx.room.jarjarred.kotlinx.metadata.Attributes$modality$6: loaded 3 times (x 137B)
Class dagger.spi.internal.shaded.androidx.room.compiler.processing.javac.kotlin.KmClassContainer$functionList$2: loaded 3 times (x 79B)
Class dagger.spi.internal.shaded.androidx.room.jarjarred.kotlinx.metadata.internal.protobuf.CodedOutputStream$OutOfSpaceException: loaded 3 times (x 82B)
Class dagger.spi.internal.shaded.androidx.room.jarjarred.kotlinx.metadata.internal.metadata.ProtoBuf$TypeParameterOrBuilder: loaded 3 times (x 70B)
Class dagger.spi.internal.shaded.androidx.room.jarjarred.kotlinx.metadata.internal.protobuf.BoundedByteString: loaded 3 times (x 112B)
Class dagger.spi.internal.shaded.auto.common.MoreTypes$ExecutableTypeVisitor          : loaded 3 times (x 102B)
Class dagger.spi.internal.shaded.androidx.room.compiler.processing.javac.JavacTypeElement$_declaredMethods$2: loaded 3 times (x 79B)
Class dagger.hilt.processor.internal.earlyentrypoint.EarlyEntryPointProcessingStep    : loaded 3 times (x 87B)
Class dagger.spi.internal.shaded.androidx.room.jarjarred.kotlinx.metadata.internal.extensions.KmTypeParameterExtension: loaded 3 times (x 70B)
Class dagger.internal.codegen.writing.ProvisionBindingRepresentation$1                : loaded 3 times (x 71B)
Class dagger.internal.codegen.writing.ComponentNames_Factory                          : loaded 3 times (x 79B)
Class dagger.internal.codegen.writing.ImmediateFutureRequestRepresentation$Factory    : loaded 3 times (x 70B)
Class com.google.common.graph.NetworkBuilder                                          : loaded 3 times (x 72B)
Class dagger.spi.internal.shaded.kotlinx.metadata.KmType                              : loaded 3 times (x 83B)
Class dagger.spi.internal.shaded.kotlinx.metadata.internal.metadata.jvm.JvmProtoBuf$JvmFieldSignatureOrBuilder: loaded 3 times (x 70B)
Class dagger.spi.internal.shaded.kotlinx.metadata.internal.protobuf.AbstractMessageLite$Builder$LimitedInputStream: loaded 3 times (x 92B)
Class dagger.spi.internal.shaded.androidx.room.jarjarred.kotlinx.metadata.jvm.internal.JvmPropertyExtension: loaded 3 times (x 88B)
Class dagger.spi.internal.shaded.androidx.room.jarjarred.kotlinx.metadata.internal.protobuf.GeneratedMessageLite$ExtendableBuilder: loaded 3 times (x 139B)
Class dagger.internal.codegen.binding.AutoValue_ComponentCreatorDescriptor            : loaded 3 times (x 82B)
Class [Ldagger.internal.codegen.validation.ModuleValidator$ModuleMethodKind;          : loaded 3 times (x 69B)
Class dagger.internal.codegen.xprocessing.XTypeElements$Visibility                    : loaded 3 times (x 79B)
Class dagger.internal.codegen.validation.BindingGraphValidator                        : loaded 3 times (x 72B)
Class dagger.internal.codegen.bindinggraphvalidation.SubcomponentFactoryMethodValidator: loaded 3 times (x 85B)
Class dagger.internal.codegen.binding.OptionalBindingDeclaration$Factory              : loaded 3 times (x 73B)
Class dagger.internal.codegen.binding.DelegateDeclaration                             : loaded 3 times (x 80B)
Class dagger.internal.codegen.processingstep.MultibindingAnnotationsProcessingStep    : loaded 3 times (x 86B)
Class androidx.room.compiler.processing.XFiler                                        : loaded 3 times (x 70B)
Class kotlin.reflect.jvm.internal.CachesKt$K_CLASS_CACHE$1                            : loaded 3 times (x 78B)
Class com.google.common.graph.Traverser$InsertionOrder$2                              : loaded 3 times (x 80B)
Class com.google.common.graph.Graphs$NodeVisitState                                   : loaded 3 times (x 79B)
Class dagger.spi.internal.shaded.androidx.room.jarjarred.kotlinx.metadata.internal.metadata.ProtoBuf$Effect$EffectType: loaded 3 times (x 82B)
Class dagger.spi.internal.shaded.androidx.room.jarjarred.kotlinx.metadata.KmTypeProjection$Companion: loaded 3 times (x 71B)
Class dagger.spi.internal.shaded.androidx.room.compiler.processing.javac.JavacAnnotationValue: loaded 3 times (x 155B)
Class dagger.spi.internal.shaded.androidx.room.compiler.processing.XType              : loaded 3 times (x 70B)
Class kotlin.reflect.jvm.internal.KClassImpl$Data$nestedClasses$2                     : loaded 3 times (x 79B)
Class dagger.spi.internal.shaded.androidx.room.compiler.processing.XProcessingEnv     : loaded 3 times (x 70B)
Class dagger.internal.codegen.binding.DependencyRequestFactory$1                      : loaded 3 times (x 71B)
Class dagger.spi.internal.shaded.androidx.room.jarjarred.kotlinx.metadata.jvm.KotlinClassMetadata$Companion: loaded 3 times (x 71B)
Class dagger.internal.codegen.componentgenerator.CurrentImplementationSubcomponent    : loaded 3 times (x 70B)
Class dagger.internal.codegen.writing.ComponentRequirementRequestRepresentation_Factory_Impl: loaded 3 times (x 75B)
Class com.google.common.collect.Lists$RandomAccessPartition                           : loaded 3 times (x 200B)
Class dagger.internal.codegen.writing.InjectionMethods$InstanceCastPolicy             : loaded 3 times (x 79B)
Class dagger.internal.codegen.writing.FrameworkInstanceSupplier                       : loaded 3 times (x 70B)
Class [Ldagger.internal.codegen.writing.ComponentImplementation$CompilerMode;         : loaded 3 times (x 69B)
Class dagger.internal.codegen.writing.AnonymousProviderCreationExpression$Factory     : loaded 3 times (x 70B)
Class dagger.internal.codegen.validation.AutoValue_SpiModelBindingGraphConverter_DaggerTypeElementImpl: loaded 3 times (x 76B)
Class dagger.spi.model.DaggerTypeElement                                              : loaded 3 times (x 74B)
Class dagger.spi.internal.shaded.androidx.room.compiler.processing.javac.kotlin.KmClassContainer$propertyList$2: loaded 3 times (x 79B)
Class com.google.common.collect.SortedMultiset                                        : loaded 3 times (x 70B)
Class dagger.spi.internal.shaded.kotlinx.metadata.internal.metadata.jvm.deserialization.JvmNameResolverKt: loaded 3 times (x 71B)
Class dagger.spi.internal.shaded.kotlinx.metadata.internal.metadata.ProtoBuf$ConstructorOrBuilder: loaded 3 times (x 70B)
Class dagger.spi.internal.shaded.kotlinx.metadata.internal.metadata.ProtoBuf$PropertyOrBuilder: loaded 3 times (x 70B)
Class dagger.spi.internal.shaded.kotlinx.metadata.internal.protobuf.CodedOutputStream$OutOfSpaceException: loaded 3 times (x 82B)
Class dagger.spi.internal.shaded.androidx.room.compiler.processing.XConstructorElement: loaded 3 times (x 70B)
Class dagger.spi.internal.shaded.androidx.room.compiler.processing.javac.JavacPackageElement$name$2: loaded 3 times (x 79B)
Class [Ldagger.spi.internal.shaded.kotlinx.metadata.internal.metadata.ProtoBuf$Modality;: loaded 3 times (x 69B)
Class dagger.internal.codegen.base.ModuleKind                                         : loaded 3 times (x 79B)
Class dagger.internal.codegen.componentgenerator.ComponentGeneratorModule             : loaded 3 times (x 70B)
Class dagger.internal.codegen.writing.OptionalRequestRepresentation$Factory           : loaded 3 times (x 70B)
Class dagger.internal.codegen.binding.BindsTypeChecker_Factory                        : loaded 3 times (x 79B)
Class com.google.common.graph.Traverser                                               : loaded 3 times (x 73B)
Class [Ldagger.hilt.processor.internal.aggregateddeps.AggregatedDepsMetadata$DependencyType;: loaded 3 times (x 69B)
Class dagger.spi.internal.shaded.androidx.room.jarjarred.kotlinx.metadata.internal.protobuf.LiteralByteString: loaded 3 times (x 112B)
Class dagger.spi.internal.shaded.androidx.room.compiler.processing.XTypeKt            : loaded 3 times (x 71B)
Class com.google.common.collect.Lists$Partition                                       : loaded 3 times (x 200B)
Class dagger.internal.codegen.validation.ComponentCreatorValidator$ElementValidator   : loaded 3 times (x 72B)
Class kotlin.reflect.jvm.internal.KClassImpl$Data$annotations$2                       : loaded 3 times (x 79B)
Class dagger.spi.internal.shaded.kotlinx.metadata.internal.metadata.ProtoBuf$MemberKind: loaded 3 times (x 82B)
Class dagger.hilt.processor.internal.aliasof.AliasOfPropagatedDataMetadata            : loaded 3 times (x 74B)
Class dagger.spi.internal.shaded.auto.common.MoreElements$CastingElementVisitor       : loaded 3 times (x 93B)
Class dagger.spi.internal.shaded.androidx.room.compiler.processing.XAnnotation        : loaded 3 times (x 70B)
Class dagger.hilt.processor.internal.generatesrootinput.GeneratesRootInputs           : loaded 3 times (x 72B)
Class dagger.hilt.processor.internal.uninstallmodules.UninstallModulesProcessingStep  : loaded 3 times (x 87B)
Class dagger.internal.codegen.writing.OptionalFactoryInstanceCreationExpression_Factory_Impl: loaded 3 times (x 75B)
Class dagger.internal.codegen.writing.ProviderInstanceSupplier_Factory_Impl           : loaded 3 times (x 75B)
Class dagger.internal.codegen.validation.InjectBindingRegistryImpl$BindingsCollection : loaded 3 times (x 72B)
Class dagger.spi.internal.shaded.androidx.room.compiler.processing.javac.JavacBasicAnnotationProcessor: loaded 3 times (x 98B)
Class dagger.internal.codegen.writing.ProducerFromProviderCreationExpression          : loaded 3 times (x 76B)
Class dagger.internal.codegen.writing.ProducerFromProviderCreationExpression_Factory_Impl: loaded 3 times (x 75B)
Class dagger.internal.codegen.validation.AutoValue_SpiModelBindingGraphConverter_SubcomponentCreatorBindingEdgeImpl: loaded 3 times (x 77B)
Class dagger.internal.codegen.model.BindingGraph$DependencyEdge                       : loaded 3 times (x 70B)
Class dagger.spi.internal.shaded.kotlinx.metadata.internal.metadata.jvm.JvmProtoBuf$StringTableTypes$Record: loaded 3 times (x 119B)
Class dagger.spi.internal.shaded.kotlinx.metadata.internal.metadata.jvm.deserialization.BitEncoding: loaded 3 times (x 71B)
Class dagger.spi.internal.shaded.androidx.room.compiler.processing.javac.JavacProcessingEnvMessager$Companion: loaded 3 times (x 71B)
Class com.google.common.collect.Iterators$SingletonIterator                           : loaded 3 times (x 81B)
Class dagger.spi.internal.shaded.androidx.room.compiler.processing.javac.JavacConstructorType: loaded 3 times (x 83B)
Class [Ldagger.internal.codegen.validation.BindingMethodValidator$Abstractness;       : loaded 3 times (x 69B)
Class dagger.internal.codegen.processingstep.AssistedInjectProcessingStep_Factory     : loaded 3 times (x 79B)
Class dagger.internal.codegen.model.RequestKind                                       : loaded 3 times (x 79B)
Class [Ldagger.internal.codegen.base.ClearableCache;                                  : loaded 3 times (x 69B)
Class dagger.spi.internal.shaded.kotlinx.metadata.KmClassVisitor                      : loaded 3 times (x 92B)
Class dagger.internal.codegen.xprocessing.XTypes$XTypeEquivalence                     : loaded 3 times (x 84B)
Class dagger.spi.internal.shaded.androidx.room.jarjarred.kotlinx.metadata.KmDeclarationContainer: loaded 3 times (x 70B)
Class dagger.internal.codegen.processingstep.AssistedFactoryProcessingStep            : loaded 3 times (x 86B)
Class com.squareup.javapoet.CodeBlock$Builder                                         : loaded 3 times (x 72B)
Class dagger.internal.codegen.processingstep.SuperficialValidator                     : loaded 3 times (x 75B)
Class com.google.common.graph.ElementOrder$1                                          : loaded 3 times (x 71B)
Class dagger.hilt.processor.internal.definecomponent.DefineComponentClassesMetadata   : loaded 3 times (x 75B)
Class dagger.internal.codegen.validation.DiagnosticReporterFactory$DiagnosticReporterImpl: loaded 3 times (x 76B)
Class dagger.spi.internal.shaded.kotlinx.metadata.internal.metadata.deserialization.ProtoTypeTableUtilKt: loaded 3 times (x 71B)
Class dagger.spi.internal.shaded.kotlinx.metadata.KmExtensionType                     : loaded 3 times (x 72B)
Class dagger.spi.internal.shaded.androidx.room.compiler.processing.InternalXAnnotationValue$Kind: loaded 3 times (x 79B)
Class dagger.spi.internal.shaded.androidx.room.jarjarred.kotlinx.metadata.internal.protobuf.SmallSortedMap$EmptySet$1: loaded 3 times (x 78B)
Class dagger.internal.codegen.writing.UnscopedDirectInstanceRequestRepresentationFactory: loaded 3 times (x 72B)
Class dagger.internal.codegen.validation.SpiModelBindingGraphConverter$DaggerElementImpl: loaded 3 times (x 75B)
Class dagger.internal.codegen.binding.FrameworkType$1                                 : loaded 3 times (x 84B)
Class dagger.internal.codegen.kotlin.KotlinMetadata$MethodForAnnotations              : loaded 3 times (x 72B)
Class dagger.spi.internal.shaded.androidx.room.compiler.processing.javac.JavacFieldElement$syntheticMethodForAnnotations$2: loaded 3 times (x 79B)
Class dagger.internal.codegen.model.DaggerProcessingEnv                               : loaded 3 times (x 74B)
Class dagger.internal.codegen.binding.AutoValue_OptionalBindingDeclaration            : loaded 3 times (x 75B)
Class [Ldagger.internal.codegen.compileroption.ProcessingEnvironmentCompilerOptions$CommandLineOption;: loaded 3 times (x 69B)
Class dagger.internal.codegen.ProcessingEnvironmentModule_FilerFactory                : loaded 3 times (x 79B)
Class dagger.internal.codegen.binding.MethodSignatureFormatter_Factory                : loaded 3 times (x 79B)
Class dagger.spi.model.DependencyRequest$Builder                                      : loaded 3 times (x 76B)
Class dagger.spi.internal.shaded.androidx.room.compiler.processing.XEnumEntry         : loaded 3 times (x 70B)
Class dagger.spi.internal.shaded.androidx.room.compiler.processing.javac.JavacMethodParameter$name$2: loaded 3 times (x 79B)
Class dagger.spi.internal.shaded.androidx.room.compiler.processing.javac.kotlin.KmTypeContainer: loaded 3 times (x 76B)
Class dagger.spi.internal.shaded.androidx.room.jarjarred.kotlinx.metadata.internal.metadata.deserialization.NameResolver: loaded 3 times (x 70B)
Class dagger.spi.internal.shaded.androidx.room.jarjarred.kotlinx.metadata.internal.protobuf.GeneratedMessageLite$ExtensionDescriptor: loaded 3 times (x 84B)
Class dagger.spi.internal.shaded.androidx.room.jarjarred.kotlinx.metadata.internal.protobuf.ExtensionRegistryLite: loaded 3 times (x 74B)
Class dagger.spi.internal.shaded.kotlinx.metadata.internal.metadata.ProtoBuf$Package  : loaded 3 times (x 129B)
Class kotlin.reflect.jvm.internal.KClassImpl$Data$declaredNonStaticMembers$2          : loaded 3 times (x 79B)
Class dagger.internal.codegen.binding.FrameworkType                                   : loaded 3 times (x 84B)
Class dagger.internal.codegen.writing.DependencyMethodProviderCreationExpression$Factory: loaded 3 times (x 70B)
Class dagger.internal.codegen.base.SourceFileGenerationException                      : loaded 3 times (x 82B)
Class dagger.spi.internal.shaded.androidx.room.jarjarred.kotlinx.metadata.internal.metadata.jvm.JvmProtoBuf$JvmMethodSignature$1: loaded 3 times (x 144B)
Class dagger.spi.internal.shaded.androidx.room.jarjarred.kotlinx.metadata.internal.protobuf.GeneratedMessageLite$GeneratedExtension: loaded 3 times (x 79B)
Class dagger.internal.codegen.writing.AutoValue_ComponentCreatorImplementation        : loaded 3 times (x 75B)
Class dagger.internal.DelegateFactory                                                 : loaded 3 times (x 79B)
Class dagger.internal.codegen.binding.ProductionBinding$Builder                       : loaded 3 times (x 90B)
Class dagger.spi.internal.shaded.kotlinx.metadata.internal.metadata.jvm.JvmProtoBuf$JvmMethodSignature$Builder: loaded 3 times (x 134B)
Class dagger.spi.internal.shaded.kotlinx.metadata.internal.metadata.jvm.deserialization.JvmProtoBufUtil: loaded 3 times (x 71B)
Class dagger.internal.codegen.componentgenerator.TopLevelImplementationComponent      : loaded 3 times (x 70B)
Class dagger.internal.codegen.bindinggraphvalidation.DependsOnProductionExecutorValidator: loaded 3 times (x 85B)
Class dagger.internal.codegen.bindinggraphvalidation.ProvisionDependencyOnProducerBindingValidator_Factory$InstanceHolder: loaded 3 times (x 71B)
Class com.google.common.graph.DirectedGraphConnections$2                              : loaded 3 times (x 137B)
Class dagger.spi.internal.shaded.androidx.room.jarjarred.kotlinx.metadata.jvm.JvmMemberSignatureKt: loaded 3 times (x 71B)
Class dagger.spi.internal.shaded.androidx.room.jarjarred.kotlinx.metadata.internal.metadata.jvm.deserialization.JvmNameResolverBase: loaded 3 times (x 80B)
Class dagger.spi.internal.shaded.androidx.room.jarjarred.kotlinx.metadata.jvm.KotlinClassMetadata: loaded 3 times (x 76B)
Class dagger.internal.codegen.compileroption.FeatureStatus                            : loaded 3 times (x 79B)
Class dagger.hilt.android.processor.internal.customtestapplication.CustomTestApplicationProcessor: loaded 3 times (x 100B)
Class dagger.internal.codegen.writing.FrameworkInstanceBindingRepresentation$Factory  : loaded 3 times (x 70B)
Class dagger.hilt.processor.internal.HiltProcessingEnvConfigs                         : loaded 3 times (x 71B)
Class dagger.spi.internal.shaded.androidx.room.jarjarred.kotlinx.metadata.internal.extensions.KmClassExtension: loaded 3 times (x 70B)
Class dagger.internal.codegen.writing.ComponentCreatorImplementation                  : loaded 3 times (x 74B)
Class com.google.common.graph.GraphConstants$Presence                                 : loaded 3 times (x 79B)
Class dagger.internal.codegen.componentgenerator.ComponentHjarGenerator               : loaded 3 times (x 77B)
Class dagger.internal.codegen.base.ComponentAnnotation                                : loaded 3 times (x 76B)
Class dagger.spi.internal.shaded.kotlinx.metadata.jvm.JvmConstructorExtensionVisitor$Companion: loaded 3 times (x 71B)
Class dagger.spi.internal.shaded.kotlinx.metadata.internal.protobuf.UninitializedMessageException: loaded 3 times (x 84B)
Class dagger.internal.codegen.writing.ComponentNames                                  : loaded 3 times (x 72B)
Class dagger.internal.codegen.writing.ComponentImplementation                         : loaded 3 times (x 72B)
Class dagger.spi.internal.shaded.kotlinx.metadata.internal.metadata.ProtoBuf$TypeTable: loaded 3 times (x 109B)
Class dagger.spi.internal.shaded.kotlinx.metadata.internal.metadata.jvm.JvmProtoBuf$JvmMethodSignature: loaded 3 times (x 108B)
Class dagger.spi.internal.shaded.kotlinx.metadata.KmExtensionVisitor                  : loaded 3 times (x 70B)
Class com.squareup.kotlinpoet.TypeName                                                : loaded 3 times (x 86B)
Class dagger.hilt.android.processor.internal.androidentrypoint.AndroidEntryPointProcessingStep: loaded 3 times (x 87B)
Class [Ldagger.internal.codegen.base.ContributionType;                                : loaded 3 times (x 69B)
Class dagger.internal.codegen.validation.SpiModelBindingGraphConverter$DaggerProcessingEnvImpl: loaded 3 times (x 76B)
Class dagger.internal.codegen.validation.BindsOptionalOfMethodValidator               : loaded 3 times (x 78B)
Class dagger.internal.codegen.DelegateComponentProcessor$SourceFileGeneratorsModule   : loaded 3 times (x 70B)
Class dagger.internal.codegen.validation.ProvidesMethodValidator_Factory              : loaded 3 times (x 79B)
Class dagger.internal.codegen.DaggerDelegateComponentProcessor_Injector$Factory       : loaded 3 times (x 74B)
Class com.google.common.graph.DirectedGraphConnections$3                              : loaded 3 times (x 137B)
Class dagger.spi.internal.shaded.androidx.room.jarjarred.kotlinx.metadata.internal.protobuf.MessageLiteOrBuilder: loaded 3 times (x 70B)
Class dagger.spi.internal.shaded.androidx.room.jarjarred.kotlinx.metadata.jvm.JvmDeclarationContainerExtensionVisitor: loaded 3 times (x 81B)
Class dagger.spi.internal.shaded.androidx.room.jarjarred.kotlinx.metadata.internal.metadata.ProtoBuf$PropertyOrBuilder: loaded 3 times (x 70B)
Class dagger.spi.internal.shaded.androidx.room.jarjarred.kotlinx.metadata.jvm.internal.JvmExceptionUtilsKt: loaded 3 times (x 71B)
Class dagger.spi.internal.shaded.auto.common.GeneratedAnnotations                     : loaded 3 times (x 71B)
Class kotlin.reflect.jvm.internal.impl.builtins.PrimitiveType$arrayTypeFqName$2       : loaded 3 times (x 79B)
Class dagger.spi.internal.shaded.androidx.room.compiler.processing.javac.JavacElement$equalityItems$2: loaded 3 times (x 79B)
Class kotlin.reflect.jvm.internal.KClassImpl$Data$objectInstance$2                    : loaded 3 times (x 79B)
Class dagger.hilt.android.processor.internal.viewmodel.ViewModelProcessor             : loaded 3 times (x 100B)
Class dagger.hilt.processor.internal.root.RootProcessingStep                          : loaded 3 times (x 87B)
Class dagger.spi.internal.shaded.androidx.room.jarjarred.kotlinx.metadata.internal.metadata.jvm.JvmProtoBuf$JvmMethodSignature: loaded 3 times (x 108B)
Class dagger.spi.internal.shaded.kotlinx.metadata.KmTypeExtensionVisitor              : loaded 3 times (x 70B)
Class dagger.internal.codegen.javapoet.Expression                                     : loaded 3 times (x 72B)
Class dagger.internal.codegen.writing.MapRequestRepresentation                        : loaded 3 times (x 74B)
Class dagger.spi.internal.shaded.androidx.room.jarjarred.kotlinx.metadata.KmTypeParameterVisitor: loaded 3 times (x 75B)
Class dagger.spi.internal.shaded.kotlinx.metadata.internal.metadata.jvm.deserialization.JvmMetadataVersion$Companion: loaded 3 times (x 71B)
Class [Ldagger.spi.internal.shaded.androidx.room.jarjarred.kotlinx.metadata.internal.metadata.ProtoBuf$Effect$EffectType;: loaded 3 times (x 69B)
Class dagger.spi.internal.shaded.androidx.room.jarjarred.kotlinx.metadata.Attributes$hasAnnotations$26: loaded 3 times (x 137B)
Class dagger.internal.codegen.base.AutoValue_ComponentAnnotation                      : loaded 3 times (x 76B)
Class dagger.spi.internal.shaded.androidx.room.jarjarred.kotlinx.metadata.KmFunctionExtensionVisitor: loaded 3 times (x 70B)
Class com.google.common.graph.DirectedGraphConnections$4                              : loaded 3 times (x 83B)
Class com.google.common.graph.StandardValueGraph$1                                    : loaded 3 times (x 136B)
Class com.google.common.graph.ForwardingGraph                                         : loaded 3 times (x 136B)
Class com.squareup.javapoet.ParameterSpec$Builder                                     : loaded 3 times (x 72B)
Class dagger.hilt.android.processor.internal.AndroidClassNames                        : loaded 3 times (x 71B)
Class kotlin.reflect.jvm.internal.KClassImpl$Data$declaredStaticMembers$2             : loaded 3 times (x 79B)
Class kotlin.reflect.jvm.internal.KProperty1Impl$delegateSource$1                     : loaded 3 times (x 79B)
Class com.google.common.graph.GraphConnections                                        : loaded 3 times (x 70B)
Class dagger.spi.internal.shaded.androidx.room.compiler.processing.javac.JavacTypeElement$typeParameters$2: loaded 3 times (x 79B)
Class [Ldagger.hilt.processor.internal.optionvalues.BooleanValue;                     : loaded 3 times (x 69B)
Class dagger.spi.internal.shaded.androidx.room.compiler.processing.javac.JavacMethodElement$parameters$2: loaded 3 times (x 79B)
Class dagger.spi.internal.shaded.androidx.room.jarjarred.kotlinx.metadata.internal.metadata.ProtoBuf$ValueParameter$1: loaded 3 times (x 144B)
Class dagger.spi.internal.shaded.androidx.room.compiler.processing.XProcessingEnvConfig: loaded 3 times (x 71B)
Class dagger.spi.internal.shaded.androidx.room.jarjarred.kotlinx.metadata.internal.metadata.deserialization.Flags$FlagField: loaded 3 times (x 73B)
Class dagger.internal.codegen.writing.ProvisionBindingRepresentation                  : loaded 3 times (x 75B)
Class dagger.spi.internal.shaded.androidx.room.compiler.processing.javac.JavacRawType$typeName$2: loaded 3 times (x 79B)
Class dagger.internal.codegen.componentgenerator.CurrentImplementationSubcomponent_ChildComponentImplementationFactoryModule_ProvideTopLevelImplementationFactory: loaded 3 times (x 79B)
Class dagger.internal.codegen.writing.ComponentInstanceRequestRepresentation_Factory  : loaded 3 times (x 72B)
Class dagger.internal.codegen.validation.SpiModelBindingGraphConverter$DaggerTypeImpl : loaded 3 times (x 75B)
Class dagger.spi.model.DaggerType                                                     : loaded 3 times (x 74B)
Class dagger.spi.model.AutoValue_DependencyRequest$Builder                            : loaded 3 times (x 77B)
Class dagger.spi.internal.shaded.androidx.room.jarjarred.kotlinx.metadata.KmFunction  : loaded 3 times (x 82B)
Class dagger.spi.internal.shaded.androidx.room.jarjarred.kotlinx.metadata.KmTypeParameterExtensionVisitor: loaded 3 times (x 70B)
Class dagger.internal.codegen.binding.AutoValue_DelegateDeclaration                   : loaded 3 times (x 83B)
Class dagger.internal.codegen.validation.DependencyRequestValidator                   : loaded 3 times (x 72B)
Class dagger.internal.SingleCheck                                                     : loaded 3 times (x 77B)
Class dagger.hilt.processor.internal.root.TestRootMetadata                            : loaded 3 times (x 78B)
Class com.google.common.graph.DirectedGraphConnections$5                              : loaded 3 times (x 71B)
Class dagger.hilt.processor.internal.definecomponent.DefineComponentBuilderMetadatas  : loaded 3 times (x 72B)
Class com.google.common.graph.DirectedGraphConnections                                : loaded 3 times (x 83B)
Class [Ldagger.spi.internal.shaded.androidx.room.jarjarred.kotlinx.metadata.MemberKind;: loaded 3 times (x 69B)
Class dagger.spi.internal.shaded.androidx.room.jarjarred.kotlinx.metadata.internal.protobuf.AbstractMessageLite$Builder: loaded 3 times (x 122B)
Class dagger.spi.internal.shaded.androidx.room.jarjarred.kotlinx.metadata.internal.metadata.jvm.deserialization.JvmNameResolver: loaded 3 times (x 80B)
Class dagger.internal.codegen.xprocessing.XAnnotations                                : loaded 3 times (x 71B)
Class com.squareup.kotlinpoet.TypeName$Companion                                      : loaded 3 times (x 71B)
Class dagger.internal.codegen.processingstep.AssistedInjectProcessingStep             : loaded 3 times (x 86B)
Class dagger.internal.codegen.bindinggraphvalidation.IncompatiblyScopedBindingsValidator: loaded 3 times (x 85B)
Class dagger.spi.internal.shaded.androidx.room.compiler.processing.javac.JavacConstructorElement$parameters$2$1$1: loaded 3 times (x 79B)
Class dagger.internal.codegen.writing.BindingRepresentation                           : loaded 3 times (x 70B)
Class dagger.internal.codegen.writing.MembersInjectionRequestRepresentation_Factory_Impl: loaded 3 times (x 75B)
Class [Ldagger.spi.model.BindingKind;                                                 : loaded 3 times (x 69B)
Class dagger.internal.codegen.bindinggraphvalidation.MissingBindingValidator          : loaded 3 times (x 85B)
Class dagger.internal.codegen.validation.MultibindsMethodValidator_Factory            : loaded 3 times (x 79B)
Class com.google.common.graph.MultiEdgesConnecting                                    : loaded 3 times (x 137B)
Class dagger.spi.internal.shaded.kotlinx.metadata.internal.metadata.ProtoBuf$Modality : loaded 3 times (x 82B)
Class dagger.spi.internal.shaded.kotlinx.metadata.KmFunctionVisitor                   : loaded 3 times (x 81B)
Class dagger.spi.internal.shaded.kotlinx.metadata.jvm.internal.JvmMetadataExtensions  : loaded 3 times (x 103B)
Class dagger.internal.codegen.xprocessing.XTypes$TypeResolutionVisitor                : loaded 3 times (x 101B)
Class [Ldagger.internal.codegen.base.ComponentCreatorKind;                            : loaded 3 times (x 69B)
Class dagger.internal.codegen.processingstep.ProcessingStepsModule_ProcessingStepsFactory: loaded 3 times (x 79B)
Class dagger.internal.codegen.DelegateComponentProcessor_MembersInjector              : loaded 3 times (x 75B)
Class dagger.internal.codegen.compileroption.ProcessingEnvironmentCompilerOptions_Factory: loaded 3 times (x 79B)
Class kotlin.comparisons.NaturalOrderComparator                                       : loaded 3 times (x 88B)
Class dagger.hilt.android.processor.internal.viewmodel.ViewModelProcessingStep        : loaded 3 times (x 87B)
Class com.google.common.graph.EndpointPairIterator$Directed                           : loaded 3 times (x 82B)
Class dagger.spi.internal.shaded.androidx.room.jarjarred.kotlinx.metadata.KmClassifier$Class: loaded 3 times (x 72B)
Class dagger.spi.internal.shaded.androidx.room.jarjarred.kotlinx.metadata.internal.protobuf.FieldSet$1: loaded 3 times (x 71B)
Class dagger.spi.internal.shaded.androidx.room.jarjarred.kotlinx.metadata.internal.metadata.ProtoBuf$TypeOrBuilder: loaded 3 times (x 70B)
Class dagger.spi.internal.shaded.androidx.room.jarjarred.kotlinx.metadata.internal.protobuf.AbstractParser: loaded 3 times (x 144B)
Class dagger.internal.codegen.binding.BindingGraphConverter                           : loaded 3 times (x 72B)
Class dagger.internal.codegen.validation.ComponentDescriptorValidator                 : loaded 3 times (x 72B)
Class dagger.spi.internal.shaded.androidx.room.compiler.processing.javac.JavacType$typeElement$2: loaded 3 times (x 79B)
Class dagger.spi.internal.shaded.auto.common.MoreElements                             : loaded 3 times (x 71B)
Class dagger.spi.internal.shaded.androidx.room.compiler.processing.javac.JavacTypeElement$Companion: loaded 3 times (x 71B)
Class dagger.internal.codegen.base.ComponentCreatorAnnotation                         : loaded 3 times (x 79B)
Class dagger.internal.codegen.base.Util                                               : loaded 3 times (x 71B)
Class dagger.internal.codegen.validation.DiagnosticMessageGenerator$Factory           : loaded 3 times (x 72B)
Class dagger.internal.codegen.base.ContributionType                                   : loaded 3 times (x 79B)
Class dagger.internal.codegen.binding.BindingGraph$TopLevelBindingGraph               : loaded 3 times (x 99B)
Class dagger.spi.internal.shaded.kotlinx.metadata.internal.metadata.ProtoBuf$Class    : loaded 3 times (x 180B)
Class dagger.spi.internal.shaded.androidx.room.compiler.processing.javac.JavacFieldElement$getter$2: loaded 3 times (x 79B)
Class dagger.internal.codegen.binding.AssistedInjectionAnnotations                    : loaded 3 times (x 71B)
Class dagger.spi.internal.shaded.androidx.room.compiler.processing.javac.JavacPackageElement$qualifiedName$2: loaded 3 times (x 79B)
Class dagger.internal.codegen.binding.AutoValue_Nullability                           : loaded 3 times (x 74B)
Class dagger.internal.codegen.writing.InaccessibleMapKeyProxyGenerator                : loaded 3 times (x 77B)
Class dagger.internal.codegen.base.DaggerSuperficialValidation$ValidationException$UnexpectedException: loaded 3 times (x 83B)
Class dagger.internal.codegen.binding.ProvisionBinding                                : loaded 3 times (x 95B)
Class dagger.internal.codegen.binding.InjectionSiteFactory                            : loaded 3 times (x 72B)
Class com.google.common.collect.Iterators$3                                           : loaded 3 times (x 82B)
Class com.google.common.graph.ElementOrder                                            : loaded 3 times (x 72B)
Class dagger.spi.internal.shaded.androidx.room.compiler.processing.javac.JavacMethodElement$kotlinDefaultImplClass$2: loaded 3 times (x 79B)
Class kotlin.reflect.jvm.internal.KClassImpl$Data$supertypes$2                        : loaded 3 times (x 79B)
Class dagger.internal.codegen.model.AutoValue_DaggerExecutableElement                 : loaded 3 times (x 74B)
Class com.squareup.kotlinpoet.WildcardTypeName                                        : loaded 3 times (x 86B)
Class com.squareup.kotlinpoet.ClassName                                               : loaded 3 times (x 89B)
Class dagger.hilt.processor.internal.originatingelement.OriginatingElementProcessingStep: loaded 3 times (x 87B)
Class dagger.internal.codegen.writing.SwitchingProviders$SwitchingProviderBuilder     : loaded 3 times (x 72B)
Class dagger.internal.codegen.writing.MembersInjectionMethods                         : loaded 3 times (x 72B)
Class dagger.internal.codegen.writing.ComponentWrapperImplementation                  : loaded 3 times (x 80B)
Class dagger.internal.codegen.bindinggraphvalidation.AutoValue_DuplicateBindingsValidator_KeyWithTypeEquivalence: loaded 3 times (x 75B)
Class dagger.internal.codegen.binding.BindingType                                     : loaded 3 times (x 79B)
Class dagger.spi.internal.shaded.kotlinx.metadata.KmPropertyExtensionVisitor          : loaded 3 times (x 70B)
Class [Ldagger.spi.internal.shaded.kotlinx.metadata.internal.protobuf.WireFormat$JavaType;: loaded 3 times (x 69B)
Class dagger.spi.internal.shaded.androidx.room.jarjarred.kotlinx.metadata.internal.metadata.ProtoBuf$VersionRequirement$VersionKind$1: loaded 3 times (x 74B)
Class dagger.internal.codegen.writing.ModuleProxies                                   : loaded 3 times (x 71B)
Class dagger.internal.codegen.componentgenerator.ComponentHjarGenerator_Factory       : loaded 3 times (x 79B)
Class dagger.internal.codegen.validation.ValidationBindingGraphPlugin                 : loaded 3 times (x 85B)
Class dagger.internal.codegen.processingstep.MonitoringModuleProcessingStep           : loaded 3 times (x 86B)
Class dagger.internal.codegen.processingstep.InjectProcessingStep_Factory             : loaded 3 times (x 79B)
Class dagger.internal.codegen.bindinggraphvalidation.SubcomponentFactoryMethodValidator_Factory$InstanceHolder: loaded 3 times (x 71B)
Class dagger.internal.codegen.model.DaggerTypeElement                                 : loaded 3 times (x 74B)
Class com.google.common.collect.FilteredSetMultimap                                   : loaded 3 times (x 70B)
Class dagger.hilt.processor.internal.root.AggregatedRootMetadata                      : loaded 3 times (x 77B)
Class dagger.spi.internal.shaded.androidx.room.jarjarred.kotlinx.metadata.Attributes$modality$10: loaded 3 times (x 137B)
Class dagger.spi.internal.shaded.androidx.room.jarjarred.kotlinx.metadata.KmConstructorExtensionVisitor: loaded 3 times (x 70B)
Class dagger.spi.internal.shaded.androidx.room.jarjarred.kotlinx.metadata.internal.metadata.ProtoBuf$VersionRequirementTable$1: loaded 3 times (x 144B)
Class dagger.spi.internal.shaded.androidx.room.jarjarred.kotlinx.metadata.internal.metadata.jvm.JvmProtoBuf$JvmMethodSignatureOrBuilder: loaded 3 times (x 70B)
Class dagger.spi.internal.shaded.androidx.room.compiler.processing.javac.JavacExecutableElement$enclosingElement$2: loaded 3 times (x 79B)
Class dagger.spi.internal.shaded.kotlinx.metadata.internal.metadata.ProtoBuf$TypeOrBuilder: loaded 3 times (x 70B)
Class dagger.spi.internal.shaded.kotlinx.metadata.internal.protobuf.WireFormat$FieldType: loaded 3 times (x 83B)
Class dagger.spi.internal.shaded.kotlinx.metadata.internal.metadata.ProtoBuf$TypeTable$1: loaded 3 times (x 144B)
Class dagger.spi.internal.shaded.androidx.room.compiler.processing.CommonProcessorDelegate: loaded 3 times (x 72B)
Class dagger.spi.internal.shaded.kotlinx.metadata.internal.metadata.ProtoBuf$Annotation$1: loaded 3 times (x 144B)
Class dagger.spi.internal.shaded.kotlinx.metadata.internal.metadata.ProtoBuf$AnnotationOrBuilder: loaded 3 times (x 70B)
Class dagger.spi.internal.shaded.androidx.room.compiler.codegen.XTypeNameKt           : loaded 3 times (x 71B)
Class dagger.spi.internal.shaded.androidx.room.jarjarred.kotlinx.metadata.internal.protobuf.Parser: loaded 3 times (x 70B)
Class dagger.spi.internal.shaded.androidx.room.jarjarred.kotlinx.metadata.internal.protobuf.ByteString$ByteIterator: loaded 3 times (x 70B)
Class dagger.spi.internal.shaded.kotlinx.metadata.internal.extensions.KmPropertyExtension: loaded 3 times (x 70B)
Class dagger.internal.codegen.componentgenerator.CurrentImplementationSubcomponent$ChildComponentImplementationFactoryModule: loaded 3 times (x 70B)
Class dagger.internal.codegen.writing.SetFactoryCreationExpression$Factory            : loaded 3 times (x 70B)
Class dagger.internal.codegen.writing.DelegateRequestRepresentation$Factory           : loaded 3 times (x 70B)
Class dagger.internal.codegen.model.Key$MultibindingContributionIdentifier            : loaded 3 times (x 73B)
Class dagger.internal.codegen.binding.MapKeys                                         : loaded 3 times (x 71B)
Class dagger.spi.internal.shaded.androidx.room.compiler.processing.javac.JavacMethodType$returnType$2: loaded 3 times (x 79B)
Class dagger.internal.codegen.binding.DependencyRequestFormatter                      : loaded 3 times (x 86B)
Class dagger.internal.codegen.validation.MultibindsMethodValidator                    : loaded 3 times (x 79B)
Class dagger.hilt.processor.internal.aliasof.AliasOfs                                 : loaded 3 times (x 72B)
Class [Ldagger.spi.internal.shaded.androidx.room.jarjarred.kotlinx.metadata.Visibility;: loaded 3 times (x 69B)
Class dagger.spi.internal.shaded.androidx.room.jarjarred.kotlinx.metadata.jvm.JvmMemberSignature: loaded 3 times (x 73B)
Class dagger.spi.internal.shaded.androidx.room.jarjarred.kotlinx.metadata.internal.metadata.jvm.JvmProtoBuf$StringTableTypes$RecordOrBuilder: loaded 3 times (x 70B)
Class [Ldagger.spi.internal.shaded.androidx.room.jarjarred.kotlinx.metadata.internal.protobuf.WireFormat$FieldType;: loaded 3 times (x 69B)
Class dagger.spi.internal.shaded.androidx.room.compiler.processing.InternalXAnnotationValue$Kind$Companion: loaded 3 times (x 71B)
Class dagger.hilt.processor.internal.root.AutoValue_Root                              : loaded 3 times (x 78B)
Class dagger.internal.codegen.DelegateComponentProcessor$Injector                     : loaded 3 times (x 70B)
Class dagger.spi.internal.shaded.androidx.room.compiler.processing.javac.JavacAnnotationValueKt$UNWRAP_VISITOR$1$visitArray$1$1: loaded 3 times (x 79B)
Class dagger.hilt.processor.internal.aliasof.AliasOfProcessingStep                    : loaded 3 times (x 87B)
Class dagger.hilt.android.processor.internal.androidentrypoint.AndroidEntryPointProcessor: loaded 3 times (x 100B)
Class dagger.spi.internal.shaded.androidx.room.jarjarred.kotlinx.metadata.internal.metadata.jvm.JvmProtoBuf$JvmPropertySignatureOrBuilder: loaded 3 times (x 70B)
Class dagger.spi.internal.shaded.androidx.room.jarjarred.kotlinx.metadata.jvm.JvmMetadataVersion: loaded 3 times (x 74B)
Class dagger.spi.internal.shaded.androidx.room.compiler.processing.XRawType           : loaded 3 times (x 70B)
Class dagger.internal.codegen.writing.UnscopedDirectInstanceRequestRepresentationFactory$1: loaded 3 times (x 71B)
Class dagger.internal.codegen.xprocessing.MethodSpecs                                 : loaded 3 times (x 71B)
Class dagger.spi.internal.shaded.kotlinx.metadata.jvm.internal.JvmConstructorExtension: loaded 3 times (x 83B)
Class dagger.internal.codegen.writing.ProviderInstanceRequestRepresentation_Factory_Impl: loaded 3 times (x 75B)
Class dagger.internal.codegen.writing.ComponentInstanceRequestRepresentation_Factory_Impl: loaded 3 times (x 75B)
Class dagger.internal.codegen.bindinggraphvalidation.DuplicateBindingsValidator$KeyWithTypeEquivalence: loaded 3 times (x 74B)
Class dagger.hilt.processor.internal.kotlin.KotlinMetadataUtils$MetadataComponent     : loaded 3 times (x 70B)
Class dagger.internal.codegen.validation.DiagnosticMessageGenerator                   : loaded 3 times (x 72B)
Class dagger.spi.internal.shaded.kotlinx.metadata.internal.metadata.deserialization.Flags: loaded 3 times (x 71B)
Class dagger.internal.codegen.writing.UnscopedDirectInstanceRequestRepresentationFactory_Factory: loaded 3 times (x 79B)
Class dagger.internal.codegen.extension.Optionals                                     : loaded 3 times (x 71B)
Class dagger.internal.codegen.processingstep.ComponentHjarProcessingStep              : loaded 3 times (x 86B)
Class dagger.internal.codegen.processingstep.MapKeyProcessingStep_Factory             : loaded 3 times (x 79B)
Class dagger.hilt.android.processor.internal.bindvalue.BindValueMetadata              : loaded 3 times (x 73B)
Class dagger.spi.internal.shaded.androidx.room.jarjarred.kotlinx.metadata.internal.metadata.jvm.deserialization.ClassMapperLite: loaded 3 times (x 71B)
Class dagger.spi.internal.shaded.androidx.room.compiler.processing.javac.JavacAnnotation$defaultValues$2: loaded 3 times (x 79B)
Class dagger.spi.internal.shaded.androidx.room.compiler.processing.XProcessingStep    : loaded 3 times (x 70B)
Class com.google.common.graph.Graphs                                                  : loaded 3 times (x 71B)
Class com.google.common.graph.MutableValueGraph                                       : loaded 3 times (x 70B)
Class dagger.spi.internal.shaded.androidx.room.compiler.processing.XFieldElement      : loaded 3 times (x 70B)
Class kotlin.reflect.jvm.internal.KDeclarationContainerImpl$Data$moduleData$2         : loaded 3 times (x 79B)
Class dagger.spi.internal.shaded.androidx.room.jarjarred.kotlinx.metadata.internal.FlagDelegatesImplKt$functionBooleanFlag$1: loaded 3 times (x 137B)
Class dagger.spi.internal.shaded.androidx.room.jarjarred.kotlinx.metadata.internal.protobuf.GeneratedMessageLite$Builder: loaded 3 times (x 128B)
Class dagger.spi.internal.shaded.androidx.room.jarjarred.kotlinx.metadata.internal.metadata.ProtoBuf$Property$1: loaded 3 times (x 144B)
Class com.squareup.javapoet.JavaFile$1                                                : loaded 3 times (x 79B)
Class dagger.hilt.processor.internal.root.Root                                        : loaded 3 times (x 77B)
Class dagger.spi.internal.shaded.androidx.room.compiler.processing.util.MemoizedSequence$delegateIterator$2: loaded 3 times (x 79B)
Class dagger.spi.internal.shaded.androidx.room.jarjarred.kotlinx.metadata.jvm.JvmConstructorExtensionVisitor: loaded 3 times (x 78B)
Class dagger.spi.internal.shaded.androidx.room.compiler.processing.javac.JavacVariableElement: loaded 3 times (x 200B)
Class com.google.common.graph.EndpointPair$Unordered                                  : loaded 3 times (x 83B)
Class dagger.spi.internal.shaded.androidx.room.compiler.processing.javac.kotlin.KmVisibility: loaded 3 times (x 70B)
Class dagger.internal.codegen.javapoet.CodeBlocks                                     : loaded 3 times (x 71B)
Class dagger.spi.internal.shaded.androidx.room.compiler.processing.javac.JavacAnnotation: loaded 3 times (x 139B)
Class dagger.internal.codegen.writing.ProductionBindingRepresentation$Factory         : loaded 3 times (x 70B)
Class dagger.spi.internal.shaded.androidx.room.jarjarred.kotlinx.metadata.KmExtensionType: loaded 3 times (x 72B)
Class dagger.spi.internal.shaded.kotlinx.metadata.internal.metadata.jvm.JvmProtoBuf$JvmFieldSignature$1: loaded 3 times (x 144B)
Class dagger.spi.internal.shaded.kotlinx.metadata.internal.metadata.jvm.JvmProtoBuf$JvmPropertySignature: loaded 3 times (x 114B)
Class dagger.spi.internal.shaded.kotlinx.metadata.internal.metadata.jvm.JvmProtoBuf   : loaded 3 times (x 71B)
Class dagger.spi.internal.shaded.kotlinx.metadata.KmDeclarationContainer              : loaded 3 times (x 70B)
Class com.google.common.collect.ConsumingQueueIterator                                : loaded 3 times (x 82B)
Class dagger.spi.internal.shaded.androidx.room.compiler.processing.javac.DefaultJavacType: loaded 3 times (x 187B)
Class dagger.internal.codegen.processingstep.BindingMethodProcessingStep_Factory      : loaded 3 times (x 79B)
Class [Ldagger.internal.codegen.model.BindingGraphPlugin;                             : loaded 3 times (x 69B)
Class dagger.internal.codegen.validation.BindingElementValidator$AllowsScoping        : loaded 3 times (x 79B)
Class dagger.internal.codegen.base.Formatter                                          : loaded 3 times (x 85B)
Class dagger.hilt.processor.internal.earlyentrypoint.AutoValue_AggregatedEarlyEntryPointMetadata: loaded 3 times (x 74B)
Class dagger.hilt.processor.internal.root.AutoValue_ComponentTreeDepsMetadata         : loaded 3 times (x 81B)
Class dagger.spi.internal.shaded.androidx.room.jarjarred.kotlinx.metadata.Attributes$kind$2: loaded 3 times (x 137B)
Class dagger.spi.internal.shaded.androidx.room.jarjarred.kotlinx.metadata.internal.metadata.ProtoBuf$MemberKind$1: loaded 3 times (x 74B)
Class dagger.spi.internal.shaded.androidx.room.jarjarred.kotlinx.metadata.KmClassVisitor: loaded 3 times (x 92B)
Class dagger.spi.internal.shaded.androidx.room.compiler.processing.javac.JavacAnnotationValueKt: loaded 3 times (x 71B)
Class dagger.spi.internal.shaded.auto.common.MoreTypes$CastingTypeVisitor             : loaded 3 times (x 102B)
Class dagger.spi.internal.shaded.androidx.room.compiler.processing.javac.JavacMethodElement$kotlinMetadata$2: loaded 3 times (x 79B)
Class dagger.spi.internal.shaded.androidx.room.compiler.processing.XRoundEnv          : loaded 3 times (x 70B)
Class dagger.hilt.processor.internal.AutoValue_ComponentDescriptor$Builder            : loaded 3 times (x 80B)
Class com.google.common.graph.AbstractValueGraph                                      : loaded 3 times (x 145B)
Class dagger.internal.codegen.ComponentProcessor                                      : loaded 3 times (x 98B)
Class dagger.internal.codegen.componentgenerator.TopLevelImplementationComponent$Factory: loaded 3 times (x 70B)
Class dagger.internal.codegen.processingstep.AssistedProcessingStep                   : loaded 3 times (x 86B)
Class dagger.internal.codegen.bindinggraphvalidation.InjectBindingValidator           : loaded 3 times (x 85B)
Class dagger.internal.codegen.writing.BindingRepresentations_Factory                  : loaded 3 times (x 78B)
Class dagger.spi.internal.shaded.androidx.room.jarjarred.kotlinx.metadata.jvm.JvmFunctionExtensionVisitor$Companion: loaded 3 times (x 71B)
Class dagger.spi.internal.shaded.kotlinx.metadata.internal.metadata.jvm.JvmProtoBuf$StringTableTypes$Record$Operation$1: loaded 3 times (x 74B)
Class dagger.spi.internal.shaded.kotlinx.metadata.internal.protobuf.ExtensionRegistryLite$ObjectIntPair: loaded 3 times (x 72B)
Class dagger.spi.internal.shaded.kotlinx.metadata.internal.metadata.deserialization.BinaryVersion: loaded 3 times (x 73B)
Class [Ldagger.internal.codegen.binding.BindingType;                                  : loaded 3 times (x 69B)
Class dagger.spi.model.BindingGraph$Node                                              : loaded 3 times (x 70B)
Class dagger.internal.codegen.model.AutoValue_DaggerType                              : loaded 3 times (x 75B)
Class com.squareup.kotlinpoet.ClassName$Companion                                     : loaded 3 times (x 71B)
Class dagger.internal.codegen.validation.BindingMethodValidator$1                     : loaded 3 times (x 71B)
Class dagger.internal.codegen.bindinggraphvalidation.BindingGraphValidationModule     : loaded 3 times (x 70B)
Class dagger.internal.codegen.bindinggraphvalidation.MapMultibindingValidator         : loaded 3 times (x 85B)
Class dagger.internal.codegen.validation.BindsInstanceParameterValidator_Factory      : loaded 3 times (x 79B)
Class dagger.internal.codegen.compileroption.ProcessingEnvironmentCompilerOptions$KeyOnlyOption$1: loaded 3 times (x 86B)
Class dagger.spi.BindingGraphPlugin                                                   : loaded 3 times (x 70B)
Class androidx.room.util.SimpleJavaVersion                                            : loaded 3 times (x 75B)
Class dagger.spi.internal.shaded.androidx.room.compiler.processing.compat.XConverters : loaded 3 times (x 71B)
Class com.google.common.graph.AbstractGraphBuilder                                    : loaded 3 times (x 72B)
Class dagger.spi.internal.shaded.androidx.room.compiler.processing.javac.JavacMethodParameter$closestMemberContainer$2: loaded 3 times (x 79B)
Class com.squareup.javapoet.TypeSpec$Builder                                          : loaded 3 times (x 72B)
Class dagger.spi.internal.shaded.androidx.room.jarjarred.kotlinx.metadata.Attributes$modality$14: loaded 3 times (x 137B)
Class dagger.spi.internal.shaded.androidx.room.jarjarred.kotlinx.metadata.internal.metadata.ProtoBuf$Class$Kind: loaded 3 times (x 82B)
Class dagger.spi.internal.shaded.androidx.room.jarjarred.kotlinx.metadata.internal.metadata.jvm.JvmProtoBuf$StringTableTypes$Record$1: loaded 3 times (x 144B)
Class dagger.spi.internal.shaded.androidx.room.compiler.processing.InternalXAnnotationValue$kind$2: loaded 3 times (x 79B)
Class dagger.internal.codegen.model.$AutoValue_ComponentPath                          : loaded 3 times (x 74B)
Class dagger.hilt.processor.internal.BadInputException                                : loaded 3 times (x 82B)
Class dagger.hilt.processor.internal.ProcessorErrors                                  : loaded 3 times (x 71B)
Class dagger.internal.codegen.binding.BindingGraphFactory$Resolver                    : loaded 3 times (x 72B)
Class dagger.internal.codegen.binding.$AutoValue_MembersInjectionBinding_InjectionSite: loaded 3 times (x 77B)
Class dagger.internal.codegen.processingstep.ModuleProcessingStep                     : loaded 3 times (x 86B)
Class dagger.spi.internal.shaded.kotlinx.metadata.internal.metadata.deserialization.BinaryVersion$Companion: loaded 3 times (x 71B)
Class dagger.internal.codegen.xprocessing.XExecutableTypes                            : loaded 3 times (x 71B)
Class dagger.spi.internal.shaded.androidx.room.jarjarred.kotlinx.metadata.internal.metadata.ProtoBuf$TypeParameter$Variance$1: loaded 3 times (x 74B)
Class dagger.internal.codegen.validation.AutoValue_SpiModelBindingGraphConverter_DependencyEdgeImpl: loaded 3 times (x 79B)
Class dagger.spi.internal.shaded.androidx.room.compiler.processing.javac.kotlin.KmConstructorContainer: loaded 3 times (x 100B)
Class dagger.spi.internal.shaded.kotlinx.metadata.jvm.JvmFunctionExtensionVisitor     : loaded 3 times (x 80B)
Class dagger.spi.internal.shaded.kotlinx.metadata.internal.metadata.deserialization.ProtoBufUtilKt: loaded 3 times (x 71B)
Class [Ldagger.spi.internal.shaded.kotlinx.metadata.internal.metadata.jvm.JvmProtoBuf$StringTableTypes$Record$Operation;: loaded 3 times (x 69B)
Class dagger.spi.internal.shaded.kotlinx.metadata.internal.protobuf.SmallSortedMap$1  : loaded 3 times (x 130B)
Class com.google.common.collect.FilteredEntryMultimap                                 : loaded 3 times (x 155B)
Class dagger.spi.internal.shaded.androidx.room.compiler.processing.XEnumTypeElement   : loaded 3 times (x 70B)
Class dagger.internal.codegen.compileroption.ProcessingEnvironmentCompilerOptions$KeyOnlyOption$2: loaded 3 times (x 86B)
Class dagger.spi.internal.shaded.auto.common.MoreTypes$TypeEquivalence                : loaded 3 times (x 82B)
Class com.squareup.javapoet.FieldSpec$Builder                                         : loaded 3 times (x 72B)
Class dagger.hilt.processor.internal.aliasof.AutoValue_AliasOfPropagatedDataMetadata  : loaded 3 times (x 75B)
Class com.squareup.javapoet.MethodSpec                                                : loaded 3 times (x 72B)
Class com.google.common.graph.MapRetrievalCache                                       : loaded 3 times (x 75B)
Class dagger.spi.internal.shaded.kotlinx.metadata.internal.protobuf.WireFormat$JavaType: loaded 3 times (x 79B)
Class dagger.hilt.processor.internal.root.$AutoValue_AggregatedRootMetadata           : loaded 3 times (x 82B)
Class com.squareup.javapoet.ParameterSpec                                             : loaded 3 times (x 72B)
Class dagger.spi.internal.shaded.kotlinx.metadata.internal.metadata.ProtoBuf$TypeParameter$Variance$1: loaded 3 times (x 74B)
Class kotlin.reflect.jvm.internal.KClassImpl$Data$allMembers$2                        : loaded 3 times (x 79B)
Class dagger.internal.codegen.kotlin.KotlinMetadata$BaseMetadata$Builder              : loaded 3 times (x 70B)
Class dagger.internal.codegen.writing.ProductionBindingRepresentation_Factory         : loaded 3 times (x 72B)
Class dagger.internal.codegen.writing.SwitchingProviders                              : loaded 3 times (x 72B)
Class androidx.room.compiler.processing.javac.JavacBasicAnnotationProcessor           : loaded 3 times (x 98B)
Class [Ldagger.internal.codegen.binding.ComponentRequirement$NullPolicy;              : loaded 3 times (x 69B)
Class [Ldagger.internal.codegen.writing.ComponentCreatorImplementationFactory$RequirementStatus;: loaded 3 times (x 69B)
Class dagger.internal.codegen.writing.ComponentImplementation$ChildComponentImplementationFactory: loaded 3 times (x 70B)
Class dagger.internal.codegen.writing.InjectionOrProvisionProviderCreationExpression_Factory: loaded 3 times (x 72B)
Class dagger.internal.codegen.writing.DerivedFromFrameworkInstanceRequestRepresentation$Factory: loaded 3 times (x 70B)
Class dagger.internal.codegen.DaggerDelegateComponentProcessor_Injector$CurrentImplementationSubcomponentBuilder: loaded 3 times (x 79B)
Class dagger.spi.model.DaggerAnnotation                                               : loaded 3 times (x 75B)
Class dagger.spi.model.RequestKind                                                    : loaded 3 times (x 79B)
Class dagger.internal.codegen.writing.FrameworkFieldInitializer$FrameworkInstanceCreationExpression: loaded 3 times (x 70B)
Class com.google.common.collect.AbstractMultiset$ElementSet                           : loaded 3 times (x 138B)
Class dagger.internal.codegen.binding.AutoValue_BindingRequest                        : loaded 3 times (x 75B)
Class dagger.spi.internal.shaded.kotlinx.metadata.internal.extensions.ExtensionUtilsKt: loaded 3 times (x 71B)
Class dagger.spi.internal.shaded.kotlinx.metadata.internal.ReadersKt                  : loaded 3 times (x 71B)
Class dagger.spi.internal.shaded.kotlinx.metadata.internal.metadata.ProtoBuf$TypeParameter: loaded 3 times (x 130B)
Class dagger.hilt.processor.internal.definecomponent.DefineComponents                 : loaded 3 times (x 72B)
Class dagger.spi.internal.shaded.androidx.room.compiler.processing.javac.JavacMethodType$typeVariables$2: loaded 3 times (x 79B)
Class dagger.internal.codegen.DelegateComponentProcessor_SourceFileGeneratorsModule_ProducerFactoryGeneratorFactory: loaded 3 times (x 79B)
Class dagger.internal.codegen.validation.BindsInstanceElementValidator                : loaded 3 times (x 78B)
Class dagger.internal.codegen.validation.BindsMethodValidator                         : loaded 3 times (x 78B)
Class dagger.internal.codegen.processingstep.TypeCheckingProcessingStep_MembersInjector: loaded 3 times (x 75B)
Class dagger.internal.codegen.bindinggraphvalidation.DuplicateBindingsValidator_Factory: loaded 3 times (x 79B)
Class dagger.internal.codegen.writing.ComponentCreatorImplementationFactory$Builder   : loaded 3 times (x 82B)
Class dagger.hilt.processor.internal.definecomponent.AutoValue_DefineComponentClassesMetadata: loaded 3 times (x 76B)
Class com.google.common.graph.AbstractBaseGraph$1                                     : loaded 3 times (x 137B)
Class dagger.spi.internal.shaded.androidx.room.jarjarred.kotlinx.metadata.jvm.JvmTypeExtensionVisitor$Companion: loaded 3 times (x 71B)
Class dagger.spi.internal.shaded.androidx.room.jarjarred.kotlinx.metadata.jvm.JvmClassExtensionVisitor: loaded 3 times (x 87B)
Class dagger.spi.internal.shaded.androidx.room.jarjarred.kotlinx.metadata.internal.metadata.jvm.deserialization.JvmNameResolverKt: loaded 3 times (x 71B)
Class kotlin.reflect.jvm.internal.CachesKt$CACHE_FOR_NULLABLE_BASE_CLASSIFIERS$1      : loaded 3 times (x 78B)
Class dagger.spi.internal.shaded.androidx.room.compiler.processing.javac.JavacTypeElement$enclosingTypeElement$2: loaded 3 times (x 79B)
Class dagger.spi.internal.shaded.androidx.room.compiler.processing.javac.JavacProcessingEnv: loaded 3 times (x 116B)
Class dagger.internal.codegen.writing.DerivedFromFrameworkInstanceRequestRepresentation: loaded 3 times (x 74B)
Class dagger.spi.internal.shaded.androidx.room.jarjarred.kotlinx.metadata.internal.metadata.ProtoBuf$Type$Argument$Projection: loaded 3 times (x 82B)
Class dagger.spi.internal.shaded.kotlinx.metadata.internal.metadata.deserialization.NameResolver: loaded 3 times (x 70B)
Class dagger.internal.codegen.writing.FrameworkFieldInitializer$1                     : loaded 3 times (x 71B)
Class dagger.internal.codegen.writing.FrameworkInstanceBindingRepresentation          : loaded 3 times (x 72B)
Class dagger.internal.codegen.writing.DelegateRequestRepresentation                   : loaded 3 times (x 74B)
Class dagger.internal.codegen.writing.ProducerFromProviderCreationExpression_Factory  : loaded 3 times (x 71B)
Class dagger.internal.codegen.writing.ProducerCreationExpression$Factory              : loaded 3 times (x 70B)
Class dagger.internal.codegen.binding.$AutoValue_BindingGraph                         : loaded 3 times (x 79B)
Class com.google.common.collect.Maps$AsMapView                                        : loaded 3 times (x 127B)
Class dagger.internal.codegen.kotlin.KotlinMetadata$FunctionMetadata$Builder          : loaded 3 times (x 81B)
Class dagger.spi.internal.shaded.kotlinx.metadata.internal.metadata.ProtoBuf$Visibility: loaded 3 times (x 82B)
Class dagger.spi.internal.shaded.kotlinx.metadata.jvm.JvmConstructorExtensionVisitor  : loaded 3 times (x 78B)
Class dagger.spi.internal.shaded.kotlinx.metadata.internal.metadata.jvm.JvmProtoBuf$StringTableTypes$Record$Operation: loaded 3 times (x 82B)
Class dagger.internal.codegen.base.OptionalType$OptionalKind                          : loaded 3 times (x 79B)
Class dagger.spi.internal.shaded.androidx.room.compiler.processing.javac.JavacElement : loaded 3 times (x 179B)
Class [Ldagger.hilt.processor.internal.root.RootType;                                 : loaded 3 times (x 69B)
Class dagger.internal.codegen.base.RequestKinds                                       : loaded 3 times (x 71B)
Class dagger.spi.internal.shaded.androidx.room.compiler.processing.javac.JavacMethodType$Companion: loaded 3 times (x 71B)
Class dagger.hilt.processor.internal.aggregateddeps.AggregatedDepsGenerator           : loaded 3 times (x 72B)
Class dagger.internal.codegen.validation.SpiModelBindingGraphConverter                : loaded 3 times (x 71B)
Class dagger.internal.codegen.binding.AutoValue_ModuleDescriptor                      : loaded 3 times (x 86B)
Class dagger.internal.codegen.compileroption.ValidationType                           : loaded 3 times (x 79B)
Class dagger.hilt.processor.internal.aggregateddeps.ComponentDependencies             : loaded 3 times (x 74B)
Class com.google.common.graph.StandardValueGraph                                      : loaded 3 times (x 146B)
Class dagger.spi.internal.shaded.androidx.room.jarjarred.kotlinx.metadata.internal.metadata.deserialization.ProtoTypeTableUtilKt: loaded 3 times (x 71B)
Class dagger.spi.internal.shaded.androidx.room.jarjarred.kotlinx.metadata.internal.metadata.ProtoBuf$VersionRequirementTable: loaded 3 times (x 107B)
Class dagger.spi.internal.shaded.androidx.room.jarjarred.kotlinx.metadata.internal.metadata.ProtoBuf$Contract$1: loaded 3 times (x 144B)
Class dagger.spi.internal.shaded.androidx.room.jarjarred.kotlinx.metadata.jvm.internal.JvmReadUtils: loaded 3 times (x 71B)
Class dagger.spi.internal.shaded.androidx.room.compiler.processing.javac.VisitorData  : loaded 3 times (x 72B)
Class dagger.internal.codegen.writing.DelegateRequestRepresentation$1                 : loaded 3 times (x 71B)
Class com.squareup.kotlinpoet.UtilKt                                                  : loaded 3 times (x 71B)
Class dagger.internal.DaggerGenerated                                                 : loaded 3 times (x 70B)
Class androidx.room.RoomProcessor                                                     : loaded 3 times (x 98B)
Class dagger.hilt.processor.internal.JavacBaseProcessingStepProcessor                 : loaded 3 times (x 100B)
Class dagger.internal.codegen.binding.$AutoValue_BindingGraph_TopLevelBindingGraph    : loaded 3 times (x 100B)
Class dagger.spi.internal.shaded.androidx.room.jarjarred.kotlinx.metadata.Attributes$isNegated$2: loaded 3 times (x 137B)
Class dagger.internal.codegen.writing.InjectionMethods$1                              : loaded 3 times (x 71B)
Class dagger.internal.codegen.writing.OptionalRequestRepresentation                   : loaded 3 times (x 74B)
Class dagger.internal.codegen.writing.OptionalFactoryInstanceCreationExpression$Factory: loaded 3 times (x 70B)
Class dagger.internal.codegen.writing.OptionalRequestRepresentation_Factory_Impl      : loaded 3 times (x 75B)
Class kotlin.reflect.jvm.internal.KPackageImpl$data$1                                 : loaded 3 times (x 79B)
Class dagger.spi.internal.shaded.androidx.room.jarjarred.kotlinx.metadata.jvm.internal.JvmFunctionExtension: loaded 3 times (x 85B)
Class dagger.spi.internal.shaded.kotlinx.metadata.KmConstructorVisitor                : loaded 3 times (x 76B)
Class [Ldagger.spi.internal.shaded.androidx.room.jarjarred.kotlinx.metadata.KmVariance;: loaded 3 times (x 69B)
Class dagger.spi.internal.shaded.androidx.room.jarjarred.kotlinx.metadata.internal.metadata.jvm.deserialization.JvmMemberSignature$Field: loaded 3 times (x 75B)
Class dagger.internal.codegen.validation.SpiModelBindingGraphConverter$1              : loaded 3 times (x 71B)
Class dagger.internal.codegen.writing.FactoryGenerator_Factory                        : loaded 3 times (x 79B)
Class dagger.internal.codegen.binding.InjectionAnnotations                            : loaded 3 times (x 72B)
Class dagger.internal.codegen.binding.DependencyRequestFormatter_Factory              : loaded 3 times (x 79B)
Class dagger.spi.internal.shaded.androidx.room.jarjarred.kotlinx.metadata.jvm.JvmFunctionExtensionVisitor: loaded 3 times (x 80B)
Class dagger.spi.internal.shaded.androidx.room.jarjarred.kotlinx.metadata.internal.metadata.deserialization.TypeTable: loaded 3 times (x 72B)
Class dagger.hilt.processor.internal.Components                                       : loaded 3 times (x 71B)
Class androidx.room.RoomProcessor$1                                                   : loaded 3 times (x 78B)
Class dagger.internal.codegen.bindinggraphvalidation.CompositeBindingGraphPlugin$Factory: loaded 3 times (x 70B)
Class dagger.spi.internal.shaded.androidx.room.jarjarred.kotlinx.metadata.internal.protobuf.GeneratedMessageLite$1: loaded 3 times (x 71B)
Class dagger.spi.internal.shaded.androidx.room.compiler.processing.javac.JavacDeclaredType$equalityItems$2: loaded 3 times (x 79B)
Class com.squareup.kotlinpoet.TypeName$cachedString$2                                 : loaded 3 times (x 79B)
Class dagger.internal.codegen.binding.MethodSignatureFormatter$1                      : loaded 3 times (x 87B)
Class dagger.internal.codegen.writing.AnonymousProviderCreationExpression_Factory     : loaded 3 times (x 72B)
Class dagger.spi.internal.shaded.androidx.room.compiler.processing.XProcessingEnvConfig$Builder: loaded 3 times (x 72B)
Class dagger.hilt.processor.internal.aggregateddeps.AggregatedDepsProcessingStep      : loaded 3 times (x 87B)
Class [Ldagger.internal.codegen.writing.InjectionMethods$InstanceCastPolicy;          : loaded 3 times (x 69B)
Class dagger.internal.codegen.writing.StaticFactoryInstanceSupplier                   : loaded 3 times (x 75B)
Class dagger.internal.codegen.writing.FrameworkInstanceBindingRepresentation_Factory_Impl: loaded 3 times (x 75B)
Class dagger.internal.codegen.writing.ComponentMethodRequestRepresentation_Factory    : loaded 3 times (x 72B)
Class dagger.internal.codegen.DaggerDelegateComponentProcessor_Injector$TopLevelImplementationComponentImpl: loaded 3 times (x 75B)
Class com.squareup.kotlinpoet.ClassNames                                              : loaded 3 times (x 71B)
Class dagger.spi.internal.shaded.kotlinx.metadata.internal.metadata.ProtoBuf$Property$Builder: loaded 3 times (x 174B)
Class dagger.spi.internal.shaded.kotlinx.metadata.internal.protobuf.WireFormat$FieldType$1: loaded 3 times (x 83B)
Class dagger.spi.internal.shaded.kotlinx.metadata.internal.metadata.jvm.JvmProtoBuf$JvmMethodSignatureOrBuilder: loaded 3 times (x 70B)
Class dagger.spi.internal.shaded.kotlinx.metadata.internal.protobuf.AbstractParser    : loaded 3 times (x 144B)
Class dagger.spi.internal.shaded.kotlinx.metadata.jvm.JvmDeclarationContainerExtensionVisitor: loaded 3 times (x 81B)
Class dagger.internal.codegen.model.DependencyRequest                                 : loaded 3 times (x 75B)
Class dagger.internal.codegen.validation.ProducesMethodValidator$Validator            : loaded 3 times (x 80B)
Class dagger.internal.codegen.processingstep.MonitoringModuleGenerator_Factory        : loaded 3 times (x 79B)
Class dagger.internal.codegen.validation.InjectValidator_Factory                      : loaded 3 times (x 79B)
Class dagger.spi.model.BindingGraphPlugin                                             : loaded 3 times (x 70B)
Class [Landroidx.room.processor.Context$ProcessorOptions;                             : loaded 3 times (x 69B)
Class com.google.common.base.Utf8                                                     : loaded 3 times (x 71B)
Class dagger.internal.codegen.binding.KeyFactory$1                                    : loaded 3 times (x 71B)
Class dagger.spi.internal.shaded.androidx.room.jarjarred.kotlinx.metadata.internal.FlagDelegatesImplKt: loaded 3 times (x 71B)
Class dagger.spi.internal.shaded.androidx.room.jarjarred.kotlinx.metadata.jvm.internal.JvmConstructorExtension: loaded 3 times (x 83B)
Class dagger.spi.internal.shaded.androidx.room.jarjarred.kotlinx.metadata.internal.metadata.ProtoBuf$VersionRequirementTableOrBuilder: loaded 3 times (x 70B)
Class dagger.spi.internal.shaded.androidx.room.jarjarred.kotlinx.metadata.internal.metadata.ProtoBuf$Function$1: loaded 3 times (x 144B)
Class dagger.internal.codegen.binding.ErrorMessages$FactoryMessages                   : loaded 3 times (x 81B)
Class dagger.spi.internal.shaded.androidx.room.compiler.codegen.XClassName            : loaded 3 times (x 75B)
Class dagger.spi.internal.shaded.kotlinx.metadata.internal.protobuf.MessageLiteOrBuilder: loaded 3 times (x 70B)
Class dagger.spi.internal.shaded.androidx.room.compiler.processing.InternalXAnnotationValue$Companion: loaded 3 times (x 71B)
Class dagger.internal.codegen.validation.AutoValue_SpiModelBindingGraphConverter_BindingNodeImpl: loaded 3 times (x 105B)
Class dagger.spi.model.BindingGraph                                                   : loaded 3 times (x 94B)
Class dagger.spi.internal.shaded.kotlinx.metadata.internal.metadata.ProtoBuf$Class$Kind$1: loaded 3 times (x 74B)
Class dagger.spi.internal.shaded.kotlinx.metadata.internal.metadata.deserialization.Flags$BooleanFlagField: loaded 3 times (x 76B)
Class dagger.spi.internal.shaded.kotlinx.metadata.internal.protobuf.WireFormat$FieldType$2: loaded 3 times (x 83B)
Class dagger.internal.codegen.binding.MembersInjectionBinding$InjectionSite$Kind      : loaded 3 times (x 79B)
Class dagger.internal.codegen.binding.AutoValue_MembersInjectionBinding_InjectionSite : loaded 3 times (x 77B)
Class dagger.internal.codegen.binding.MembersInjectionBinding$InjectionSite           : loaded 3 times (x 76B)
Class com.google.common.collect.AbstractMultimap$EntrySet                             : loaded 3 times (x 138B)
Class dagger.spi.internal.shaded.androidx.room.compiler.processing.XPackageElement    : loaded 3 times (x 70B)
Class dagger.spi.internal.shaded.kotlinx.metadata.internal.protobuf.RopeByteString$RopeInputStream: loaded 3 times (x 92B)
Class dagger.internal.codegen.validation.DiagnosticReporterFactory_Factory            : loaded 3 times (x 79B)
Class dagger.spi.internal.shaded.androidx.room.jarjarred.kotlinx.metadata.internal.protobuf.ByteString$Output: loaded 3 times (x 86B)
Class dagger.spi.internal.shaded.androidx.room.jarjarred.kotlinx.metadata.internal.protobuf.AbstractMessageLite$Builder$LimitedInputStream: loaded 3 times (x 92B)
Class dagger.internal.codegen.validation.ModuleValidator                              : loaded 3 times (x 72B)
Class [Ldagger.spi.internal.shaded.androidx.room.jarjarred.kotlinx.metadata.internal.metadata.ProtoBuf$MemberKind;: loaded 3 times (x 69B)
Class dagger.spi.internal.shaded.androidx.room.jarjarred.kotlinx.metadata.jvm.JvmClassExtensionVisitor$Companion: loaded 3 times (x 71B)
Class dagger.spi.internal.shaded.androidx.room.jarjarred.kotlinx.metadata.internal.protobuf.UninitializedMessageException: loaded 3 times (x 84B)
Class com.squareup.javapoet.WildcardTypeName                                          : loaded 3 times (x 81B)
Class kotlin.reflect.jvm.internal.CachesKt$CACHE_FOR_GENERIC_CLASSIFIERS$1            : loaded 3 times (x 78B)
Class dagger.spi.internal.shaded.androidx.room.jarjarred.kotlinx.metadata.internal.metadata.jvm.deserialization.JvmMemberSignature$Method: loaded 3 times (x 75B)
Class [Ldagger.spi.internal.shaded.androidx.room.jarjarred.kotlinx.metadata.ClassKind;: loaded 3 times (x 69B)
Class dagger.spi.internal.shaded.androidx.room.compiler.processing.javac.JavacProcessingEnv$typeElementStore$1: loaded 3 times (x 79B)
Class androidx.room.compiler.processing.javac.JavacBasicAnnotationProcessor$steps$2   : loaded 3 times (x 79B)
Class dagger.hilt.processor.internal.root.RootProcessor                               : loaded 3 times (x 100B)
Class dagger.hilt.processor.internal.generatesrootinput.GeneratesRootInputProcessor   : loaded 3 times (x 100B)
Class dagger.spi.internal.shaded.androidx.room.compiler.processing.javac.JavacBasicAnnotationProcessor$xEnv$2: loaded 3 times (x 79B)
Class [Ldagger.internal.codegen.writing.InjectionMethods$CheckNotNullPolicy;          : loaded 3 times (x 69B)
Class dagger.internal.codegen.writing.SwitchingProviderInstanceSupplier_Factory       : loaded 3 times (x 72B)
Class dagger.internal.codegen.writing.SimpleMethodRequestRepresentation_Factory_Impl  : loaded 3 times (x 75B)
Class dagger.spi.model.Scope                                                          : loaded 3 times (x 72B)
Class dagger.internal.codegen.model.BindingGraph$MissingBinding                       : loaded 3 times (x 82B)
Class dagger.internal.codegen.binding.AutoValue_BindingNode                           : loaded 3 times (x 108B)
Class dagger.internal.codegen.model.BindingGraph$ComponentNode                        : loaded 3 times (x 70B)
Class dagger.spi.internal.shaded.kotlinx.metadata.internal.protobuf.WireFormat$FieldType$3: loaded 3 times (x 83B)
Class [Ldagger.spi.internal.shaded.androidx.room.jarjarred.kotlinx.metadata.internal.metadata.ProtoBuf$Effect$InvocationKind;: loaded 3 times (x 69B)
Class dagger.internal.codegen.kotlin.KotlinMetadata                                   : loaded 3 times (x 78B)
Class dagger.internal.codegen.binding.ErrorMessages$Messages                          : loaded 3 times (x 72B)
Class dagger.spi.internal.shaded.kotlinx.metadata.internal.metadata.jvm.JvmProtoBuf$JvmPropertySignature$1: loaded 3 times (x 144B)
Class dagger.internal.codegen.model.AutoValue_Key                                     : loaded 3 times (x 80B)
Class dagger.internal.codegen.writing.ProducerFactoryGenerator                        : loaded 3 times (x 77B)
Class dagger.internal.codegen.compileroption.ProcessingEnvironmentCompilerOptions$KeyOnlyOption: loaded 3 times (x 86B)
Class dagger.hilt.processor.internal.definecomponent.DefineComponentBuilderMetadatas$DefineComponentBuilderMetadata: loaded 3 times (x 74B)
Class dagger.spi.internal.shaded.androidx.room.compiler.processing.javac.JavacBasicAnnotationProcessor$steps$2: loaded 3 times (x 79B)
Class dagger.spi.internal.shaded.androidx.room.compiler.processing.KnownTypeNames     : loaded 3 times (x 71B)
Class dagger.spi.internal.shaded.androidx.room.jarjarred.kotlinx.metadata.internal.protobuf.SmallSortedMap$Entry: loaded 3 times (x 88B)
Class dagger.spi.internal.shaded.androidx.room.jarjarred.kotlinx.metadata.internal.metadata.jvm.JvmProtoBuf$StringTableTypes$Record: loaded 3 times (x 119B)
Class com.google.common.graph.PredecessorsFunction                                    : loaded 3 times (x 70B)
Class dagger.spi.internal.shaded.androidx.room.compiler.processing.javac.ElementExtKt : loaded 3 times (x 71B)
Class dagger.spi.internal.shaded.androidx.room.compiler.processing.javac.AnnotationMirrorExtKt: loaded 3 times (x 71B)
Class dagger.spi.internal.shaded.androidx.room.compiler.processing.XFiler             : loaded 3 times (x 70B)
Class dagger.spi.internal.shaded.androidx.room.compiler.processing.javac.JavacProcessingEnv$typeElementStore$2: loaded 3 times (x 78B)
Class dagger.hilt.processor.internal.definecomponent.DefineComponentProcessingStep    : loaded 3 times (x 87B)
Class dagger.spi.internal.shaded.androidx.room.compiler.processing.javac.JavacTypeElement$qualifiedName$2: loaded 3 times (x 79B)
Class dagger.spi.internal.shaded.androidx.room.compiler.codegen.XTypeName$Companion   : loaded 3 times (x 71B)
Class dagger.spi.internal.shaded.androidx.room.compiler.processing.javac.JavacMethodElement: loaded 3 times (x 269B)
Class dagger.spi.internal.shaded.androidx.room.jarjarred.kotlinx.metadata.internal.metadata.deserialization.VersionRequirementTable: loaded 3 times (x 72B)
Class androidx.room.util.SimpleJavaVersion$compareTo$$inlined$thenBy$2                : loaded 3 times (x 90B)
Class dagger.internal.codegen.writing.MembersInjectionBindingRepresentation           : loaded 3 times (x 75B)
Class dagger.hilt.processor.internal.DaggerModelsKt$WhenMappings                      : loaded 3 times (x 71B)
Class dagger.internal.codegen.validation.SpiModelBindingGraphConverter$SubcomponentCreatorBindingEdgeImpl: loaded 3 times (x 76B)
Class dagger.internal.codegen.extension.DaggerGraphs                                  : loaded 3 times (x 71B)
Class com.google.common.graph.NetworkConnections                                      : loaded 3 times (x 70B)
Class dagger.internal.codegen.binding.BindingGraphConverter$Converter                 : loaded 3 times (x 72B)
Class dagger.spi.internal.shaded.androidx.room.jarjarred.kotlinx.metadata.jvm.internal.JvmTypeParameterExtension: loaded 3 times (x 84B)
Class dagger.spi.internal.shaded.kotlinx.metadata.jvm.JvmMemberSignature              : loaded 3 times (x 74B)
Class dagger.spi.internal.shaded.kotlinx.metadata.internal.protobuf.WireFormat$FieldType$4: loaded 3 times (x 83B)
Class dagger.spi.internal.shaded.kotlinx.metadata.internal.metadata.jvm.JvmProtoBuf$JvmMethodSignature$1: loaded 3 times (x 144B)
Class dagger.spi.internal.shaded.androidx.room.compiler.processing.javac.JavacFieldElement$kotlinMetadata$2: loaded 3 times (x 79B)
Class [Ldagger.spi.internal.shaded.androidx.room.compiler.processing.XType;           : loaded 3 times (x 69B)
Class [Ldagger.spi.internal.shaded.androidx.room.compiler.processing.XAnnotated;      : loaded 3 times (x 69B)
Class dagger.internal.codegen.base.AutoValue_SetType                                  : loaded 3 times (x 77B)
Class com.google.common.collect.Multiset$Entry                                        : loaded 3 times (x 70B)
Class dagger.internal.codegen.bindinggraphvalidation.NullableBindingValidator         : loaded 3 times (x 85B)
Class com.google.common.graph.Traverser$1                                             : loaded 3 times (x 74B)
Class dagger.internal.codegen.compileroption.CompilerOptions                          : loaded 3 times (x 94B)
Class dagger.spi.internal.shaded.androidx.room.compiler.processing.javac.JavacVariableElement$type$2: loaded 3 times (x 79B)
Class dagger.internal.codegen.processingstep.ModuleProcessingStep_Factory             : loaded 3 times (x 79B)
Class dagger.spi.internal.shaded.androidx.room.compiler.processing.javac.kotlin.KmBaseTypeContainer: loaded 3 times (x 70B)
Class dagger.spi.internal.shaded.androidx.room.jarjarred.kotlinx.metadata.Attributes$visibility$22: loaded 3 times (x 137B)
Class dagger.spi.internal.shaded.auto.common.AnnotationMirrors$1                      : loaded 3 times (x 84B)
Class dagger.spi.internal.shaded.androidx.room.compiler.processing.javac.kotlin.KmValueParameterContainer: loaded 3 times (x 72B)
Class dagger.spi.internal.shaded.androidx.room.jarjarred.kotlinx.metadata.jvm.JvmFieldSignature: loaded 3 times (x 74B)
Class dagger.spi.internal.shaded.kotlinx.metadata.internal.metadata.ProtoBuf$FunctionOrBuilder: loaded 3 times (x 70B)
Class dagger.spi.internal.shaded.androidx.room.compiler.processing.javac.JavacProcessingEnv$typeElementStore$3: loaded 3 times (x 79B)
Class dagger.internal.codegen.binding.ContributionBinding$1                           : loaded 3 times (x 71B)
Class dagger.internal.codegen.binding.BindingGraphConverter_Factory                   : loaded 3 times (x 79B)
Class dagger.internal.codegen.validation.BindsInstanceMethodValidator$Validator       : loaded 3 times (x 77B)
Class dagger.internal.codegen.writing.ComponentCreatorImplementationFactory           : loaded 3 times (x 72B)
Class dagger.internal.codegen.writing.BindingRepresentations_Factory$InstanceHolder   : loaded 3 times (x 71B)
Class dagger.spi.internal.shaded.androidx.room.compiler.processing.javac.JavacRawType$xTypeName$2: loaded 3 times (x 79B)
Class dagger.internal.codegen.binding.BindingGraph$1                                  : loaded 3 times (x 71B)
Class com.google.common.collect.Multisets$ElementSet                                  : loaded 3 times (x 136B)
Class dagger.spi.internal.shaded.kotlinx.metadata.jvm.JvmClassExtensionVisitor$Companion: loaded 3 times (x 71B)
Class dagger.internal.codegen.writing.InjectionMethods$CheckNotNullPolicy             : loaded 3 times (x 79B)
Class dagger.internal.codegen.model.$AutoValue_Key                                    : loaded 3 times (x 80B)
Class dagger.internal.codegen.processingstep.ComponentHjarProcessingStep_Factory      : loaded 3 times (x 79B)
Class dagger.internal.codegen.DaggerDelegateComponentProcessor_Injector$TopLevelImplementationComponentFactory: loaded 3 times (x 75B)
Class dagger.internal.codegen.base.ElementFormatter                                   : loaded 3 times (x 85B)
Class [Ldagger.internal.codegen.compileroption.ProcessingEnvironmentCompilerOptions$KeyOnlyOption;: loaded 3 times (x 69B)
Class com.google.common.graph.Traverser$2                                             : loaded 3 times (x 74B)
Class dagger.spi.internal.shaded.androidx.room.jarjarred.kotlinx.metadata.KmFunctionVisitor: loaded 3 times (x 81B)
Class com.google.common.collect.Sets$2$1                                              : loaded 3 times (x 82B)
Class dagger.hilt.processor.internal.kotlin.DaggerKotlinMetadataUtils_MetadataComponent$MetadataComponentImpl: loaded 3 times (x 75B)
Class dagger.spi.internal.shaded.androidx.room.jarjarred.kotlinx.metadata.KmConstructor: loaded 3 times (x 77B)
Class kotlin.reflect.jvm.internal.KCallableImpl$_returnType$1                         : loaded 3 times (x 79B)
Class dagger.spi.model.BindingGraph$ComponentNode                                     : loaded 3 times (x 70B)
Class dagger.internal.codegen.writing.ProducerFactoryGenerator$MultiArgFutureTransform: loaded 3 times (x 78B)
Class dagger.internal.codegen.writing.FrameworkFieldInitializer                       : loaded 3 times (x 75B)
Class dagger.internal.codegen.writing.ComponentRequirementRequestRepresentation       : loaded 3 times (x 74B)
Class dagger.internal.codegen.writing.ComponentCreatorImplementationFactory$BuilderForCreatorDescriptor: loaded 3 times (x 82B)
Class dagger.spi.internal.shaded.androidx.room.jarjarred.kotlinx.metadata.KmTypeParameter: loaded 3 times (x 76B)
Class dagger.spi.internal.shaded.kotlinx.metadata.internal.protobuf.SmallSortedMap$Entry: loaded 3 times (x 88B)
Class dagger.spi.internal.shaded.kotlinx.metadata.internal.protobuf.BoundedByteString : loaded 3 times (x 112B)
Class dagger.spi.internal.shaded.kotlinx.metadata.internal.protobuf.SmallSortedMap$EmptySet$1: loaded 3 times (x 78B)
Class dagger.spi.internal.shaded.androidx.room.compiler.processing.XTypeElement       : loaded 3 times (x 70B)
Class com.google.common.collect.Maps$2                                                : loaded 3 times (x 82B)
Class dagger.internal.codegen.binding.$AutoValue_ProvisionBinding                     : loaded 3 times (x 95B)
Class dagger.internal.codegen.model.BindingKind                                       : loaded 3 times (x 79B)
Class dagger.internal.codegen.base.$AutoValue_ComponentAnnotation                     : loaded 3 times (x 76B)
Class dagger.internal.codegen.compileroption.ProcessingEnvironmentCompilerOptions$Validation: loaded 3 times (x 93B)
Class dagger.internal.codegen.ProcessingEnvironmentModule                             : loaded 3 times (x 70B)
Class dagger.internal.codegen.ServiceLoaders$1                                        : loaded 3 times (x 71B)
Class com.google.common.graph.Traverser$3                                             : loaded 3 times (x 80B)
Class dagger.internal.codegen.xprocessing.XTypes                                      : loaded 3 times (x 71B)
Class [Ldagger.spi.internal.shaded.androidx.room.jarjarred.kotlinx.metadata.internal.metadata.ProtoBuf$Visibility;: loaded 3 times (x 69B)
Class dagger.spi.internal.shaded.androidx.room.jarjarred.kotlinx.metadata.KmClassifier: loaded 3 times (x 71B)
Class dagger.internal.codegen.xprocessing.XAnnotations$1                              : loaded 3 times (x 84B)
Class dagger.internal.codegen.xprocessing.XElements                                   : loaded 3 times (x 71B)
Class dagger.hilt.processor.internal.optionvalues.BooleanValue                        : loaded 3 times (x 79B)
Class dagger.internal.codegen.validation.ComponentHierarchyValidator                  : loaded 3 times (x 72B)
Class dagger.spi.internal.shaded.androidx.room.compiler.processing.XMethodType        : loaded 3 times (x 70B)
Class dagger.internal.codegen.writing.MethodRequestRepresentation                     : loaded 3 times (x 78B)
Class com.google.common.collect.Maps$3                                                : loaded 3 times (x 82B)
Class dagger.internal.codegen.model.BindingGraph$SubcomponentCreatorBindingEdge       : loaded 3 times (x 70B)
Class [Ldagger.spi.internal.shaded.kotlinx.metadata.internal.metadata.ProtoBuf$Class$Kind;: loaded 3 times (x 69B)
Class dagger.spi.internal.shaded.kotlinx.metadata.internal.metadata.ProtoBuf$PackageOrBuilder: loaded 3 times (x 70B)
Class dagger.spi.internal.shaded.kotlinx.metadata.internal.protobuf.SmallSortedMap$EmptySet$2: loaded 3 times (x 78B)
Class dagger.spi.internal.shaded.androidx.room.jarjarred.kotlinx.metadata.internal.metadata.ProtoBuf$Effect$InvocationKind: loaded 3 times (x 82B)
Class dagger.spi.internal.shaded.androidx.room.compiler.processing.javac.kotlin.JvmAbi: loaded 3 times (x 71B)
Class com.google.common.graph.Traverser$4                                             : loaded 3 times (x 80B)
Class dagger.spi.internal.shaded.androidx.room.compiler.processing.javac.JavacMethodType$NormalMethodType: loaded 3 times (x 91B)
Class dagger.internal.codegen.model.BindingGraphPlugin                                : loaded 3 times (x 70B)
Class dagger.internal.codegen.validation.MultibindsMethodValidator$Validator          : loaded 3 times (x 80B)
Class dagger.internal.codegen.processingstep.AssistedProcessingStep_Factory           : loaded 3 times (x 79B)
Class dagger.hilt.android.processor.internal.viewmodel.ViewModelValidationPlugin      : loaded 3 times (x 83B)
Class androidx.room.processor.Context                                                 : loaded 3 times (x 72B)
Class dagger.spi.internal.shaded.androidx.room.compiler.processing.javac.JavacArrayType: loaded 3 times (x 211B)
Class dagger.spi.internal.shaded.androidx.room.jarjarred.kotlinx.metadata.internal.metadata.ProtoBuf$Visibility$1: loaded 3 times (x 74B)
Class dagger.spi.internal.shaded.androidx.room.jarjarred.kotlinx.metadata.jvm.internal.JvmExtensionNodesKt: loaded 3 times (x 71B)
Class dagger.spi.internal.shaded.androidx.room.jarjarred.kotlinx.metadata.internal.ReadContext: loaded 3 times (x 72B)
Class dagger.spi.internal.shaded.androidx.room.jarjarred.kotlinx.metadata.internal.metadata.jvm.deserialization.BitEncoding: loaded 3 times (x 71B)
Class dagger.spi.internal.shaded.auto.common.MoreElements$TypeElementVisitor          : loaded 3 times (x 93B)
Class dagger.internal.codegen.model.AutoValue_DependencyRequest$Builder               : loaded 3 times (x 77B)
Class dagger.spi.internal.shaded.androidx.room.compiler.processing.javac.DefaultJavacType$equalityItems$2: loaded 3 times (x 79B)
Class com.google.common.collect.FilteredEntrySetMultimap                              : loaded 3 times (x 203B)
Class dagger.internal.codegen.binding.MethodSignature                                 : loaded 3 times (x 74B)
Class com.google.common.graph.Traverser$5                                             : loaded 3 times (x 80B)
Class dagger.internal.codegen.writing.ComponentCreatorImplementationFactory_Factory   : loaded 3 times (x 79B)
Class com.google.common.collect.HashBasedTable$Factory                                : loaded 3 times (x 79B)
Class dagger.internal.codegen.binding.BindingGraph                                    : loaded 3 times (x 79B)
Class com.google.common.graph.DirectedMultiNetworkConnections$1                       : loaded 3 times (x 137B)
Class dagger.spi.internal.shaded.kotlinx.metadata.jvm.JvmFieldSignature               : loaded 3 times (x 75B)
Class dagger.spi.internal.shaded.kotlinx.metadata.KmValueParameter                    : loaded 3 times (x 77B)
Class dagger.spi.internal.shaded.kotlinx.metadata.internal.metadata.ProtoBuf$Annotation: loaded 3 times (x 109B)
Class dagger.spi.internal.shaded.kotlinx.metadata.internal.protobuf.LiteralByteString : loaded 3 times (x 112B)
Class dagger.spi.internal.shaded.kotlinx.metadata.internal.protobuf.InvalidProtocolBufferException: loaded 3 times (x 84B)
Class dagger.internal.codegen.binding.ErrorMessages$BuilderMessages                   : loaded 3 times (x 81B)
Class dagger.spi.internal.shaded.androidx.room.compiler.processing.javac.JavacTypeElement: loaded 3 times (x 300B)
Class [Ldagger.internal.codegen.base.ComponentKind;                                   : loaded 3 times (x 69B)
Class dagger.internal.codegen.base.ModuleKind$1                                       : loaded 3 times (x 71B)
Class [Ldagger.internal.codegen.xprocessing.XTypeElements$Visibility;                 : loaded 3 times (x 69B)
Class dagger.internal.codegen.componentgenerator.ComponentGeneratorModule_ComponentHjarGeneratorFactory: loaded 3 times (x 79B)
Class dagger.internal.codegen.validation.ComponentDescriptorValidator_Factory         : loaded 3 times (x 79B)
Class dagger.internal.codegen.bindinggraphvalidation.ProvisionDependencyOnProducerBindingValidator: loaded 3 times (x 85B)
Class dagger.internal.codegen.processingstep.TypeCheckingProcessingStep               : loaded 3 times (x 86B)
Class dagger.internal.codegen.binding.SourceFiles_Factory                             : loaded 3 times (x 78B)
Class dagger.spi.internal.shaded.androidx.room.jarjarred.kotlinx.metadata.internal.protobuf.CodedInputStream: loaded 3 times (x 72B)
Class dagger.spi.internal.shaded.auto.common.MoreTypes                                : loaded 3 times (x 71B)
Class dagger.internal.codegen.writing.SimpleMethodRequestRepresentation               : loaded 3 times (x 74B)
Class com.squareup.kotlinpoet.TagMap                                                  : loaded 3 times (x 79B)
Class kotlin.reflect.jvm.internal.KClassImpl$data$1                                   : loaded 3 times (x 79B)
Class com.squareup.kotlinpoet.ClassName$special$$inlined$compareBy$1                  : loaded 3 times (x 89B)
Class dagger.internal.codegen.writing.OptionalFactoryInstanceCreationExpression_Factory: loaded 3 times (x 72B)
Class dagger.spi.internal.shaded.kotlinx.metadata.jvm.KotlinClassMetadata$Class       : loaded 3 times (x 72B)
Class dagger.spi.internal.shaded.kotlinx.metadata.internal.protobuf.GeneratedMessageLite$ExtendableMessageOrBuilder: loaded 3 times (x 70B)
Class dagger.spi.internal.shaded.kotlinx.metadata.jvm.JvmTypeExtensionVisitor         : loaded 3 times (x 80B)
Class dagger.spi.internal.shaded.kotlinx.metadata.KmFunctionExtensionVisitor          : loaded 3 times (x 70B)
Class kotlin.reflect.jvm.internal.KPropertyImpl$_javaField$1                          : loaded 3 times (x 79B)
Class dagger.internal.codegen.writing.GeneratedImplementation                         : loaded 3 times (x 70B)
Class com.google.common.graph.ImmutableNetwork                                        : loaded 3 times (x 140B)
Class dagger.spi.internal.shaded.kotlinx.metadata.internal.metadata.deserialization.TypeTable: loaded 3 times (x 72B)
Class dagger.spi.internal.shaded.kotlinx.metadata.internal.metadata.jvm.JvmProtoBuf$StringTableTypes$Record$1: loaded 3 times (x 144B)
Class [Ldagger.spi.internal.shaded.kotlinx.metadata.internal.metadata.ProtoBuf$TypeParameter$Variance;: loaded 3 times (x 69B)
Class dagger.internal.codegen.validation.BindingElementValidator$1                    : loaded 3 times (x 71B)
Class dagger.internal.codegen.binding.ProductionBinding                               : loaded 3 times (x 95B)
Class dagger.internal.codegen.validation.ExternalBindingGraphPlugins                  : loaded 3 times (x 72B)
Class dagger.internal.codegen.binding.MultibindingDeclaration_Factory_Factory         : loaded 3 times (x 79B)
Class dagger.hilt.android.processor.internal.androidentrypoint.AndroidEntryPointProcessingStep$1: loaded 3 times (x 71B)
Class dagger.spi.internal.shaded.androidx.room.jarjarred.kotlinx.metadata.jvm.KotlinClassMetadata$Class: loaded 3 times (x 77B)
Class dagger.hilt.processor.internal.kotlin.KotlinMetadataUtil                        : loaded 3 times (x 72B)
Class dagger.spi.internal.shaded.androidx.room.jarjarred.kotlinx.metadata.internal.metadata.ProtoBuf$AnnotationOrBuilder: loaded 3 times (x 70B)
Class dagger.spi.internal.shaded.androidx.room.jarjarred.kotlinx.metadata.internal.metadata.ProtoBuf$Property: loaded 3 times (x 148B)
Class dagger.spi.internal.shaded.androidx.room.jarjarred.kotlinx.metadata.internal.protobuf.SmallSortedMap: loaded 3 times (x 130B)
Class dagger.spi.internal.shaded.androidx.room.jarjarred.kotlinx.metadata.internal.metadata.ProtoBuf$ContractOrBuilder: loaded 3 times (x 70B)
Class dagger.spi.internal.shaded.androidx.room.jarjarred.kotlinx.metadata.internal.metadata.jvm.deserialization.JvmNameResolverBase$Companion: loaded 3 times (x 71B)
Class dagger.spi.internal.shaded.androidx.room.jarjarred.kotlinx.metadata.internal.protobuf.CodedOutputStream$ByteBufferOutputStream: loaded 3 times (x 86B)
Class [Ldagger.internal.codegen.binding.FrameworkType;                                : loaded 3 times (x 69B)
Class dagger.spi.internal.shaded.androidx.room.jarjarred.kotlinx.metadata.internal.protobuf.GeneratedMessageLite$ExtendableMessageOrBuilder: loaded 3 times (x 70B)
Class dagger.internal.codegen.writing.ComponentInstanceRequestRepresentation          : loaded 3 times (x 74B)
Class dagger.spi.internal.shaded.androidx.room.jarjarred.kotlinx.metadata.internal.metadata.ProtoBuf$TypeParameter$Variance: loaded 3 times (x 82B)
Class dagger.internal.codegen.binding.AutoValue_BindingGraph_TopLevelBindingGraph     : loaded 3 times (x 100B)
Class dagger.spi.internal.shaded.kotlinx.metadata.internal.protobuf.LazyField         : loaded 3 times (x 83B)
Class dagger.spi.internal.shaded.androidx.room.compiler.processing.ksp.KSTypeJavaPoetExtKt: loaded 3 times (x 71B)
Class com.google.common.collect.Maps$Values                                           : loaded 3 times (x 118B)
Class dagger.spi.internal.shaded.androidx.room.jarjarred.kotlinx.metadata.internal.metadata.deserialization.ProtoBufUtilKt: loaded 3 times (x 71B)
Class dagger.internal.codegen.validation.ProducesMethodValidator_Factory              : loaded 3 times (x 79B)
Class androidx.room.DatabaseProcessingStep$Companion                                  : loaded 3 times (x 71B)
Class dagger.hilt.processor.internal.kotlin.KotlinMetadataFactory_Factory             : loaded 3 times (x 78B)
Class dagger.spi.internal.shaded.androidx.room.jarjarred.kotlinx.metadata.internal.metadata.ProtoBuf$MemberKind: loaded 3 times (x 82B)
Class dagger.spi.internal.shaded.androidx.room.compiler.processing.javac.kotlin.KmClassContainer$superType$2: loaded 3 times (x 79B)
Class kotlin.reflect.jvm.internal.KClassImpl$Data$constructors$2                      : loaded 3 times (x 79B)
Class dagger.spi.model.BindingGraph$MissingBinding                                    : loaded 3 times (x 82B)
Class dagger.spi.internal.shaded.androidx.room.compiler.processing.javac.JavacConstructorElement$parameters$2: loaded 3 times (x 79B)
Class dagger.internal.codegen.binding.KeyFactory                                      : loaded 3 times (x 72B)
Class dagger.internal.codegen.writing.ProvisionBindingRepresentation$Factory          : loaded 3 times (x 70B)
Class dagger.internal.codegen.writing.MapRequestRepresentation_Factory                : loaded 3 times (x 72B)
Class dagger.spi.internal.shaded.kotlinx.metadata.internal.metadata.jvm.deserialization.JvmNameResolverBase$Companion: loaded 3 times (x 71B)
Class dagger.spi.internal.shaded.kotlinx.metadata.internal.metadata.jvm.deserialization.UtfEncodingKt: loaded 3 times (x 71B)
Class dagger.spi.internal.shaded.kotlinx.metadata.internal.metadata.ProtoBuf$VersionRequirementTable$1: loaded 3 times (x 144B)
Class dagger.spi.internal.shaded.kotlinx.metadata.internal.protobuf.FieldSet$FieldDescriptorLite: loaded 3 times (x 70B)
Class dagger.spi.internal.shaded.androidx.room.jarjarred.kotlinx.metadata.internal.metadata.jvm.JvmProtoBuf$JvmPropertySignature$Builder: loaded 3 times (x 141B)
Class dagger.internal.codegen.binding.ComponentRequirement$Kind                       : loaded 3 times (x 79B)
Class dagger.spi.internal.shaded.androidx.room.jarjarred.kotlinx.metadata.internal.metadata.jvm.JvmProtoBuf$StringTableTypes: loaded 3 times (x 110B)
Class dagger.internal.codegen.binding.MultibindingDeclaration                         : loaded 3 times (x 78B)
Class dagger.internal.codegen.writing.UnwrappedMapKeyGenerator_Factory                : loaded 3 times (x 79B)
Class dagger.internal.codegen.writing.ModuleProxies$ModuleConstructorProxyGenerator   : loaded 3 times (x 77B)
Class dagger.internal.codegen.compileroption.ProcessingEnvironmentCompilerOptions$CommandLineOption: loaded 3 times (x 70B)
Class dagger.internal.codegen.validation.ComponentValidator_Factory                   : loaded 3 times (x 79B)
Class dagger.internal.codegen.binding.ErrorMessages$1                                 : loaded 3 times (x 71B)
Class dagger.spi.internal.shaded.androidx.room.jarjarred.kotlinx.metadata.internal.metadata.jvm.JvmProtoBuf$StringTableTypes$Record$Operation: loaded 3 times (x 82B)
Class dagger.hilt.processor.internal.kotlin.DaggerKotlinMetadataUtils_MetadataComponent: loaded 3 times (x 71B)
Class dagger.spi.internal.shaded.androidx.room.jarjarred.kotlinx.metadata.internal.metadata.deserialization.Flags$BooleanFlagField: loaded 3 times (x 76B)
Class [Ldagger.spi.internal.shaded.androidx.room.jarjarred.kotlinx.metadata.internal.protobuf.Internal$EnumLite;: loaded 3 times (x 69B)
Class dagger.spi.internal.shaded.androidx.room.jarjarred.kotlinx.metadata.internal.metadata.ProtoBuf$Type$1: loaded 3 times (x 144B)
Class dagger.spi.internal.shaded.androidx.room.jarjarred.kotlinx.metadata.internal.metadata.ProtoBuf$Constructor$1: loaded 3 times (x 144B)
Class dagger.internal.codegen.binding.AutoValue_ResolvedBindings                      : loaded 3 times (x 89B)
Class [Ldagger.spi.internal.shaded.androidx.room.jarjarred.kotlinx.metadata.Modality; : loaded 3 times (x 69B)
Class kotlin.collections.MapWithDefaultImpl                                           : loaded 3 times (x 126B)
Class dagger.spi.internal.shaded.androidx.room.compiler.processing.javac.kotlin.KmPropertyFunctionContainerImpl: loaded 3 times (x 109B)
Class dagger.spi.internal.shaded.androidx.room.jarjarred.kotlinx.metadata.Attributes$visibility$6: loaded 3 times (x 137B)
Class dagger.spi.internal.shaded.androidx.room.jarjarred.kotlinx.metadata.jvm.JvmExtensionsKt: loaded 3 times (x 71B)
Class Build_gradle$1                                                                  : loaded 3 times (x 75B)
Class dagger.spi.model.DaggerExecutableElement                                        : loaded 3 times (x 74B)
Class dagger.internal.codegen.writing.ComponentWrapperImplementation_Factory          : loaded 3 times (x 79B)
Class dagger.internal.codegen.writing.ImmediateFutureRequestRepresentation_Factory    : loaded 3 times (x 72B)
Class dagger.internal.codegen.base.MapKeyAccessibility                                : loaded 3 times (x 71B)
Class dagger.spi.internal.shaded.kotlinx.metadata.KmTypeVisitor                       : loaded 3 times (x 82B)
Class dagger.spi.internal.shaded.kotlinx.metadata.internal.protobuf.WireFormat        : loaded 3 times (x 71B)
Class dagger.spi.internal.shaded.kotlinx.metadata.internal.extensions.KmClassExtension: loaded 3 times (x 70B)
Class com.google.common.collect.CompactHashing                                        : loaded 3 times (x 71B)
Class dagger.spi.internal.shaded.androidx.room.jarjarred.kotlinx.metadata.KmTypeProjection: loaded 3 times (x 72B)
Class dagger.spi.internal.shaded.kotlinx.metadata.internal.extensions.MetadataExtensions$Companion: loaded 3 times (x 71B)
Class dagger.hilt.android.processor.internal.viewmodel.ViewModelValidationPluginKt    : loaded 3 times (x 71B)
Class dagger.internal.codegen.validation.ProvidesMethodValidator                      : loaded 3 times (x 78B)
Class dagger.internal.codegen.DelegateComponentProcessor_SourceFileGeneratorsModule_FactoryGeneratorFactory: loaded 3 times (x 79B)
Class dagger.hilt.processor.internal.root.ComponentGenerator                          : loaded 3 times (x 72B)
Class dagger.spi.internal.shaded.androidx.room.compiler.processing.javac.JavacConstructorElement$kotlinMetadata$2: loaded 3 times (x 79B)
Class dagger.hilt.processor.internal.aggregateddeps.ComponentDependencies$1           : loaded 3 times (x 71B)
Class androidx.room.compiler.processing.XProcessingEnv$Backend                        : loaded 3 times (x 79B)
Class dagger.spi.internal.shaded.androidx.room.jarjarred.kotlinx.metadata.internal.metadata.ProtoBuf$Function: loaded 3 times (x 149B)
Class androidx.room.compiler.processing.javac.XTypeElementStore                       : loaded 3 times (x 72B)
Class androidx.room.util.SimpleJavaVersion$compareTo$$inlined$thenBy$1                : loaded 3 times (x 90B)
Class dagger.internal.codegen.binding.ErrorMessages$ComponentCreatorMessages          : loaded 3 times (x 81B)
Class kotlin.reflect.jvm.internal.CachesKt$K_PACKAGE_CACHE$1                          : loaded 3 times (x 78B)
Class com.google.devtools.ksp.symbol.KSNode                                           : loaded 3 times (x 70B)
Class dagger.spi.internal.shaded.androidx.room.compiler.processing.javac.JavacTypeElement$enclosingElement$2: loaded 3 times (x 79B)
Class dagger.internal.codegen.writing.SubcomponentCreatorRequestRepresentation_Factory_Impl: loaded 3 times (x 75B)
Class dagger.spi.internal.shaded.kotlinx.metadata.internal.metadata.jvm.JvmProtoBuf$JvmFieldSignature: loaded 3 times (x 108B)
Class dagger.internal.codegen.writing.ProducerNodeInstanceRequestRepresentation       : loaded 3 times (x 76B)
Class [Ldagger.internal.codegen.writing.FrameworkFieldInitializer$InitializationState;: loaded 3 times (x 69B)
Class dagger.internal.codegen.writing.InjectionOrProvisionProviderCreationExpression_Factory_Impl: loaded 3 times (x 75B)
Class dagger.internal.codegen.writing.ProducerNodeInstanceRequestRepresentation$Factory: loaded 3 times (x 70B)
Class dagger.internal.codegen.writing.SetRequestRepresentation_Factory                : loaded 3 times (x 72B)
Class dagger.internal.codegen.writing.AssistedFactoryRequestRepresentation_Factory    : loaded 3 times (x 72B)
Class dagger.internal.codegen.DaggerDelegateComponentProcessor_Injector$CurrentImplementationSubcomponentImpl: loaded 3 times (x 75B)
Class dagger.internal.codegen.kotlin.AutoValue_KotlinMetadata_FunctionMetadata$Builder: loaded 3 times (x 82B)
Class dagger.spi.internal.shaded.kotlinx.metadata.internal.metadata.jvm.deserialization.JvmMemberSignature: loaded 3 times (x 74B)
Class [Ldagger.spi.internal.shaded.androidx.room.jarjarred.kotlinx.metadata.internal.metadata.ProtoBuf$VersionRequirement$VersionKind;: loaded 3 times (x 69B)
Class dagger.internal.codegen.binding.BindingFactory$1                                : loaded 3 times (x 71B)
Class dagger.internal.codegen.binding.ComponentDescriptor$ComponentMethodDescriptor$Builder: loaded 3 times (x 70B)
Class dagger.spi.internal.shaded.kotlinx.metadata.internal.metadata.ProtoBuf$VersionRequirementTable: loaded 3 times (x 107B)
Class dagger.spi.internal.shaded.kotlinx.metadata.internal.ReadContext                : loaded 3 times (x 72B)
Class dagger.spi.internal.shaded.kotlinx.metadata.internal.extensions.KmConstructorExtension: loaded 3 times (x 70B)
Class dagger.internal.codegen.base.SourceFileGenerator                                : loaded 3 times (x 77B)
Class dagger.internal.codegen.binding.SourceFiles                                     : loaded 3 times (x 71B)
Class dagger.internal.codegen.DaggerDelegateComponentProcessor_Injector               : loaded 3 times (x 71B)
Class dagger.spi.internal.shaded.androidx.room.jarjarred.kotlinx.metadata.internal.extensions.KmFunctionExtension: loaded 3 times (x 70B)
Class dagger.spi.internal.shaded.androidx.room.jarjarred.kotlinx.metadata.jvm.JvmTypeParameterExtensionVisitor$Companion: loaded 3 times (x 71B)
Class dagger.spi.internal.shaded.auto.common.MoreTypes$ArrayTypeVisitor               : loaded 3 times (x 102B)
Class dagger.spi.internal.shaded.androidx.room.compiler.processing.javac.kotlin.KmClassContainer$superTypes$2: loaded 3 times (x 79B)
Class dagger.spi.internal.shaded.kotlinx.metadata.InconsistentKotlinMetadataException : loaded 3 times (x 82B)
Class dagger.internal.codegen.writing.MembersInjectionBindingRepresentation$Factory   : loaded 3 times (x 70B)
Class [Ldagger.spi.internal.shaded.kotlinx.metadata.internal.protobuf.WireFormat$FieldType;: loaded 3 times (x 69B)
Class dagger.spi.internal.shaded.kotlinx.metadata.internal.metadata.ProtoBuf$TypeParameterOrBuilder: loaded 3 times (x 70B)
Class Build_gradle                                                                    : loaded 3 times (x 130B)
Class dagger.spi.internal.shaded.androidx.room.compiler.processing.XProcessingEnv$Backend: loaded 3 times (x 79B)
Class dagger.spi.internal.shaded.kotlinx.metadata.internal.metadata.jvm.JvmProtoBuf$StringTableTypes$1: loaded 3 times (x 144B)
Class dagger.hilt.processor.internal.ClassNames                                       : loaded 3 times (x 71B)
Class kotlin.reflect.jvm.internal.CachesKt$CACHE_FOR_BASE_CLASSIFIERS$1               : loaded 3 times (x 78B)
Class dagger.internal.codegen.writing.ComponentProvisionRequestRepresentation$Factory : loaded 3 times (x 70B)
Class dagger.internal.codegen.writing.AssistedFactoryRequestRepresentation            : loaded 3 times (x 74B)
Class dagger.internal.codegen.writing.ComponentCreatorImplementationFactory$1         : loaded 3 times (x 71B)
Class dagger.internal.codegen.writing.ComponentImplementation_Factory                 : loaded 3 times (x 79B)
Class dagger.internal.codegen.DaggerDelegateComponentProcessor_Injector$TopLevelImplementationComponentImpl$1: loaded 3 times (x 79B)
Class dagger.internal.codegen.bindinggraphvalidation.DependencyCycleValidator$1       : loaded 3 times (x 71B)
Class dagger.internal.codegen.binding.SubcomponentCreatorBindingEdgeImpl              : loaded 3 times (x 75B)
Class dagger.spi.internal.shaded.kotlinx.metadata.internal.metadata.ProtoBuf$VersionRequirementTableOrBuilder: loaded 3 times (x 70B)
Class dagger.internal.codegen.writing.ComponentMethodRequestRepresentation            : loaded 3 times (x 78B)
Class dagger.internal.codegen.base.ComponentCreatorKind                               : loaded 3 times (x 79B)
Class dagger.internal.codegen.javapoet.TypeNames                                      : loaded 3 times (x 71B)
Class dagger.internal.codegen.validation.ModuleValidator_Factory                      : loaded 3 times (x 79B)
Class dagger.internal.codegen.validation.BindsOptionalOfMethodValidator_Factory       : loaded 3 times (x 79B)
Class dagger.spi.model.AutoValue_Scope                                                : loaded 3 times (x 73B)
Class [Lcom.squareup.javapoet.LineWrapper$FlushType;                                  : loaded 3 times (x 69B)
Class dagger.spi.internal.shaded.androidx.room.jarjarred.kotlinx.metadata.internal.metadata.deserialization.Flags$EnumLiteFlagField: loaded 3 times (x 76B)
Class dagger.spi.internal.shaded.androidx.room.jarjarred.kotlinx.metadata.internal.metadata.ProtoBuf$Package: loaded 3 times (x 129B)
Class dagger.spi.internal.shaded.androidx.room.compiler.processing.javac.JavacExecutableElement: loaded 3 times (x 223B)
Class dagger.internal.codegen.kotlin.KotlinMetadataFactory                            : loaded 3 times (x 75B)
Class dagger.spi.internal.shaded.androidx.room.compiler.processing.InternalXAnnotation: loaded 3 times (x 139B)
Class dagger.internal.codegen.writing.PrivateMethodRequestRepresentation$Factory      : loaded 3 times (x 70B)
Class kotlin.reflect.jvm.internal.KClassImpl$Data$simpleName$2                        : loaded 3 times (x 79B)
Class dagger.hilt.processor.internal.root.AggregatedRootGenerator                     : loaded 3 times (x 72B)
Class dagger.internal.codegen.writing.InjectionMethods                                : loaded 3 times (x 71B)
Class dagger.internal.codegen.writing.LazyClassKeyProviders                           : loaded 3 times (x 72B)
Class dagger.internal.codegen.writing.ComponentImplementation$ShardImplementation     : loaded 3 times (x 80B)
Class dagger.internal.codegen.writing.ProducerCreationExpression_Factory_Impl         : loaded 3 times (x 75B)
Class dagger.internal.codegen.writing.DependencyMethodProducerCreationExpression$Factory: loaded 3 times (x 70B)
Class dagger.internal.codegen.writing.PrivateMethodRequestRepresentation_Factory      : loaded 3 times (x 72B)
Class dagger.internal.codegen.writing.MembersInjectionMethods_Factory                 : loaded 3 times (x 79B)
Class dagger.internal.codegen.writing.DelegateRequestRepresentation_Factory           : loaded 3 times (x 72B)
Class com.google.common.graph.MultiEdgesConnecting$1                                  : loaded 3 times (x 82B)
Class dagger.spi.internal.shaded.kotlinx.metadata.internal.metadata.jvm.deserialization.JvmMemberSignature$Field: loaded 3 times (x 75B)
Class dagger.spi.internal.shaded.kotlinx.metadata.KmClassExtensionVisitor             : loaded 3 times (x 70B)
Class dagger.hilt.processor.internal.aggregateddeps.AggregatedDepsMetadata            : loaded 3 times (x 78B)
Class dagger.internal.codegen.writing.MapRequestRepresentation$Factory                : loaded 3 times (x 70B)
Class com.google.common.graph.ElementOrder$Type                                       : loaded 3 times (x 79B)
Class [Ldagger.internal.codegen.validation.BindingElementValidator$AllowsScoping;     : loaded 3 times (x 69B)
Class dagger.internal.codegen.validation.BindingMethodValidator                       : loaded 3 times (x 78B)
Class dagger.internal.codegen.processingstep.MonitoringModuleProcessingStep_Factory   : loaded 3 times (x 79B)
Class dagger.internal.codegen.base.DaggerSuperficialValidation$ValidationException$UnknownErrorType: loaded 3 times (x 83B)
Class [Ldagger.internal.codegen.compileroption.ProcessingEnvironmentCompilerOptions$EnumOption;: loaded 3 times (x 69B)
Class dagger.internal.codegen.bindinggraphvalidation.InjectBindingValidator_Factory   : loaded 3 times (x 79B)
Class dagger.internal.codegen.writing.SetFactoryCreationExpression_Factory            : loaded 3 times (x 72B)
Class androidx.room.processor.Context$BooleanProcessorOptions                         : loaded 3 times (x 80B)
Class com.google.common.graph.DirectedGraphConnections$2$1                            : loaded 3 times (x 82B)
Class dagger.spi.internal.shaded.androidx.room.jarjarred.kotlinx.metadata.KmClass     : loaded 3 times (x 98B)
Class dagger.hilt.processor.internal.Processors                                       : loaded 3 times (x 71B)
Class dagger.spi.internal.shaded.androidx.room.jarjarred.kotlinx.metadata.internal.extensions.KmTypeExtension: loaded 3 times (x 70B)
Class dagger.spi.internal.shaded.androidx.room.compiler.processing.javac.JavacBasicAnnotationProcessor$commonDelegate$2: loaded 3 times (x 79B)
Class dagger.internal.codegen.writing.MemberSelect                                    : loaded 3 times (x 75B)
Class dagger.spi.internal.shaded.androidx.room.compiler.processing.XMessager          : loaded 3 times (x 73B)
Class dagger.internal.codegen.binding.$AutoValue_MembersInjectionBinding              : loaded 3 times (x 85B)
Class dagger.spi.internal.shaded.auto.common.Overrides$NativeOverrides                : loaded 3 times (x 74B)
Class dagger.spi.internal.shaded.androidx.room.jarjarred.kotlinx.metadata.internal.metadata.ProtoBuf$ConstructorOrBuilder: loaded 3 times (x 70B)
Class dagger.spi.internal.shaded.androidx.room.jarjarred.kotlinx.metadata.internal.protobuf.SmallSortedMap$1: loaded 3 times (x 130B)
Class dagger.spi.internal.shaded.androidx.room.jarjarred.kotlinx.metadata.internal.metadata.ProtoBuf$Type: loaded 3 times (x 145B)
Class dagger.spi.internal.shaded.androidx.room.jarjarred.kotlinx.metadata.KmClassExtensionVisitor: loaded 3 times (x 70B)
Class dagger.spi.internal.shaded.androidx.room.jarjarred.kotlinx.metadata.Attributes$kind$11: loaded 3 times (x 137B)
Class [Ldagger.internal.codegen.writing.ComponentImplementation$FieldSpecKind;        : loaded 3 times (x 69B)
Class dagger.internal.codegen.writing.ComponentImplementation$FieldSpecKind           : loaded 3 times (x 79B)
Class dagger.spi.internal.shaded.androidx.room.compiler.processing.javac.JavacType$typeName$2: loaded 3 times (x 79B)
Class dagger.spi.model.BindingKind                                                    : loaded 3 times (x 79B)
Class dagger.spi.internal.shaded.kotlinx.metadata.internal.metadata.jvm.JvmProtoBuf$StringTableTypes$RecordOrBuilder: loaded 3 times (x 70B)
Class [Ldagger.spi.internal.shaded.androidx.room.jarjarred.kotlinx.metadata.internal.metadata.ProtoBuf$Type$Argument$Projection;: loaded 3 times (x 69B)
Class dagger.spi.internal.shaded.androidx.room.jarjarred.kotlinx.metadata.internal.metadata.jvm.deserialization.JvmMetadataVersion$Companion: loaded 3 times (x 71B)
Class dagger.internal.codegen.base.RequestKinds$1                                     : loaded 3 times (x 71B)
Class dagger.internal.codegen.base.DaggerSuperficialValidation$1                      : loaded 3 times (x 71B)
Class [Ldagger.internal.codegen.validation.ValidationBindingGraphPlugin;              : loaded 3 times (x 69B)
Class dagger.internal.codegen.binding.ModuleDescriptor$Factory                        : loaded 3 times (x 75B)
Class dagger.internal.codegen.processingstep.BindsInstanceProcessingStep_Factory      : loaded 3 times (x 79B)
Class dagger.internal.codegen.validation.BindingMethodValidator$ExceptionSuperclass$1 : loaded 3 times (x 81B)
Class dagger.internal.codegen.writing.UnwrappedMapKeyGenerator                        : loaded 3 times (x 80B)
Class dagger.spi.internal.shaded.androidx.room.compiler.processing.XExecutableType    : loaded 3 times (x 70B)
Class dagger.internal.codegen.bindinggraphvalidation.SetMultibindingValidator_Factory$InstanceHolder: loaded 3 times (x 71B)
Class dagger.internal.codegen.bindinggraphvalidation.MissingBindingValidator_Factory  : loaded 3 times (x 79B)
Class dagger.internal.codegen.binding.ModuleDescriptor_Factory_Factory                : loaded 3 times (x 79B)
Class dagger.internal.codegen.binding.DelegateDeclaration_Factory_Factory             : loaded 3 times (x 79B)
Class dagger.spi.internal.shaded.androidx.room.jarjarred.kotlinx.metadata.internal.protobuf.WireFormat$FieldType: loaded 3 times (x 83B)
Class kotlin.reflect.jvm.internal.impl.builtins.PrimitiveType$typeFqName$2            : loaded 3 times (x 79B)
Class com.google.common.graph.DirectedGraphConnections$2$2                            : loaded 3 times (x 82B)
Class dagger.spi.internal.shaded.androidx.room.compiler.processing.javac.JavacMethodParameter: loaded 3 times (x 225B)
Class dagger.hilt.processor.internal.root.ComponentTreeDepsMetadata                   : loaded 3 times (x 80B)
Class dagger.spi.internal.shaded.androidx.room.compiler.processing.javac.kotlin.KotlinClassMetadataUtilsKt: loaded 3 times (x 71B)
Class kotlin.reflect.jvm.internal.KMutableProperty1Impl$_setter$1                     : loaded 3 times (x 79B)
Class dagger.spi.internal.shaded.androidx.room.jarjarred.kotlinx.metadata.internal.protobuf.RopeByteString: loaded 3 times (x 110B)
Class com.squareup.javapoet.TypeSpec                                                  : loaded 3 times (x 72B)
Class dagger.spi.internal.shaded.androidx.room.jarjarred.kotlinx.metadata.internal.metadata.ProtoBuf$TypeTable$1: loaded 3 times (x 144B)
Class dagger.spi.internal.shaded.androidx.room.jarjarred.kotlinx.metadata.internal.metadata.ProtoBuf$Class$1: loaded 3 times (x 144B)
Class androidx.room.compiler.processing.XProcessingEnv                                : loaded 3 times (x 70B)
Class androidx.room.compiler.processing.javac.JavacProcessingEnv$Companion            : loaded 3 times (x 71B)
Class dagger.internal.InstanceFactory                                                 : loaded 3 times (x 82B)
Class [Ldagger.internal.codegen.writing.FrameworkInstanceKind;                        : loaded 3 times (x 69B)
Class dagger.internal.codegen.writing.ProducerNodeInstanceRequestRepresentation_Factory_Impl: loaded 3 times (x 75B)
Class dagger.internal.codegen.validation.AutoValue_SpiModelBindingGraphConverter_DaggerTypeImpl: loaded 3 times (x 76B)
Class dagger.spi.internal.shaded.kotlinx.metadata.KmClassifier                        : loaded 3 times (x 71B)
Class dagger.spi.internal.shaded.androidx.room.jarjarred.kotlinx.metadata.internal.metadata.ProtoBuf$Expression$ConstantValue: loaded 3 times (x 82B)
Class dagger.spi.internal.shaded.androidx.room.jarjarred.kotlinx.metadata.internal.metadata.ProtoBuf$Type$Argument$Projection$1: loaded 3 times (x 74B)
Class dagger.internal.codegen.binding.ErrorMessages                                   : loaded 3 times (x 71B)
Class dagger.internal.codegen.model.AutoValue_Key_MultibindingContributionIdentifier  : loaded 3 times (x 74B)
Class dagger.spi.internal.shaded.kotlinx.metadata.internal.protobuf.MessageLite       : loaded 3 times (x 70B)
Class dagger.internal.codegen.validation.BindingMethodValidator$ExceptionSuperclass$2 : loaded 3 times (x 81B)
Class dagger.internal.codegen.base.ContributionType$HasContributionType               : loaded 3 times (x 70B)
Class dagger.internal.codegen.kotlin.KotlinMetadataUtil                               : loaded 3 times (x 72B)
Class dagger.internal.codegen.binding.BindingDeclarationFormatter_Factory             : loaded 3 times (x 79B)
Class dagger.hilt.android.processor.internal.bindvalue.AutoValue_BindValueMetadata    : loaded 3 times (x 74B)
Class dagger.hilt.processor.internal.ComponentDescriptor$Builder                      : loaded 3 times (x 70B)
Class kotlin.annotation.Repeatable                                                    : loaded 3 times (x 70B)
Class dagger.spi.internal.shaded.androidx.room.jarjarred.kotlinx.metadata.internal.metadata.jvm.JvmProtoBuf$JvmPropertySignature$1: loaded 3 times (x 144B)
Class dagger.hilt.processor.internal.root.AutoValue_AggregatedRootMetadata            : loaded 3 times (x 82B)
Class [Ldagger.spi.internal.shaded.androidx.room.jarjarred.kotlinx.metadata.internal.protobuf.WireFormat$JavaType;: loaded 3 times (x 69B)
Class [Ldagger.spi.internal.shaded.androidx.room.compiler.processing.InternalXAnnotationValue$Kind;: loaded 3 times (x 69B)
Class dagger.internal.codegen.xprocessing.XAnnotationValues$1                         : loaded 3 times (x 84B)
Class dagger.spi.internal.shaded.androidx.room.compiler.processing.javac.JavacMethodElement$returnType$2: loaded 3 times (x 79B)
Class dagger.spi.internal.shaded.androidx.room.compiler.processing.javac.JavacType$xTypeName$2: loaded 3 times (x 79B)
Class com.squareup.javapoet.JavaFile                                                  : loaded 3 times (x 72B)
Class com.squareup.javapoet.ClassName$1                                               : loaded 3 times (x 97B)
Class dagger.spi.internal.shaded.androidx.room.jarjarred.kotlinx.metadata.internal.metadata.ProtoBuf$Modality: loaded 3 times (x 82B)
Class dagger.spi.internal.shaded.androidx.room.compiler.processing.javac.JavacAnnotation$type$2: loaded 3 times (x 79B)
Class dagger.spi.internal.shaded.androidx.room.compiler.processing.InternalXAnnotated : loaded 3 times (x 70B)
Class dagger.hilt.processor.internal.root.ComponentTree                               : loaded 3 times (x 72B)
Class androidx.room.compiler.processing.XBasicAnnotationProcessor                     : loaded 3 times (x 70B)
Class dagger.spi.internal.shaded.androidx.room.compiler.processing.XBasicAnnotationProcessor: loaded 3 times (x 70B)
Class dagger.internal.codegen.kotlin.KotlinMetadataFactory_Factory                    : loaded 3 times (x 78B)
Class dagger.internal.codegen.validation.ComponentValidator$ElementValidator$ComponentMethodValidator: loaded 3 times (x 73B)
Class dagger.spi.internal.shaded.androidx.room.compiler.processing.XTypeParameterElement: loaded 3 times (x 70B)
Class dagger.internal.codegen.binding.SubcomponentDeclaration                         : loaded 3 times (x 76B)
Class dagger.internal.codegen.writing.ComponentCreatorImplementationFactory$BuilderForGeneratedRootComponentBuilder: loaded 3 times (x 82B)
Class dagger.internal.codegen.writing.ComponentImplementation$TypeSpecKind            : loaded 3 times (x 79B)
Class dagger.internal.codegen.validation.SpiModelBindingGraphConverter$ComponentNodeImpl: loaded 3 times (x 87B)
Class dagger.spi.internal.shaded.androidx.room.jarjarred.kotlinx.metadata.KmValueParameterVisitor: loaded 3 times (x 76B)
Class dagger.spi.internal.shaded.kotlinx.metadata.jvm.internal.JvmExtensionNodesKt    : loaded 3 times (x 71B)
Class [Ldagger.spi.internal.shaded.kotlinx.metadata.internal.protobuf.Internal$EnumLite;: loaded 3 times (x 69B)
Class dagger.spi.internal.shaded.kotlinx.metadata.internal.metadata.ProtoBuf$ValueParameter$1: loaded 3 times (x 144B)
Class dagger.spi.internal.shaded.kotlinx.metadata.internal.protobuf.ExtensionRegistryLite: loaded 3 times (x 74B)
Class com.google.common.collect.FilteredKeyMultimap$Entries                           : loaded 3 times (x 131B)
Class dagger.internal.codegen.binding.BindingDeclarationFormatter                     : loaded 3 times (x 86B)
Class dagger.internal.codegen.binding.$AutoValue_ComponentDescriptor                  : loaded 3 times (x 89B)
Class dagger.internal.codegen.binding.AutoValue_MultibindingDeclaration               : loaded 3 times (x 79B)
Class dagger.internal.codegen.validation.BindingMethodValidator$ExceptionSuperclass$3 : loaded 3 times (x 81B)
Class dagger.spi.internal.shaded.androidx.room.compiler.processing.javac.JavacArrayType$xTypeName$2: loaded 3 times (x 79B)
Class dagger.hilt.android.processor.internal.androidentrypoint.AndroidEntryPointMetadata$Type: loaded 3 times (x 72B)
Class dagger.spi.internal.shaded.androidx.room.compiler.processing.XExecutableElement : loaded 3 times (x 70B)
Class dagger.internal.codegen.validation.InjectBindingRegistryImpl_Factory            : loaded 3 times (x 79B)
Class com.squareup.kotlinpoet.TagMap$Companion                                        : loaded 3 times (x 71B)
Class dagger.spi.internal.shaded.androidx.room.compiler.processing.XHasModifiers      : loaded 3 times (x 70B)
Class dagger.internal.codegen.writing.MembersInjectorGenerator_Factory                : loaded 3 times (x 79B)
Class dagger.hilt.android.processor.internal.bindvalue.BindValueProcessingStep        : loaded 3 times (x 87B)
Class dagger.spi.internal.shaded.kotlinx.metadata.jvm.internal.JvmClassExtension      : loaded 3 times (x 93B)
Class dagger.spi.internal.shaded.kotlinx.metadata.internal.extensions.KmFunctionExtension: loaded 3 times (x 70B)
Class dagger.internal.codegen.writing.MembersInjectorProviderCreationExpression$Factory: loaded 3 times (x 70B)
Class dagger.internal.codegen.writing.DependencyMethodProviderCreationExpression_Factory: loaded 3 times (x 72B)
Class dagger.internal.codegen.writing.DependencyMethodProducerCreationExpression_Factory_Impl: loaded 3 times (x 75B)
Class dagger.internal.codegen.writing.StaticFactoryInstanceSupplier_Factory_Impl      : loaded 3 times (x 75B)
Class dagger.spi.model.Key$1                                                          : loaded 3 times (x 71B)
Class dagger.internal.codegen.validation.SpiModelBindingGraphConverter$DaggerTypeElementImpl: loaded 3 times (x 75B)
Class dagger.spi.internal.shaded.kotlinx.metadata.internal.metadata.ProtoBuf$Modality$1: loaded 3 times (x 74B)
Class dagger.spi.internal.shaded.kotlinx.metadata.jvm.KotlinClassMetadata$Companion   : loaded 3 times (x 71B)
Class [Ldagger.spi.internal.shaded.androidx.room.jarjarred.kotlinx.metadata.internal.metadata.ProtoBuf$Expression$ConstantValue;: loaded 3 times (x 69B)
Class dagger.internal.codegen.validation.BindingElementValidator$AllowsMultibindings  : loaded 3 times (x 79B)
Class com.google.common.collect.Collections2$TransformedCollection                    : loaded 3 times (x 118B)
Class dagger.internal.codegen.validation.AnyBindingMethodValidator                    : loaded 3 times (x 75B)
Class dagger.internal.codegen.processingstep.BindsInstanceProcessingStep              : loaded 3 times (x 86B)
Class dagger.internal.codegen.base.AutoValue_ModuleAnnotation                         : loaded 3 times (x 76B)
Class dagger.MembersInjector                                                          : loaded 3 times (x 70B)
Class dagger.internal.codegen.processingstep.SuperficialValidator_Factory             : loaded 3 times (x 79B)
Class dagger.internal.codegen.extension.DaggerCollectors                              : loaded 3 times (x 71B)
Class dagger.spi.model.DiagnosticReporter                                             : loaded 3 times (x 75B)
Class dagger.internal.codegen.binding.$AutoValue_ProvisionBinding$Builder             : loaded 3 times (x 103B)
Class dagger.spi.internal.shaded.androidx.room.jarjarred.kotlinx.metadata.internal.BooleanFlagDelegate: loaded 3 times (x 72B)
Class dagger.spi.internal.shaded.androidx.room.compiler.processing.javac.JavacAnnotationValue$1: loaded 3 times (x 79B)
Class dagger.internal.codegen.binding.AutoValue_SubcomponentDeclaration               : loaded 3 times (x 78B)
Class dagger.spi.internal.shaded.androidx.room.compiler.processing.XMemberContainer   : loaded 3 times (x 70B)
Class dagger.hilt.android.processor.internal.bindvalue.BindValueProcessor             : loaded 3 times (x 100B)
Class dagger.spi.internal.shaded.androidx.room.jarjarred.kotlinx.metadata.jvm.JvmPropertyExtensionVisitor: loaded 3 times (x 82B)
Class dagger.internal.codegen.validation.SpiModelBindingGraphConverter$DaggerAnnotationImpl: loaded 3 times (x 76B)
Class dagger.internal.codegen.writing.SwitchingProviderInstanceSupplier$Factory       : loaded 3 times (x 70B)
Class dagger.spi.internal.shaded.androidx.room.jarjarred.kotlinx.metadata.internal.metadata.ProtoBuf$Type$ArgumentOrBuilder: loaded 3 times (x 70B)
Class [Ldagger.spi.internal.shaded.androidx.room.compiler.processing.XNullability;    : loaded 3 times (x 69B)
Class kotlin.reflect.jvm.internal.KCallableImpl$_parameters$1                         : loaded 3 times (x 79B)
Class [Ldagger.internal.codegen.writing.ComponentImplementation$TypeSpecKind;         : loaded 3 times (x 69B)
Class dagger.spi.internal.shaded.kotlinx.metadata.internal.metadata.ProtoBuf$Constructor: loaded 3 times (x 124B)
Class dagger.internal.codegen.writing.ProviderInstanceRequestRepresentation$Factory   : loaded 3 times (x 70B)
Class dagger.internal.codegen.writing.MapFactoryCreationExpression_Factory            : loaded 3 times (x 72B)
Class dagger.internal.codegen.writing.ComponentProvisionRequestRepresentation_Factory_Impl: loaded 3 times (x 75B)
Class dagger.internal.codegen.binding.BindingGraphFactory$LegacyBindingGraph          : loaded 3 times (x 72B)
Class dagger.internal.codegen.kotlin.AutoValue_KotlinMetadata_ClassMetadata           : loaded 3 times (x 79B)
Class dagger.spi.internal.shaded.kotlinx.metadata.internal.metadata.ProtoBuf$Class$1  : loaded 3 times (x 144B)
Class dagger.spi.internal.shaded.kotlinx.metadata.internal.protobuf.SmallSortedMap    : loaded 3 times (x 130B)
Class [Ldagger.spi.internal.shaded.kotlinx.metadata.Flag;                             : loaded 3 times (x 69B)
Class dagger.spi.internal.shaded.androidx.room.compiler.processing.javac.JavacTypeVariableType$equalityItems$2: loaded 3 times (x 79B)
Class dagger.spi.internal.shaded.androidx.room.compiler.processing.javac.JavacTypeVariableType: loaded 3 times (x 211B)
Class dagger.spi.internal.shaded.kotlinx.metadata.internal.metadata.jvm.JvmProtoBuf$JvmPropertySignatureOrBuilder: loaded 3 times (x 70B)
Class dagger.internal.codegen.binding.AutoValue_ProvisionBinding                      : loaded 3 times (x 96B)
Class dagger.internal.codegen.validation.ComponentValidator                           : loaded 3 times (x 75B)
Class dagger.internal.codegen.writing.ProducerFactoryGenerator$FutureTransform        : loaded 3 times (x 78B)
Class dagger.internal.codegen.validation.BindsInstanceMethodValidator_Factory         : loaded 3 times (x 79B)
Class dagger.internal.codegen.validation.DiagnosticMessageGenerator_Factory_Factory   : loaded 3 times (x 79B)
Class dagger.spi.internal.shaded.androidx.room.compiler.processing.XMethodElementKt   : loaded 3 times (x 71B)
Class dagger.spi.internal.shaded.androidx.room.compiler.processing.javac.JavacArrayType$componentType$2: loaded 3 times (x 79B)
Class dagger.spi.internal.shaded.androidx.room.jarjarred.kotlinx.metadata.Attributes$isNullCheckPredicate$2: loaded 3 times (x 137B)
Class dagger.spi.internal.shaded.androidx.room.jarjarred.kotlinx.metadata.internal.FlagDelegatesImplKt$typeBooleanFlag$1: loaded 3 times (x 137B)
Class dagger.spi.internal.shaded.androidx.room.jarjarred.kotlinx.metadata.internal.metadata.ProtoBuf$TypeTable: loaded 3 times (x 109B)
Class dagger.spi.internal.shaded.auto.common.MoreTypes$DeclaredTypeVisitor            : loaded 3 times (x 102B)
Class dagger.spi.internal.shaded.kotlinx.metadata.internal.metadata.ProtoBuf$ContractOrBuilder: loaded 3 times (x 70B)
Class dagger.spi.internal.shaded.androidx.room.compiler.processing.XElement           : loaded 3 times (x 70B)
Class dagger.spi.internal.shaded.kotlinx.metadata.internal.protobuf.CodedOutputStream$ByteBufferOutputStream: loaded 3 times (x 86B)
Class com.squareup.javapoet.AnnotationSpec                                            : loaded 3 times (x 72B)
Class com.squareup.javapoet.CodeBlock                                                 : loaded 3 times (x 72B)
Class dagger.spi.internal.shaded.androidx.room.compiler.processing.javac.JavacExecutableElement$thrownTypes$2: loaded 3 times (x 79B)
Class [Ldagger.internal.codegen.writing.ComponentImplementation$MethodSpecKind;       : loaded 3 times (x 69B)
Class dagger.internal.codegen.validation.SpiModelBindingGraphConverter$DependencyEdgeImpl: loaded 3 times (x 78B)
Class dagger.spi.model.AutoValue_Key                                                  : loaded 3 times (x 80B)
Class dagger.internal.codegen.kotlin.KotlinMetadata$ClassMetadata$Builder             : loaded 3 times (x 85B)
Class dagger.spi.internal.shaded.kotlinx.metadata.internal.ReadUtilsKt                : loaded 3 times (x 71B)
Class dagger.spi.internal.shaded.kotlinx.metadata.internal.metadata.jvm.JvmProtoBuf$StringTableTypes: loaded 3 times (x 110B)
Class dagger.spi.internal.shaded.kotlinx.metadata.internal.metadata.ProtoBuf$TypeTableOrBuilder: loaded 3 times (x 70B)
Class dagger.spi.internal.shaded.androidx.room.jarjarred.kotlinx.metadata.KmClassifier$TypeParameter: loaded 3 times (x 71B)
Class dagger.internal.codegen.binding.BindingRequest                                  : loaded 3 times (x 74B)
Class dagger.internal.codegen.binding.ConfigurationAnnotations                        : loaded 3 times (x 71B)
Class dagger.internal.codegen.model.AutoValue_DaggerAnnotation                        : loaded 3 times (x 77B)
Class dagger.internal.codegen.bindinggraphvalidation.DependencyCycleValidator         : loaded 3 times (x 85B)
Class dagger.internal.codegen.bindinggraphvalidation.SubcomponentFactoryMethodValidator_Factory: loaded 3 times (x 78B)
Class dagger.spi.internal.shaded.androidx.room.jarjarred.kotlinx.metadata.MemberKind  : loaded 3 times (x 79B)
Class dagger.spi.internal.shaded.androidx.room.compiler.processing.javac.kotlin.KmClassContainer$type$2: loaded 3 times (x 79B)
Class dagger.internal.codegen.binding.AutoValue_ComponentDescriptor_ComponentMethodDescriptor$Builder: loaded 3 times (x 78B)
Class dagger.spi.internal.shaded.auto.common.Overrides                                : loaded 3 times (x 72B)
Class dagger.spi.internal.shaded.androidx.room.compiler.processing.javac.JavacTypeElement$superClass$2: loaded 3 times (x 79B)
Class [Lnet.ltgt.gradle.incap.IncrementalAnnotationProcessorType;                     : loaded 3 times (x 69B)
Class dagger.spi.internal.shaded.kotlinx.metadata.internal.protobuf.GeneratedMessageLite$Builder: loaded 3 times (x 128B)
Class androidx.room.compiler.processing.javac.JavacBasicAnnotationProcessor$commonDelegate$2: loaded 3 times (x 79B)
Class dagger.spi.internal.shaded.kotlinx.metadata.jvm.JvmFunctionExtensionVisitor$Companion: loaded 3 times (x 71B)
Class dagger.spi.internal.shaded.androidx.room.jarjarred.kotlinx.metadata.internal.protobuf.WireFormat$FieldType$4: loaded 3 times (x 83B)
Class dagger.spi.internal.shaded.androidx.room.jarjarred.kotlinx.metadata.KmConstructorVisitor: loaded 3 times (x 76B)
Class kotlin.reflect.jvm.internal.impl.builtins.functions.FunctionClassKind           : loaded 3 times (x 80B)
Class dagger.internal.codegen.validation.SpiModelBindingGraphConverter$DiagnosticReporterImpl: loaded 3 times (x 76B)
Class dagger.internal.codegen.bindinggraphvalidation.DuplicateBindingsValidator$BindingWithoutComponent: loaded 3 times (x 75B)
Class dagger.internal.codegen.writing.ProviderInstanceRequestRepresentation           : loaded 3 times (x 76B)
Class dagger.internal.codegen.writing.AssistedFactoryRequestRepresentation_Factory_Impl: loaded 3 times (x 75B)
Class dagger.spi.model.$AutoValue_ComponentPath                                       : loaded 3 times (x 74B)
Class dagger.spi.internal.shaded.kotlinx.metadata.KmPropertyVisitor                   : loaded 3 times (x 80B)
Class dagger.spi.internal.shaded.auto.common.MoreTypes$TypeVariableVisitor            : loaded 3 times (x 102B)
Class dagger.internal.codegen.writing.MemberSelect$LocalField                         : loaded 3 times (x 75B)
Class com.google.common.collect.FilteredKeySetMultimap                                : loaded 3 times (x 202B)
Class com.google.common.collect.FilteredKeyMultimap                                   : loaded 3 times (x 154B)
Class dagger.spi.internal.shaded.androidx.room.compiler.processing.javac.kotlin.JvmDescriptorUtilsKt: loaded 3 times (x 71B)
Class dagger.internal.codegen.base.ComponentKind                                      : loaded 3 times (x 79B)
Class dagger.internal.codegen.base.FrameworkTypes                                     : loaded 3 times (x 71B)
Class dagger.internal.codegen.validation.BindingElementValidator$ElementValidator     : loaded 3 times (x 77B)
Class com.squareup.javapoet.FieldSpec                                                 : loaded 3 times (x 72B)
Class dagger.spi.internal.shaded.androidx.room.compiler.processing.javac.JavacConstructorElement: loaded 3 times (x 256B)
Class com.squareup.javapoet.LineWrapper$FlushType                                     : loaded 3 times (x 79B)
Class com.google.common.collect.Multisets                                             : loaded 3 times (x 71B)
Class dagger.spi.internal.shaded.androidx.room.jarjarred.kotlinx.metadata.internal.FlagDelegatesImplKt$valueParameterBooleanFlag$1: loaded 3 times (x 137B)
Class dagger.spi.internal.shaded.androidx.room.jarjarred.kotlinx.metadata.internal.FlagDelegatesImplKt$propertyAccessorBooleanFlag$1: loaded 3 times (x 137B)
Class dagger.spi.internal.shaded.androidx.room.jarjarred.kotlinx.metadata.internal.FlagDelegatesImplKt$constructorBooleanFlag$1: loaded 3 times (x 137B)
Class dagger.spi.internal.shaded.androidx.room.jarjarred.kotlinx.metadata.internal.metadata.ProtoBuf$Visibility: loaded 3 times (x 82B)
Class dagger.spi.internal.shaded.androidx.room.jarjarred.kotlinx.metadata.jvm.JvmMethodSignature: loaded 3 times (x 74B)
Class dagger.spi.internal.shaded.androidx.room.jarjarred.kotlinx.metadata.internal.metadata.jvm.deserialization.JvmMemberSignature: loaded 3 times (x 74B)
Class dagger.spi.internal.shaded.androidx.room.jarjarred.kotlinx.metadata.internal.metadata.jvm.deserialization.UtfEncodingKt: loaded 3 times (x 71B)
Class dagger.internal.codegen.binding.AutoValue_BindingGraph                          : loaded 3 times (x 79B)
Class dagger.spi.internal.shaded.androidx.room.compiler.processing.XEquality          : loaded 3 times (x 70B)
Class dagger.hilt.processor.internal.root.RootType                                    : loaded 3 times (x 79B)
Class dagger.spi.internal.shaded.androidx.room.compiler.processing.javac.JavacProcessingEnv$Companion: loaded 3 times (x 71B)
Class dagger.internal.codegen.writing.OptionalFactories_PerGeneratedFileCache_Factory$InstanceHolder: loaded 3 times (x 71B)
Class dagger.internal.codegen.model.DaggerExecutableElement                           : loaded 3 times (x 73B)
Class dagger.spi.internal.shaded.kotlinx.metadata.internal.protobuf.ByteString$ByteIterator: loaded 3 times (x 70B)
Class dagger.internal.codegen.langmodel.Accessibility                                 : loaded 3 times (x 71B)
Class dagger.internal.codegen.xprocessing.XProcessingEnvs$1                           : loaded 3 times (x 71B)
Class dagger.internal.codegen.javapoet.AnnotationSpecs                                : loaded 3 times (x 71B)
Class dagger.internal.codegen.componentgenerator.CurrentImplementationSubcomponent_ChildComponentImplementationFactoryModule_ProvideChildComponentImplementationFactoryFactory: loaded 3 times (x 79B)
Class dagger.internal.codegen.writing.DelegatingFrameworkInstanceCreationExpression_Factory: loaded 3 times (x 72B)
Class dagger.internal.codegen.writing.DirectInstanceBindingRepresentation_Factory     : loaded 3 times (x 72B)
Class dagger.internal.codegen.writing.ComponentRequirementExpressions$AbstractField   : loaded 3 times (x 81B)
Class dagger.internal.codegen.base.$AutoValue_ModuleAnnotation                        : loaded 3 times (x 76B)
Class [Ldagger.internal.codegen.validation.BindingMethodValidator$ExceptionSuperclass;: loaded 3 times (x 69B)
Class com.google.common.graph.AbstractNetwork                                         : loaded 3 times (x 139B)
Class dagger.internal.codegen.validation.ComponentCreatorValidator$1                  : loaded 3 times (x 71B)
Class dagger.spi.internal.shaded.androidx.room.compiler.processing.javac.kotlin.KmFunctionContainer: loaded 3 times (x 70B)
Class dagger.internal.codegen.extension.DaggerCollectors$ToOptionalState              : loaded 3 times (x 72B)
Class dagger.internal.codegen.validation.DependencyRequestValidator$Validator         : loaded 3 times (x 72B)
Class dagger.internal.codegen.processingstep.MapKeyProcessingStep                     : loaded 3 times (x 86B)
Class androidx.room.Database                                                          : loaded 3 times (x 70B)
Class dagger.hilt.processor.internal.root.RootGenerator                               : loaded 3 times (x 72B)
Class dagger.spi.internal.shaded.androidx.room.jarjarred.kotlinx.metadata.internal.metadata.jvm.JvmProtoBuf$StringTableTypes$Record$Operation$1: loaded 3 times (x 74B)
Class dagger.spi.internal.shaded.androidx.room.jarjarred.kotlinx.metadata.internal.protobuf.MessageLite$Builder: loaded 3 times (x 70B)
Class com.google.common.graph.AbstractGraph                                           : loaded 3 times (x 135B)
Class dagger.spi.internal.shaded.androidx.room.jarjarred.kotlinx.metadata.internal.extensions.MetadataExtensions$Companion$INSTANCES$2: loaded 3 times (x 78B)
Class dagger.spi.internal.shaded.androidx.room.jarjarred.kotlinx.metadata.internal.extensions.MetadataExtensions: loaded 3 times (x 70B)
Class dagger.spi.internal.shaded.androidx.room.compiler.processing.javac.JavacMethodElement$typeParameters$2: loaded 3 times (x 79B)
Class dagger.spi.internal.shaded.androidx.room.compiler.processing.XMethodElement     : loaded 3 times (x 70B)
Class dagger.hilt.android.processor.internal.customtestapplication.CustomTestApplicationProcessingStep: loaded 3 times (x 87B)
Class dagger.spi.internal.shaded.auto.common.AnnotationMirrors                        : loaded 3 times (x 71B)
Class kotlin.reflect.jvm.internal.KCallableImpl$_typeParameters$1                     : loaded 3 times (x 79B)
Class dagger.spi.internal.shaded.androidx.room.compiler.processing.XAnnotated         : loaded 3 times (x 70B)
Class dagger.spi.internal.shaded.androidx.room.compiler.processing.javac.JavacTypeElement$allMethods$1: loaded 3 times (x 79B)
Class dagger.spi.internal.shaded.androidx.room.compiler.processing.util.MemoizedSequence: loaded 3 times (x 75B)
Class dagger.spi.internal.shaded.androidx.room.compiler.processing.javac.JavacBasicAnnotationProcessor$2: loaded 3 times (x 79B)
Class dagger.hilt.processor.internal.aggregateddeps.AutoValue_ComponentDependencies$Builder: loaded 3 times (x 76B)
Class com.squareup.javapoet.LineWrapper$1                                             : loaded 3 times (x 71B)
Class dagger.internal.codegen.writing.SwitchingProviderInstanceSupplier               : loaded 3 times (x 75B)
Class dagger.internal.codegen.writing.ImmediateFutureRequestRepresentation            : loaded 3 times (x 74B)
Class dagger.internal.codegen.writing.RequestRepresentation                           : loaded 3 times (x 73B)
Class dagger.internal.codegen.writing.SimpleMethodRequestRepresentation_Factory       : loaded 3 times (x 72B)
Class dagger.spi.internal.shaded.auto.common.Overrides$ExplicitOverrides              : loaded 3 times (x 76B)
Class dagger.spi.internal.shaded.androidx.room.compiler.processing.javac.JavacTypeElement$kotlinMetadata$2: loaded 3 times (x 79B)
Class dagger.internal.codegen.kotlin.KotlinMetadata$ValueParameterMetadata            : loaded 3 times (x 74B)
Class dagger.internal.codegen.kotlin.KotlinMetadata$FunctionMetadata                  : loaded 3 times (x 76B)
Class dagger.spi.internal.shaded.kotlinx.metadata.jvm.internal.JvmFunctionExtension   : loaded 3 times (x 85B)
Class dagger.spi.internal.shaded.kotlinx.metadata.internal.metadata.deserialization.VersionRequirementTable: loaded 3 times (x 72B)
Class dagger.spi.internal.shaded.kotlinx.metadata.internal.protobuf.MessageLite$Builder: loaded 3 times (x 70B)
Class dagger.internal.codegen.model.BindingGraph                                      : loaded 3 times (x 93B)
Class dagger.internal.codegen.binding.MembersInjectionBinding                         : loaded 3 times (x 85B)
Class dagger.hilt.android.processor.internal.androidentrypoint.Generators             : loaded 3 times (x 71B)
Class kotlin.reflect.jvm.internal.KClassImpl$Data$descriptor$2                        : loaded 3 times (x 79B)
Class dagger.spi.internal.shaded.androidx.room.jarjarred.kotlinx.metadata.internal.metadata.ProtoBuf$TypeTableOrBuilder: loaded 3 times (x 70B)
Class dagger.spi.internal.shaded.androidx.room.jarjarred.kotlinx.metadata.internal.FlagDelegatesImplKt$classBooleanFlag$1: loaded 3 times (x 137B)
Class dagger.spi.internal.shaded.androidx.room.jarjarred.kotlinx.metadata.internal.metadata.ProtoBuf$Annotation$1: loaded 3 times (x 144B)
Class kotlin.reflect.jvm.internal.KProperty1Impl$_getter$1                            : loaded 3 times (x 79B)
Class dagger.spi.internal.shaded.androidx.room.jarjarred.kotlinx.metadata.jvm.JvmConstructorExtensionVisitor$Companion: loaded 3 times (x 71B)
Class dagger.spi.internal.shaded.androidx.room.jarjarred.kotlinx.metadata.internal.protobuf.FieldSet$FieldDescriptorLite: loaded 3 times (x 70B)
Class dagger.internal.codegen.DelegateComponentProcessor                              : loaded 3 times (x 72B)
Class dagger.hilt.processor.internal.root.ComponentTreeDepsProcessingStep             : loaded 3 times (x 87B)
Class dagger.internal.codegen.writing.ProducerEntryPointView                          : loaded 3 times (x 72B)
Class dagger.internal.codegen.writing.DirectInstanceBindingRepresentation$1           : loaded 3 times (x 71B)
Class dagger.spi.internal.shaded.androidx.room.jarjarred.kotlinx.metadata.Modality    : loaded 3 times (x 79B)
Class dagger.internal.codegen.writing.ComponentImplementation$MethodSpecKind          : loaded 3 times (x 79B)
Class dagger.internal.codegen.writing.MembersInjectionRequestRepresentation_Factory   : loaded 3 times (x 72B)
Class dagger.spi.model.BindingGraph$SubcomponentCreatorBindingEdge                    : loaded 3 times (x 70B)
Class com.google.common.collect.FilteredMultimapValues                                : loaded 3 times (x 118B)
Class dagger.spi.internal.shaded.androidx.room.jarjarred.kotlinx.metadata.Attributes$hasAnnotations$22: loaded 3 times (x 137B)
Class com.google.common.graph.MutableNetwork                                          : loaded 3 times (x 70B)
Class dagger.spi.internal.shaded.kotlinx.metadata.internal.protobuf.FieldSet$1        : loaded 3 times (x 71B)
Class dagger.internal.codegen.binding.ComponentDescriptor                             : loaded 3 times (x 87B)
Class dagger.internal.codegen.processingstep.MultibindingAnnotationsProcessingStep_Factory: loaded 3 times (x 79B)
Class dagger.internal.codegen.writing.AnnotationCreatorGenerator_Factory              : loaded 3 times (x 79B)
Class [Ldagger.internal.codegen.compileroption.ValidationType;                        : loaded 3 times (x 69B)
Class dagger.internal.codegen.base.ElementFormatter_Factory$InstanceHolder            : loaded 3 times (x 71B)
Class [Landroidx.room.processor.Context$BooleanProcessorOptions;                      : loaded 3 times (x 69B)
Class dagger.spi.internal.shaded.androidx.room.compiler.processing.KClassExtKt        : loaded 3 times (x 71B)
Class dagger.spi.internal.shaded.androidx.room.jarjarred.kotlinx.metadata.internal.EnumFlagDelegate: loaded 3 times (x 72B)
Class com.google.common.graph.EndpointPair                                            : loaded 3 times (x 83B)
Class [Ldagger.hilt.android.processor.internal.androidentrypoint.AndroidEntryPointMetadata$AndroidType;: loaded 3 times (x 69B)
Class dagger.internal.Provider                                                        : loaded 3 times (x 70B)
Class com.squareup.javapoet.TypeName$1                                                : loaded 3 times (x 109B)
Class dagger.hilt.processor.internal.aggregateddeps.AutoValue_AggregatedDepsMetadata  : loaded 3 times (x 79B)
Class dagger.spi.internal.shaded.androidx.room.compiler.processing.javac.JavacProcessingEnv$WhenMappings: loaded 3 times (x 71B)
Class com.google.common.graph.DirectedGraphConnections$PredAndSucc                    : loaded 3 times (x 72B)
Class dagger.internal.codegen.bindinggraphvalidation.IncompatiblyScopedBindingsValidator_Factory: loaded 3 times (x 79B)
Class kotlin.reflect.jvm.internal.KClassImpl$Data$typeParameters$2                    : loaded 3 times (x 79B)
Class dagger.internal.codegen.bindinggraphvalidation.BindingGraphValidationModule_ProvidePluginsFactory: loaded 3 times (x 79B)
Class kotlin.reflect.jvm.internal.ReflectProperties$LazyVal                           : loaded 3 times (x 75B)
Class dagger.internal.codegen.binding.SubcomponentDeclaration_Factory_Factory         : loaded 3 times (x 79B)
Class dagger.internal.codegen.bindinggraphvalidation.DependencyCycleValidator_Factory : loaded 3 times (x 79B)
Class dagger.internal.codegen.model.AutoValue_DaggerProcessingEnv                     : loaded 3 times (x 75B)
Class dagger.spi.internal.shaded.androidx.room.compiler.processing.javac.kotlin.KmData: loaded 3 times (x 70B)
Class dagger.spi.internal.shaded.androidx.room.jarjarred.kotlinx.metadata.internal.protobuf.WireFormat$FieldType$3: loaded 3 times (x 83B)
Class [Lcom.squareup.javapoet.ClassName;                                              : loaded 3 times (x 69B)
Class dagger.internal.codegen.validation.SpiModelBindingGraphConverter$BindingGraphImpl: loaded 3 times (x 95B)
Class com.google.common.collect.HashBasedTable                                        : loaded 3 times (x 124B)
Class dagger.spi.internal.shaded.kotlinx.metadata.jvm.JvmPropertyExtensionVisitor$Companion: loaded 3 times (x 71B)
Class dagger.spi.internal.shaded.kotlinx.metadata.internal.metadata.jvm.JvmProtoBuf$JvmPropertySignature$Builder: loaded 3 times (x 141B)
Class dagger.spi.internal.shaded.kotlinx.metadata.internal.metadata.ProtoBuf$Package$1: loaded 3 times (x 144B)
Class dagger.spi.internal.shaded.kotlinx.metadata.internal.protobuf.GeneratedMessageLite$GeneratedExtension: loaded 3 times (x 79B)
Class dagger.spi.internal.shaded.kotlinx.metadata.internal.extensions.MetadataExtensions$Companion$INSTANCES$2: loaded 3 times (x 78B)
Class dagger.spi.internal.shaded.kotlinx.metadata.internal.extensions.MetadataExtensions: loaded 3 times (x 70B)
Class com.squareup.javapoet.TypeName$2                                                : loaded 3 times (x 71B)
Class dagger.internal.codegen.base.AutoValue_MapType                                  : loaded 3 times (x 80B)
Class dagger.internal.codegen.binding.Binding                                         : loaded 3 times (x 83B)
Class dagger.internal.codegen.binding.OptionalBindingDeclaration_Factory_Factory      : loaded 3 times (x 79B)
Class [Lcom.google.common.graph.Traverser$InsertionOrder;                             : loaded 3 times (x 69B)
Class com.google.common.graph.IncidentEdgeSet                                         : loaded 3 times (x 136B)
Class dagger.internal.codegen.validation.BindingMethodValidatorsModule                : loaded 3 times (x 70B)
Class dagger.internal.codegen.binding.SubcomponentDeclaration$Factory                 : loaded 3 times (x 73B)
Class dagger.internal.codegen.model.AutoValue_Scope                                   : loaded 3 times (x 73B)
Class dagger.spi.internal.shaded.androidx.room.compiler.processing.javac.JavacDeclaredType$typeArguments$2: loaded 3 times (x 79B)
Class dagger.internal.codegen.compileroption.ValidationType$1                         : loaded 3 times (x 71B)
Class com.google.common.collect.LinkedHashMultimap$1                                  : loaded 3 times (x 83B)
Class dagger.internal.codegen.binding.$AutoValue_ResolvedBindings                     : loaded 3 times (x 88B)
Class dagger.hilt.processor.internal.originatingelement.OriginatingElementProcessor   : loaded 3 times (x 100B)
Class dagger.spi.internal.shaded.androidx.room.compiler.processing.javac.JavacConstructorElement$typeParameters$2: loaded 3 times (x 79B)
Class dagger.internal.codegen.validation.BindingElementValidator                      : loaded 3 times (x 78B)
Class dagger.internal.codegen.binding.BindsTypeChecker                                : loaded 3 times (x 72B)
Class com.google.common.collect.Lists$OnePlusArrayList                                : loaded 3 times (x 199B)
Class dagger.internal.codegen.writing.ComponentRequirementExpressions$ComponentParameterField: loaded 3 times (x 81B)
Class dagger.internal.codegen.writing.ComponentProvisionRequestRepresentation_Factory : loaded 3 times (x 72B)
Class dagger.internal.codegen.writing.MembersInjectionBindingRepresentation_Factory   : loaded 3 times (x 72B)
Class dagger.internal.codegen.validation.AutoValue_SpiModelBindingGraphConverter_DaggerExecutableElementImpl: loaded 3 times (x 76B)
Class dagger.spi.model.DependencyRequest                                              : loaded 3 times (x 75B)
Class dagger.spi.internal.shaded.kotlinx.metadata.internal.protobuf.RopeByteString    : loaded 3 times (x 110B)
Class dagger.spi.internal.shaded.kotlinx.metadata.internal.metadata.ProtoBuf$TypeParameter$Variance: loaded 3 times (x 82B)
Class dagger.spi.internal.shaded.kotlinx.metadata.internal.protobuf.AbstractMessageLite: loaded 3 times (x 98B)
Class dagger.spi.internal.shaded.auto.common.MoreTypes$PrimitiveTypeVisitor           : loaded 3 times (x 102B)
Class dagger.spi.internal.shaded.androidx.room.compiler.processing.javac.kotlin.JvmDescriptorTypeVisitor$visitExecutable$parameterDescriptors$1: loaded 3 times (x 79B)
Class dagger.spi.internal.shaded.androidx.room.compiler.processing.DeclarationCollectorKt: loaded 3 times (x 71B)
Class dagger.internal.codegen.model.DaggerType                                        : loaded 3 times (x 74B)
Class dagger.internal.codegen.validation.DiagnosticReporterFactory                    : loaded 3 times (x 72B)
Class dagger.internal.codegen.compileroption.ProcessingEnvironmentCompilerOptions     : loaded 3 times (x 95B)
Class dagger.hilt.android.processor.internal.androidentrypoint.ApplicationGenerator   : loaded 3 times (x 72B)
Class com.google.common.graph.EndpointPairIterator$Undirected                         : loaded 3 times (x 82B)
Class dagger.hilt.processor.internal.root.RootMetadata                                : loaded 3 times (x 72B)
Class dagger.hilt.processor.internal.definecomponent.AutoValue_DefineComponentBuilderMetadatas_DefineComponentBuilderMetadata: loaded 3 times (x 75B)
Class dagger.spi.internal.shaded.androidx.room.jarjarred.kotlinx.metadata.internal.ReadersKt$WhenMappings: loaded 3 times (x 71B)
Class dagger.spi.internal.shaded.androidx.room.jarjarred.kotlinx.metadata.internal.protobuf.CodedOutputStream: loaded 3 times (x 72B)
Class dagger.spi.internal.shaded.androidx.room.jarjarred.kotlinx.metadata.internal.protobuf.Internal$EnumLiteMap: loaded 3 times (x 70B)
Class dagger.spi.internal.shaded.androidx.room.jarjarred.kotlinx.metadata.internal.metadata.ProtoBuf$Annotation: loaded 3 times (x 109B)
Class dagger.spi.internal.shaded.androidx.room.jarjarred.kotlinx.metadata.internal.protobuf.GeneratedMessageLite: loaded 3 times (x 101B)
Class dagger.spi.internal.shaded.kotlinx.metadata.internal.protobuf.CodedOutputStream : loaded 3 times (x 72B)
Class kotlin.reflect.jvm.internal.KPropertyImpl$_descriptor$1                         : loaded 3 times (x 79B)
Class dagger.spi.internal.shaded.kotlinx.metadata.internal.metadata.jvm.deserialization.JvmMetadataVersion: loaded 3 times (x 73B)
Class dagger.spi.internal.shaded.androidx.room.compiler.codegen.XTypeName             : loaded 3 times (x 75B)
Class dagger.spi.internal.shaded.kotlinx.metadata.internal.metadata.jvm.deserialization.JvmNameResolverBase$WhenMappings: loaded 3 times (x 71B)
Class dagger.internal.codegen.kotlin.KotlinMetadata$PropertyMetadata$Builder          : loaded 3 times (x 70B)
Class dagger.hilt.processor.internal.generatesrootinput.GeneratesRootInputProcessingStep: loaded 3 times (x 87B)
Class dagger.internal.codegen.binding.$AutoValue_MultibindingDeclaration              : loaded 3 times (x 79B)
Class dagger.internal.codegen.binding.OptionalBindingDeclaration                      : loaded 3 times (x 74B)
Class dagger.internal.codegen.validation.ComponentCreatorValidator                    : loaded 3 times (x 75B)
Class dagger.internal.codegen.xprocessing.XTypeElements                               : loaded 3 times (x 71B)
Class dagger.internal.codegen.binding.ComponentRequirement$NullPolicy                 : loaded 3 times (x 79B)
Class dagger.internal.codegen.writing.ComponentInstanceRequestRepresentation$Factory  : loaded 3 times (x 70B)
Class com.google.common.collect.AbstractMapBasedMultiset$1                            : loaded 3 times (x 82B)
Class com.google.common.collect.Maps$AsMapView$1EntrySetImpl                          : loaded 3 times (x 138B)
Class dagger.spi.internal.shaded.kotlinx.metadata.internal.metadata.ProtoBuf$MemberKind$1: loaded 3 times (x 74B)
Class dagger.spi.internal.shaded.androidx.room.jarjarred.kotlinx.metadata.internal.extensions.KmPropertyExtension: loaded 3 times (x 70B)
Class dagger.spi.internal.shaded.auto.common.Visibility                               : loaded 3 times (x 79B)
Class dagger.spi.internal.shaded.androidx.room.compiler.processing.DeclarationCollectorKt$collectAllMethods$1: loaded 3 times (x 95B)
Class dagger.internal.codegen.binding.Nullability                                     : loaded 3 times (x 73B)
Class dagger.internal.codegen.writing.ProducerFactoryGenerator$SingleArgFutureTransform: loaded 3 times (x 78B)
Class dagger.internal.codegen.validation.BindsMethodValidator$Validator               : loaded 3 times (x 80B)
Class [Ldagger.internal.codegen.model.RequestKind;                                    : loaded 3 times (x 69B)
Class dagger.internal.codegen.bindinggraphvalidation.CompositeBindingGraphPlugin_Factory: loaded 3 times (x 72B)
Class dagger.internal.codegen.validation.MembersInjectionValidator_Factory            : loaded 3 times (x 79B)
Class dagger.hilt.processor.internal.definecomponent.DefineComponentMetadatas         : loaded 3 times (x 72B)
Class dagger.internal.Preconditions                                                   : loaded 3 times (x 71B)
Class com.google.common.graph.StandardNetwork                                         : loaded 3 times (x 140B)
Class dagger.spi.internal.shaded.androidx.room.jarjarred.kotlinx.metadata.internal.metadata.ProtoBuf$TypeParameter$1: loaded 3 times (x 144B)
Class dagger.spi.internal.shaded.androidx.room.compiler.processing.javac.JavacExecutableElement$jvmDescriptor$2: loaded 3 times (x 79B)
Class dagger.spi.internal.shaded.androidx.room.jarjarred.kotlinx.metadata.Attributes$kind$7: loaded 3 times (x 137B)
Class dagger.internal.codegen.writing.MembersInjectionRequestRepresentation$Factory   : loaded 3 times (x 70B)
Class dagger.spi.internal.shaded.androidx.room.compiler.processing.javac.kotlin.KmClassContainer$functionByDescriptor$2: loaded 3 times (x 79B)
Class dagger.hilt.processor.internal.earlyentrypoint.EarlyEntryPointProcessor         : loaded 3 times (x 100B)
Class dagger.spi.internal.shaded.androidx.room.compiler.processing.javac.JavacFieldElement$enclosingElement$2: loaded 3 times (x 79B)
Class dagger.spi.internal.shaded.androidx.room.jarjarred.kotlinx.metadata.internal.metadata.ProtoBuf$Property$Builder: loaded 3 times (x 174B)
Class dagger.spi.internal.shaded.androidx.room.jarjarred.kotlinx.metadata.internal.metadata.ProtoBuf$Effect$InvocationKind$1: loaded 3 times (x 74B)
Class dagger.spi.internal.shaded.kotlinx.metadata.KmFunction                          : loaded 3 times (x 82B)
Class dagger.internal.codegen.binding.BindingNode                                     : loaded 3 times (x 108B)
Class dagger.internal.codegen.writing.InjectionMethods$ProvisionMethod                : loaded 3 times (x 71B)
Class [Ldagger.spi.model.RequestKind;                                                 : loaded 3 times (x 69B)
Class dagger.internal.codegen.writing.ComponentProvisionRequestRepresentation         : loaded 3 times (x 74B)
Class dagger.internal.codegen.kotlin.KotlinMetadata$PropertyMetadata                  : loaded 3 times (x 77B)
Class dagger.internal.codegen.kotlin.KotlinMetadata$BaseMetadata                      : loaded 3 times (x 74B)
Class dagger.spi.internal.shaded.androidx.room.jarjarred.kotlinx.metadata.jvm.JvmPropertyExtensionVisitor$Companion: loaded 3 times (x 71B)
Class dagger.internal.codegen.binding.AutoValue_FrameworkField                        : loaded 3 times (x 74B)
Class dagger.spi.internal.shaded.androidx.room.compiler.processing.XElementKt         : loaded 3 times (x 71B)
Class dagger.spi.internal.shaded.androidx.room.compiler.processing.javac.JavacTypeElement$xClassName$2: loaded 3 times (x 79B)
Class dagger.internal.codegen.validation.MembersInjectionValidator                    : loaded 3 times (x 72B)
Class dagger.internal.codegen.binding.KeyFactory_Factory                              : loaded 3 times (x 79B)
Class androidx.room.processor.Context$ProcessorOptions                                : loaded 3 times (x 79B)
Class dagger.hilt.processor.internal.uninstallmodules.AutoValue_AggregatedUninstallModulesMetadata: loaded 3 times (x 75B)
Class [Lcom.google.common.graph.ElementOrder$Type;                                    : loaded 3 times (x 69B)
Class dagger.hilt.processor.internal.AutoValue_ComponentDescriptor                    : loaded 3 times (x 77B)
Class dagger.hilt.processor.internal.ComponentNames                                   : loaded 3 times (x 72B)
Class dagger.spi.internal.shaded.androidx.room.compiler.processing.javac.kotlin.KmClassContainer$typeParameters$2: loaded 3 times (x 79B)
Class dagger.spi.internal.shaded.androidx.room.jarjarred.kotlinx.metadata.internal.metadata.jvm.deserialization.JvmNameResolverBase$WhenMappings: loaded 3 times (x 71B)
Class dagger.spi.internal.shaded.androidx.room.jarjarred.kotlinx.metadata.internal.protobuf.Internal$EnumLite: loaded 3 times (x 70B)
Class dagger.spi.internal.shaded.androidx.room.jarjarred.kotlinx.metadata.internal.protobuf.FieldSet: loaded 3 times (x 72B)
Class dagger.spi.internal.shaded.androidx.room.jarjarred.kotlinx.metadata.InconsistentKotlinMetadataException: loaded 3 times (x 82B)
Class dagger.hilt.processor.internal.kotlin.KotlinMetadataFactory                     : loaded 3 times (x 72B)
Class dagger.internal.codegen.validation.ProducesMethodValidator                      : loaded 3 times (x 78B)
Class dagger.spi.model.Scope$1                                                        : loaded 3 times (x 71B)
Class dagger.internal.codegen.componentgenerator.ComponentGenerator_Factory           : loaded 3 times (x 79B)
Class dagger.internal.codegen.writing.AssistedFactoryRequestRepresentation$Factory    : loaded 3 times (x 70B)
Class dagger.internal.codegen.writing.SetRequestRepresentation$Factory                : loaded 3 times (x 70B)
Class dagger.internal.codegen.validation.BindsMethodValidator_Factory                 : loaded 3 times (x 79B)
Class dagger.internal.codegen.writing.ComponentMethodRequestRepresentation$Factory    : loaded 3 times (x 70B)
Class dagger.internal.codegen.model.Key$Builder                                       : loaded 3 times (x 76B)
Class dagger.internal.codegen.writing.FrameworkInstanceKind$1                         : loaded 3 times (x 71B)
Class [Ldagger.internal.codegen.javapoet.AnnotationSpecs$Suppression;                 : loaded 3 times (x 69B)
Class dagger.internal.codegen.writing.ComponentRequirementExpression                  : loaded 3 times (x 70B)
Class dagger.internal.codegen.model.DaggerElement                                     : loaded 3 times (x 73B)
Class dagger.internal.codegen.writing.FrameworkInstanceBindingRepresentation_Factory  : loaded 3 times (x 72B)
Class dagger.spi.model.Key                                                            : loaded 3 times (x 78B)
Class dagger.internal.codegen.validation.AutoValue_SpiModelBindingGraphConverter_BindingGraphImpl: loaded 3 times (x 96B)
Class com.google.common.graph.Traverser$Traversal                                     : loaded 3 times (x 73B)
Class dagger.internal.codegen.binding.SourceFiles$1                                   : loaded 3 times (x 71B)
Class dagger.spi.internal.shaded.kotlinx.metadata.KmValueParameterVisitor             : loaded 3 times (x 76B)
Class dagger.spi.internal.shaded.kotlinx.metadata.internal.protobuf.Internal$EnumLiteMap: loaded 3 times (x 70B)
Class dagger.spi.internal.shaded.kotlinx.metadata.internal.protobuf.GeneratedMessageLite: loaded 3 times (x 101B)
Class dagger.spi.internal.shaded.kotlinx.metadata.internal.extensions.KmExtension     : loaded 3 times (x 70B)
Class dagger.spi.internal.shaded.androidx.room.jarjarred.kotlinx.metadata.KmVariance  : loaded 3 times (x 79B)
Class dagger.spi.internal.shaded.androidx.room.compiler.processing.javac.JavacFieldElement: loaded 3 times (x 227B)
Class dagger.spi.internal.shaded.auto.common.AnnotationOutput$1                       : loaded 3 times (x 107B)
Class dagger.internal.codegen.model.ComponentPath                                     : loaded 3 times (x 73B)
Class dagger.internal.codegen.writing.InaccessibleMapKeyProxyGenerator_Factory        : loaded 3 times (x 79B)
Class dagger.internal.codegen.model.BindingGraph$Node                                 : loaded 3 times (x 70B)
Class kotlin.reflect.jvm.internal.impl.builtins.functions.FunctionClassKind$Companion : loaded 3 times (x 71B)
Class dagger.internal.codegen.DelegateComponentProcessor$Injector$Factory             : loaded 3 times (x 70B)
Class androidx.room.processor.Context$Companion$ARG_OPTIONS$2                         : loaded 3 times (x 78B)
Class dagger.hilt.processor.internal.aggregateddeps.ComponentDependencies$Builder     : loaded 3 times (x 75B)
Class com.google.common.graph.EndpointPairIterator                                    : loaded 3 times (x 82B)
Class com.google.common.graph.MapIteratorCache$1                                      : loaded 3 times (x 137B)
Class com.google.common.graph.StandardMutableGraph                                    : loaded 3 times (x 160B)
Class dagger.spi.internal.shaded.androidx.room.compiler.processing.javac.JavacMethodParameter$kotlinMetadata$2: loaded 3 times (x 79B)
Class dagger.spi.internal.shaded.kotlinx.metadata.KmDeclarationContainerVisitor       : loaded 3 times (x 77B)
Class dagger.spi.internal.shaded.kotlinx.metadata.internal.metadata.jvm.deserialization.JvmNameResolverBase: loaded 3 times (x 80B)
Class dagger.spi.internal.shaded.kotlinx.metadata.internal.metadata.jvm.JvmProtoBuf$StringTableTypesOrBuilder: loaded 3 times (x 70B)
Class dagger.spi.internal.shaded.androidx.room.jarjarred.kotlinx.metadata.Attributes$hasAnnotations$2: loaded 3 times (x 137B)
Class dagger.spi.internal.shaded.kotlinx.metadata.internal.protobuf.CodedInputStream  : loaded 3 times (x 72B)
Class dagger.spi.internal.shaded.androidx.room.compiler.processing.javac.JavacType$rawType$2: loaded 3 times (x 79B)
Class kotlin.reflect.jvm.internal.KClassImpl$Data$allNonStaticMembers$2               : loaded 3 times (x 79B)
Class dagger.spi.internal.shaded.kotlinx.metadata.internal.protobuf.GeneratedMessageLite$1: loaded 3 times (x 71B)
Class com.google.common.graph.DirectedMultiNetworkConnections                         : loaded 3 times (x 98B)
Class dagger.internal.codegen.validation.DiagnosticMessageGenerator$1                 : loaded 3 times (x 87B)
Class com.squareup.kotlinpoet.TypeNames                                               : loaded 3 times (x 71B)
Class com.google.devtools.ksp.symbol.KSAnnotated                                      : loaded 3 times (x 70B)
Class dagger.hilt.processor.internal.ProcessorErrorHandler                            : loaded 3 times (x 72B)
Class dagger.spi.internal.shaded.androidx.room.compiler.processing.javac.kotlin.KmClassContainer$primaryConstructorSignature$2: loaded 3 times (x 79B)
Class [Ldagger.spi.internal.shaded.androidx.room.compiler.processing.XProcessingEnv$Backend;: loaded 3 times (x 69B)
Class dagger.spi.internal.shaded.androidx.room.compiler.processing.javac.JavacTypeElement$superInterfaces$2: loaded 3 times (x 79B)
Class dagger.spi.internal.shaded.androidx.room.compiler.processing.javac.JavacTypeElement$packageName$2: loaded 3 times (x 79B)
Class kotlin.reflect.jvm.internal.KClassImpl$Data$allStaticMembers$2                  : loaded 3 times (x 79B)
Class dagger.hilt.android.processor.internal.androidentrypoint.$AutoValue_AndroidEntryPointMetadata: loaded 3 times (x 92B)
Class dagger.spi.internal.shaded.androidx.room.compiler.processing.javac.JavacTypeElement$allFieldsIncludingPrivateSupers$1: loaded 3 times (x 79B)
Class dagger.spi.internal.shaded.androidx.room.jarjarred.kotlinx.metadata.internal.protobuf.WireFormat$FieldType$2: loaded 3 times (x 83B)
Class dagger.internal.codegen.binding.FrameworkField                                  : loaded 3 times (x 73B)
Class net.ltgt.gradle.incap.IncrementalAnnotationProcessorType                        : loaded 3 times (x 79B)
Class dagger.internal.codegen.writing.ProductionBindingRepresentation_Factory_Impl    : loaded 3 times (x 75B)
Class dagger.internal.codegen.writing.OptionalRequestRepresentation_Factory           : loaded 3 times (x 72B)
Class dagger.spi.model.BindingGraph$MaybeBinding                                      : loaded 3 times (x 70B)
Class dagger.spi.internal.shaded.kotlinx.metadata.jvm.KotlinClassMetadata$Class$classData$2: loaded 3 times (x 79B)
Class dagger.spi.model.Key$MultibindingContributionIdentifier                         : loaded 3 times (x 73B)
Class dagger.internal.codegen.binding.AutoValue_MembersInjectionBinding               : loaded 3 times (x 85B)
Class dagger.spi.model.AutoValue_Key_MultibindingContributionIdentifier               : loaded 3 times (x 74B)
Class dagger.spi.internal.shaded.androidx.room.compiler.processing.javac.JavacFieldElement$setter$2: loaded 3 times (x 79B)
Class dagger.spi.internal.shaded.androidx.room.compiler.processing.javac.kotlin.KmFunctionContainerImpl: loaded 3 times (x 100B)
Class dagger.hilt.processor.internal.DaggerModelsKt                                   : loaded 3 times (x 71B)
Class dagger.internal.codegen.xprocessing.XMethodElements                             : loaded 3 times (x 71B)
Class dagger.spi.internal.shaded.androidx.room.compiler.processing.javac.JavacMethodType: loaded 3 times (x 91B)
Class [Ldagger.spi.model.DaggerProcessingEnv$Backend;                                 : loaded 3 times (x 69B)
Class dagger.spi.model.DaggerProcessingEnv                                            : loaded 3 times (x 75B)
Class [Ldagger.internal.codegen.compileroption.ProcessingEnvironmentCompilerOptions$Feature;: loaded 3 times (x 69B)
Class dagger.internal.codegen.bindinggraphvalidation.ProvisionDependencyOnProducerBindingValidator_Factory: loaded 3 times (x 78B)
Class dagger.internal.codegen.DaggerDelegateComponentProcessor_Injector$InjectorImpl  : loaded 3 times (x 75B)
Class dagger.internal.codegen.writing.SimpleMethodRequestRepresentation$Factory       : loaded 3 times (x 70B)
Class com.google.common.collect.SortedMultisetBridge                                  : loaded 3 times (x 70B)
Class dagger.spi.internal.shaded.androidx.room.jarjarred.kotlinx.metadata.Attributes$hasAnnotations$10: loaded 3 times (x 137B)
Class dagger.spi.internal.shaded.androidx.room.jarjarred.kotlinx.metadata.internal.extensions.ExtensionUtilsKt: loaded 3 times (x 71B)
Class dagger.spi.internal.shaded.androidx.room.jarjarred.kotlinx.metadata.internal.extensions.MetadataExtensions$Companion: loaded 3 times (x 71B)
Class dagger.spi.internal.shaded.androidx.room.jarjarred.kotlinx.metadata.internal.metadata.jvm.JvmProtoBuf$StringTableTypes$1: loaded 3 times (x 144B)
Class dagger.spi.internal.shaded.androidx.room.compiler.processing.javac.kotlin.KmClassContainer: loaded 3 times (x 79B)
Class kotlin.reflect.jvm.internal.KClassImpl$Data$sealedSubclasses$2                  : loaded 3 times (x 79B)
Class kotlin.reflect.jvm.internal.KCallableImpl$_annotations$1                        : loaded 3 times (x 79B)
Class com.squareup.kotlinpoet.WildcardTypeName$Companion                              : loaded 3 times (x 71B)
Class dagger.spi.internal.shaded.androidx.room.compiler.processing.CommonProcessorDelegate$processRound$currentElementsDeferredByStep$1$stepDeferredElementsByAnnotation$1: loaded 3 times (x 78B)
Class com.google.common.collect.Maps$FilteredKeyMap                                   : loaded 3 times (x 128B)
Class dagger.spi.model.Binding                                                        : loaded 3 times (x 70B)
Class dagger.spi.internal.shaded.androidx.room.compiler.processing.javac.JavacProcessingEnv$messager$2: loaded 3 times (x 79B)
Class kotlin.reflect.jvm.internal.KClassImpl$Data$inheritedNonStaticMembers$2         : loaded 3 times (x 79B)
Class dagger.spi.internal.shaded.androidx.room.jarjarred.kotlinx.metadata.internal.protobuf.ExtensionRegistryLite$ObjectIntPair: loaded 3 times (x 72B)
Class dagger.spi.internal.shaded.androidx.room.jarjarred.kotlinx.metadata.KmType      : loaded 3 times (x 83B)
Class dagger.internal.codegen.writing.DelegatingFrameworkInstanceCreationExpression_Factory_Impl: loaded 3 times (x 75B)
Class dagger.internal.codegen.writing.FrameworkInstanceBindingRepresentation$1        : loaded 3 times (x 71B)
Class dagger.internal.codegen.writing.DirectInstanceBindingRepresentation             : loaded 3 times (x 72B)
Class dagger.internal.codegen.writing.ComponentRequestRepresentations                 : loaded 3 times (x 72B)
Class dagger.spi.internal.shaded.androidx.room.compiler.processing.XProcessingEnv$Companion: loaded 3 times (x 71B)
Class dagger.internal.codegen.writing.StaticFactoryInstanceSupplier_Factory           : loaded 3 times (x 72B)
Class dagger.internal.codegen.writing.ImmediateFutureRequestRepresentation_Factory_Impl: loaded 3 times (x 75B)
Class dagger.spi.internal.shaded.androidx.room.compiler.processing.javac.kotlin.KmClassContainer$Companion: loaded 3 times (x 71B)
Class dagger.spi.internal.shaded.kotlinx.metadata.NodesKt                             : loaded 3 times (x 71B)
Class dagger.spi.internal.shaded.kotlinx.metadata.internal.protobuf.LazyFieldLite     : loaded 3 times (x 82B)
Class com.google.common.collect.Iterables$8                                           : loaded 3 times (x 81B)
Class dagger.spi.internal.shaded.androidx.room.compiler.processing.javac.TypeMirrorExtKt: loaded 3 times (x 71B)
Class dagger.spi.internal.shaded.androidx.room.compiler.processing.javac.XTypeElementStore: loaded 3 times (x 72B)
Class dagger.internal.codegen.binding.AutoValue_ComponentDescriptor                   : loaded 3 times (x 90B)
Class dagger.internal.codegen.validation.MapKeyValidator                              : loaded 3 times (x 72B)
Class dagger.internal.codegen.base.ElementFormatter_Factory                           : loaded 3 times (x 78B)
Class androidx.room.util.SimpleJavaVersion$Companion                                  : loaded 3 times (x 71B)
Class androidx.room.compiler.processing.XProcessingEnvConfig$Companion                : loaded 3 times (x 71B)
Class androidx.room.compiler.processing.XProcessingEnvConfig                          : loaded 3 times (x 71B)
Class com.google.common.graph.BaseGraph                                               : loaded 3 times (x 70B)
Class dagger.spi.internal.shaded.androidx.room.jarjarred.kotlinx.metadata.internal.metadata.deserialization.BinaryVersion: loaded 3 times (x 74B)
Class dagger.internal.DoubleCheck                                                     : loaded 3 times (x 80B)
Class dagger.internal.codegen.writing.OptionalFactories_PerGeneratedFileCache_Factory : loaded 3 times (x 78B)
Class dagger.spi.internal.shaded.androidx.room.compiler.processing.javac.JavacDeclaredType: loaded 3 times (x 187B)
Class dagger.spi.internal.shaded.androidx.room.compiler.processing.javac.JavacAnnotation$annotationValues$2: loaded 3 times (x 79B)
Class dagger.spi.internal.shaded.androidx.room.jarjarred.kotlinx.metadata.internal.ReadersKt: loaded 3 times (x 71B)
Class dagger.hilt.processor.internal.HiltCompilerOptions                              : loaded 3 times (x 71B)
Class dagger.spi.internal.shaded.androidx.room.jarjarred.kotlinx.metadata.jvm.internal.JvmClassExtension: loaded 3 times (x 93B)
Class dagger.spi.internal.shaded.androidx.room.jarjarred.kotlinx.metadata.internal.metadata.ProtoBuf$Constructor: loaded 3 times (x 124B)
Class dagger.spi.internal.shaded.androidx.room.jarjarred.kotlinx.metadata.internal.metadata.deserialization.Flags: loaded 3 times (x 71B)
Class dagger.spi.internal.shaded.androidx.room.jarjarred.kotlinx.metadata.Attributes$hasAnnotations$18: loaded 3 times (x 137B)
Class dagger.internal.codegen.writing.SubcomponentCreatorRequestRepresentation        : loaded 3 times (x 74B)
Class dagger.internal.codegen.writing.ComponentRequestRepresentations$1               : loaded 3 times (x 71B)
Class dagger.spi.internal.shaded.androidx.room.jarjarred.kotlinx.metadata.internal.ReadUtilsKt: loaded 3 times (x 71B)
Class dagger.internal.codegen.writing.ProviderInstanceSupplier_Factory                : loaded 3 times (x 72B)
Class dagger.spi.internal.shaded.kotlinx.metadata.KmProperty                          : loaded 3 times (x 81B)
Class dagger.spi.internal.shaded.kotlinx.metadata.jvm.JvmMethodSignature              : loaded 3 times (x 75B)
Class dagger.spi.internal.shaded.kotlinx.metadata.jvm.JvmClassExtensionVisitor        : loaded 3 times (x 87B)
Class dagger.internal.codegen.base.OptionalType                                       : loaded 3 times (x 75B)
Class [Ldagger.internal.codegen.binding.ComponentRequirement$Kind;                    : loaded 3 times (x 69B)
Class com.google.common.graph.ValueGraph                                              : loaded 3 times (x 70B)
Class dagger.internal.codegen.model.BindingGraph$Edge                                 : loaded 3 times (x 70B)
Class dagger.internal.codegen.validation.BindsInstanceParameterValidator              : loaded 3 times (x 78B)
Class [Ldagger.internal.codegen.validation.BindingElementValidator$AllowsMultibindings;: loaded 3 times (x 69B)
Class dagger.spi.internal.shaded.androidx.room.compiler.processing.javac.JavacMethodElement$parameters$2$1$1: loaded 3 times (x 79B)
Class com.google.common.graph.EndpointPair$Ordered                                    : loaded 3 times (x 83B)
Class com.google.common.graph.Network                                                 : loaded 3 times (x 70B)
Class dagger.internal.codegen.bindinggraphvalidation.NullableBindingValidator_Factory : loaded 3 times (x 79B)
Class dagger.hilt.android.processor.internal.androidentrypoint.InjectorEntryPointGenerator: loaded 3 times (x 72B)
Class dagger.internal.codegen.binding.InjectionSiteFactory_Factory                    : loaded 3 times (x 79B)
Class dagger.spi.internal.shaded.androidx.room.jarjarred.kotlinx.metadata.internal.FlagDelegatesImplKt$propertyBooleanFlag$1: loaded 3 times (x 137B)
Class dagger.spi.internal.shaded.androidx.room.jarjarred.kotlinx.metadata.internal.metadata.jvm.deserialization.JvmProtoBufUtil: loaded 3 times (x 71B)
Class dagger.spi.internal.shaded.androidx.room.compiler.processing.javac.JavacTypeElement$Companion$WhenMappings: loaded 3 times (x 71B)
Class dagger.spi.internal.shaded.androidx.room.compiler.processing.javac.JavacProcessingEnvMessager: loaded 3 times (x 73B)
Class dagger.internal.codegen.validation.ModuleValidator$ModuleMethodKind             : loaded 3 times (x 79B)
Class dagger.internal.codegen.compileroption.ProcessingEnvironmentCompilerOptions$EnumOption: loaded 3 times (x 70B)
Class dagger.spi.internal.shaded.androidx.room.compiler.processing.javac.JavacRawType : loaded 3 times (x 79B)
Class dagger.internal.codegen.writing.SetRequestRepresentation                        : loaded 3 times (x 74B)
Class dagger.internal.codegen.javapoet.TypeSpecs                                      : loaded 3 times (x 71B)
Class dagger.internal.codegen.processingstep.ComponentProcessingStep_Factory          : loaded 3 times (x 79B)
Class dagger.spi.model.AutoValue_DependencyRequest                                    : loaded 3 times (x 76B)
Class dagger.internal.codegen.compileroption.ProcessingEnvironmentCompilerOptions$Validation$1: loaded 3 times (x 93B)
Class dagger.spi.internal.shaded.kotlinx.metadata.internal.metadata.deserialization.Flags$FlagField: loaded 3 times (x 73B)
Class dagger.spi.internal.shaded.kotlinx.metadata.internal.metadata.ProtoBuf$Property : loaded 3 times (x 148B)
Class dagger.internal.codegen.model.AutoValue_ComponentPath                           : loaded 3 times (x 75B)
Class dagger.spi.internal.shaded.auto.common.AnnotationOutput                         : loaded 3 times (x 71B)
Class dagger.spi.internal.shaded.androidx.room.compiler.processing.ksp.KSTypeJavaPoetExtKt$typeVarNameConstructor$2: loaded 3 times (x 78B)
Class [Lcom.squareup.javapoet.TypeName;                                               : loaded 3 times (x 69B)
Class dagger.spi.internal.shaded.androidx.room.compiler.processing.javac.JavacExecutableType$parameterTypes$2: loaded 3 times (x 79B)
Class dagger.internal.codegen.model.Binding                                           : loaded 3 times (x 70B)
Class dagger.internal.codegen.binding.InjectBindingRegistry                           : loaded 3 times (x 70B)
Class [Ldagger.internal.codegen.compileroption.FeatureStatus;                         : loaded 3 times (x 69B)
Class dagger.internal.codegen.validation.BindingMethodValidatorsModule_IndexValidatorsFactory: loaded 3 times (x 79B)
Class androidx.room.compiler.processing.javac.JavacProcessingEnv$typeElementStore$1   : loaded 3 times (x 79B)
Class androidx.room.DatabaseProcessingStep                                            : loaded 3 times (x 79B)
Class androidx.room.compiler.processing.XProcessingEnv$Companion                      : loaded 3 times (x 71B)
Class dagger.internal.codegen.validation.BindingMethodValidator$ExceptionSuperclass   : loaded 3 times (x 81B)
Class dagger.internal.codegen.validation.BindsInstanceParameterValidator$Validator    : loaded 3 times (x 77B)
Class dagger.hilt.processor.internal.ComponentDescriptor                              : loaded 3 times (x 76B)
Class dagger.internal.codegen.binding.$AutoValue_OptionalBindingDeclaration           : loaded 3 times (x 75B)
Class dagger.internal.codegen.bindinggraphvalidation.DuplicateBindingsValidator       : loaded 3 times (x 85B)
Class com.google.common.collect.Collections2                                          : loaded 3 times (x 71B)
Class dagger.spi.internal.shaded.androidx.room.jarjarred.kotlinx.metadata.Attributes$hasAnnotations$6: loaded 3 times (x 137B)
Class dagger.spi.internal.shaded.androidx.room.jarjarred.kotlinx.metadata.KmTypeExtensionVisitor: loaded 3 times (x 70B)
Class dagger.spi.internal.shaded.androidx.room.jarjarred.kotlinx.metadata.internal.metadata.ProtoBuf$Contract: loaded 3 times (x 107B)
Class dagger.spi.internal.shaded.androidx.room.jarjarred.kotlinx.metadata.internal.metadata.jvm.JvmProtoBuf: loaded 3 times (x 71B)
Class dagger.internal.codegen.processingstep.ComponentProcessingStep                  : loaded 3 times (x 86B)
Class com.squareup.kotlinpoet.ClassName$special$$inlined$thenBy$1                     : loaded 3 times (x 90B)
Class dagger.spi.internal.shaded.kotlinx.metadata.jvm.JvmMetadataUtil                 : loaded 3 times (x 71B)
Class dagger.hilt.processor.internal.definecomponent.DefineComponentProcessor         : loaded 3 times (x 100B)
Class dagger.internal.codegen.writing.ProviderInstanceRequestRepresentation$1         : loaded 3 times (x 71B)
Class dagger.internal.codegen.binding.AutoValue_MethodSignature                       : loaded 3 times (x 75B)
Class dagger.internal.codegen.writing.ComponentImplementation$CompilerMode            : loaded 3 times (x 79B)
Class dagger.internal.codegen.base.AutoValue_OptionalType                             : loaded 3 times (x 75B)
Class dagger.spi.model.$AutoValue_Key                                                 : loaded 3 times (x 80B)
Class dagger.spi.internal.shaded.kotlinx.metadata.Flag                                : loaded 3 times (x 71B)
Class dagger.spi.internal.shaded.kotlinx.metadata.internal.metadata.ProtoBuf$Type     : loaded 3 times (x 145B)
Class dagger.spi.internal.shaded.kotlinx.metadata.internal.protobuf.Parser            : loaded 3 times (x 70B)
Class dagger.spi.internal.shaded.androidx.room.compiler.processing.javac.kotlin.JvmDescriptorTypeVisitor$WhenMappings: loaded 3 times (x 71B)
Class dagger.spi.internal.shaded.androidx.room.jarjarred.kotlinx.metadata.internal.metadata.ProtoBuf$VersionRequirement$VersionKind: loaded 3 times (x 82B)
Class dagger.internal.codegen.base.Keys                                               : loaded 3 times (x 71B)
Class dagger.internal.codegen.validation.MapKeyValidator_Factory                      : loaded 3 times (x 79B)
Class dagger.internal.codegen.binding.ComponentDescriptor_Factory_Factory             : loaded 3 times (x 79B)
Class androidx.room.compiler.processing.javac.JavacProcessingEnv$typeElementStore$2   : loaded 3 times (x 78B)
Class [Lkotlin.reflect.jvm.internal.impl.builtins.functions.FunctionClassKind;        : loaded 3 times (x 69B)
Class dagger.spi.internal.shaded.kotlinx.metadata.jvm.internal.JvmTypeExtension       : loaded 3 times (x 86B)
Class dagger.spi.internal.shaded.androidx.room.jarjarred.kotlinx.metadata.Attributes$hasAnnotations$14: loaded 3 times (x 137B)
Class dagger.spi.internal.shaded.androidx.room.jarjarred.kotlinx.metadata.internal.metadata.deserialization.VersionRequirementTable$Companion: loaded 3 times (x 71B)
Class dagger.spi.internal.shaded.androidx.room.jarjarred.kotlinx.metadata.KmDeclarationContainerExtensionVisitor: loaded 3 times (x 70B)
Class dagger.spi.internal.shaded.androidx.room.jarjarred.kotlinx.metadata.jvm.internal.JvmMetadataExtensions: loaded 3 times (x 103B)
Class dagger.spi.internal.shaded.androidx.room.jarjarred.kotlinx.metadata.internal.metadata.ProtoBuf$TypeParameter: loaded 3 times (x 130B)
Class dagger.spi.internal.shaded.androidx.room.jarjarred.kotlinx.metadata.internal.protobuf.LazyFieldLite: loaded 3 times (x 82B)
Class dagger.spi.internal.shaded.androidx.room.compiler.processing.javac.JavacMethodElement$propertyName$2: loaded 3 times (x 79B)
Class dagger.spi.internal.shaded.kotlinx.metadata.internal.metadata.jvm.deserialization.ClassMapperLite: loaded 3 times (x 71B)
Class com.squareup.kotlinpoet.ClassName$special$$inlined$thenBy$2                     : loaded 3 times (x 90B)
Class com.squareup.kotlinpoet.Taggable                                                : loaded 3 times (x 70B)
Class dagger.spi.internal.shaded.androidx.room.compiler.processing.javac.JavacRoundEnv: loaded 3 times (x 77B)
Class dagger.spi.internal.shaded.kotlinx.metadata.jvm.JvmExtensionsKt                 : loaded 3 times (x 71B)
Class dagger.internal.codegen.kotlin.AutoValue_KotlinMetadata_PropertyMetadata        : loaded 3 times (x 78B)
Class dagger.internal.codegen.kotlin.AutoValue_KotlinMetadata_ValueParameterMetadata  : loaded 3 times (x 75B)
Class dagger.internal.codegen.writing.FrameworkInstanceKind                           : loaded 3 times (x 79B)
Class dagger.internal.codegen.kotlin.AutoValue_KotlinMetadata_PropertyMetadata$Builder: loaded 3 times (x 82B)
Class dagger.internal.codegen.binding.BindingGraphFactory$Resolver$LegacyRequiresResolutionChecker: loaded 3 times (x 72B)
Class [Lcom.google.common.graph.GraphConstants$Presence;                              : loaded 3 times (x 69B)
Class androidx.room.compiler.processing.XProcessingStep                               : loaded 3 times (x 70B)
Class com.squareup.javapoet.CodeBlock$CodeBlockJoiner                                 : loaded 3 times (x 72B)
Class dagger.internal.codegen.writing.SubcomponentCreatorRequestRepresentation_Factory: loaded 3 times (x 72B)
Class dagger.internal.codegen.writing.PrivateMethodRequestRepresentation_Factory_Impl : loaded 3 times (x 75B)
Class dagger.spi.model.AutoValue_ComponentPath                                        : loaded 3 times (x 75B)
Class dagger.internal.codegen.writing.ComponentRequirementExpressions_Factory         : loaded 3 times (x 79B)
Class [Ldagger.internal.codegen.binding.MembersInjectionBinding$InjectionSite$Kind;   : loaded 3 times (x 69B)
Class dagger.spi.internal.shaded.kotlinx.metadata.internal.metadata.ProtoBuf$Visibility$1: loaded 3 times (x 74B)
Class dagger.internal.codegen.model.AutoValue_DaggerTypeElement                       : loaded 3 times (x 75B)
Class dagger.spi.internal.shaded.androidx.room.compiler.processing.javac.kotlin.JvmDescriptorTypeVisitor: loaded 3 times (x 99B)
Class dagger.internal.codegen.validation.SpiModelBindingGraphConverter$BindingNodeImpl: loaded 3 times (x 104B)
Class dagger.internal.codegen.writing.ComponentMethodRequestRepresentation_Factory_Impl: loaded 3 times (x 75B)
Class dagger.internal.codegen.binding.DelegateDeclaration$Factory                     : loaded 3 times (x 72B)
Class dagger.internal.codegen.binding.MonitoringModules                               : loaded 3 times (x 75B)
Class [Ldagger.internal.codegen.compileroption.ProcessingEnvironmentCompilerOptions$Validation;: loaded 3 times (x 69B)
Class dagger.internal.codegen.binding.DependencyRequestFactory_Factory                : loaded 3 times (x 79B)
Class dagger.internal.codegen.ProcessingEnvironmentModule_ProcessingOptionsFactory    : loaded 3 times (x 79B)
Class dagger.internal.codegen.kotlin.KotlinMetadataUtil_Factory                       : loaded 3 times (x 79B)
Class androidx.room.compiler.processing.javac.JavacProcessingEnv$typeElementStore$3   : loaded 3 times (x 79B)
Class dagger.hilt.processor.internal.root.ComponentTreeDepsProcessor                  : loaded 3 times (x 100B)
Class dagger.hilt.processor.internal.earlyentrypoint.AggregatedEarlyEntryPointMetadata: loaded 3 times (x 73B)
Class dagger.hilt.processor.internal.uninstallmodules.AggregatedUninstallModulesMetadata: loaded 3 times (x 74B)
Class dagger.spi.internal.shaded.androidx.room.compiler.processing.XVariableElement   : loaded 3 times (x 70B)
Class dagger.hilt.processor.internal.uninstallmodules.UninstallModulesProcessor       : loaded 3 times (x 100B)
Class dagger.internal.codegen.writing.SetRequestRepresentation_Factory_Impl           : loaded 3 times (x 75B)
Class dagger.spi.internal.shaded.androidx.room.compiler.processing.javac.JavacMethodElement$name$2: loaded 3 times (x 79B)
Class [Ldagger.spi.internal.shaded.androidx.room.jarjarred.kotlinx.metadata.internal.metadata.ProtoBuf$Class$Kind;: loaded 3 times (x 69B)
Class dagger.spi.internal.shaded.androidx.room.jarjarred.kotlinx.metadata.internal.protobuf.RopeByteString$RopeInputStream: loaded 3 times (x 92B)
Class dagger.spi.internal.shaded.androidx.room.jarjarred.kotlinx.metadata.internal.metadata.jvm.JvmProtoBuf$JvmPropertySignature: loaded 3 times (x 114B)
Class dagger.spi.internal.shaded.androidx.room.compiler.processing.javac.JavacAnnotationValueKt$UNWRAP_VISITOR$1: loaded 3 times (x 103B)
Class [Lcom.squareup.javapoet.TypeSpec$Kind;                                          : loaded 3 times (x 69B)
Class dagger.internal.codegen.writing.DirectInstanceBindingRepresentation$Factory     : loaded 3 times (x 70B)
Class dagger.spi.internal.shaded.androidx.room.jarjarred.kotlinx.metadata.internal.protobuf.AbstractMessageLite: loaded 3 times (x 98B)
Class dagger.spi.internal.shaded.androidx.room.jarjarred.kotlinx.metadata.internal.metadata.jvm.JvmProtoBuf$StringTableTypesOrBuilder: loaded 3 times (x 70B)
Class dagger.spi.internal.shaded.androidx.room.jarjarred.kotlinx.metadata.Attributes$visibility$2: loaded 3 times (x 137B)
Class dagger.internal.codegen.binding.BindingFactory_Factory                          : loaded 3 times (x 79B)
Class dagger.internal.codegen.base.DaggerSuperficialValidation                        : loaded 3 times (x 72B)
Class dagger.internal.codegen.DelegateComponentProcessor_SourceFileGeneratorsModule_MembersInjectorGeneratorFactory: loaded 3 times (x 79B)
Class dagger.internal.codegen.validation.ValidationBindingGraphPlugins                : loaded 3 times (x 72B)
Class dagger.internal.codegen.writing.SwitchingProviders$1                            : loaded 3 times (x 78B)
Class dagger.internal.codegen.writing.FrameworkInstanceRequestRepresentation          : loaded 3 times (x 76B)
Class dagger.internal.codegen.writing.ComponentRequirementExpressions                 : loaded 3 times (x 72B)
Class dagger.internal.codegen.writing.InjectionOrProvisionProviderCreationExpression$Factory: loaded 3 times (x 70B)
Class dagger.internal.codegen.writing.ComponentRequirementRequestRepresentation_Factory: loaded 3 times (x 72B)
Class dagger.internal.codegen.validation.AutoValue_SpiModelBindingGraphConverter_DaggerElementImpl: loaded 3 times (x 76B)
Class com.google.common.graph.GraphBuilder                                            : loaded 3 times (x 72B)
Class dagger.internal.codegen.validation.ValidationBindingGraphPlugins_Factory        : loaded 3 times (x 79B)
Class dagger.internal.codegen.validation.InjectValidator                              : loaded 3 times (x 75B)
Class dagger.spi.internal.shaded.kotlinx.metadata.KmClassifier$Class                  : loaded 3 times (x 72B)
Class dagger.spi.internal.shaded.kotlinx.metadata.internal.metadata.ProtoBuf$Function : loaded 3 times (x 149B)
Class dagger.spi.internal.shaded.androidx.room.jarjarred.kotlinx.metadata.KmPropertyExtensionVisitor: loaded 3 times (x 70B)
Class dagger.internal.codegen.binding.ResolvedBindings                                : loaded 3 times (x 80B)
Class dagger.internal.codegen.binding.ComponentCreatorDescriptor                      : loaded 3 times (x 79B)
Class dagger.internal.codegen.base.SetType                                            : loaded 3 times (x 77B)
Class [Ldagger.internal.codegen.base.ModuleKind;                                      : loaded 3 times (x 69B)
Class dagger.internal.codegen.validation.InjectBindingRegistryImpl                    : loaded 3 times (x 81B)
Class dagger.internal.codegen.base.DaggerSuperficialValidation$ValidationException    : loaded 3 times (x 83B)
Class dagger.internal.codegen.compileroption.ProcessingEnvironmentCompilerOptions$Feature: loaded 3 times (x 90B)
Class dagger.hilt.processor.internal.aggregateddeps.PkgPrivateMetadata                : loaded 3 times (x 75B)
Class com.google.common.graph.MapIteratorCache                                        : loaded 3 times (x 75B)
Class com.google.common.graph.MutableGraph                                            : loaded 3 times (x 70B)
Class dagger.internal.codegen.writing.ProducerFactoryGenerator_Factory                : loaded 3 times (x 79B)
Class dagger.internal.codegen.base.ModuleAnnotation                                   : loaded 3 times (x 76B)
Class dagger.internal.codegen.writing.DelegatingFrameworkInstanceCreationExpression$Factory: loaded 3 times (x 70B)
Class dagger.spi.internal.shaded.androidx.room.compiler.processing.javac.TypeMirrorExtKt$extendsBound$1: loaded 3 times (x 101B)
Class dagger.spi.internal.shaded.androidx.room.compiler.processing.javac.kotlin.KmClassContainer$constructorList$2: loaded 3 times (x 79B)
Class dagger.spi.internal.shaded.androidx.room.jarjarred.kotlinx.metadata.internal.extensions.KmExtension: loaded 3 times (x 70B)
Class dagger.spi.internal.shaded.androidx.room.jarjarred.kotlinx.metadata.internal.protobuf.LazyField: loaded 3 times (x 83B)
Class dagger.spi.internal.shaded.androidx.room.compiler.processing.javac.JavacAnnotationValue$value$2: loaded 3 times (x 79B)
Class dagger.spi.internal.shaded.androidx.room.compiler.codegen.XClassName$Companion  : loaded 3 times (x 71B)
Class dagger.spi.internal.shaded.androidx.room.compiler.processing.javac.JavacElement$docComment$2: loaded 3 times (x 79B)
Class dagger.internal.codegen.binding.AutoValue_ComponentDescriptor_ComponentMethodDescriptor: loaded 3 times (x 75B)
Class dagger.internal.codegen.processingstep.ProcessingStepsModule                    : loaded 3 times (x 70B)
Class dagger.hilt.android.processor.internal.viewmodel.ViewModelValidationPluginKt$WhenMappings: loaded 3 times (x 71B)
Class dagger.spi.internal.shaded.androidx.room.jarjarred.kotlinx.metadata.KmProperty  : loaded 3 times (x 81B)
Class dagger.spi.internal.shaded.kotlinx.metadata.internal.metadata.ProtoBuf$ValueParameterOrBuilder: loaded 3 times (x 70B)
Class dagger.spi.internal.shaded.kotlinx.metadata.internal.metadata.ProtoBuf$TypeParameter$1: loaded 3 times (x 144B)
Class dagger.spi.internal.shaded.kotlinx.metadata.jvm.internal.JvmPropertyExtension   : loaded 3 times (x 88B)
Class com.google.common.base.Joiner$3                                                 : loaded 3 times (x 199B)
Class dagger.internal.codegen.writing.MembersInjectionRequestRepresentation           : loaded 3 times (x 74B)
Class dagger.internal.codegen.writing.ComponentCreatorImplementationFactory$RequirementStatus: loaded 3 times (x 79B)
Class dagger.internal.codegen.writing.ProducerFromProviderCreationExpression$Factory  : loaded 3 times (x 70B)
Class dagger.spi.model.BindingGraph$DependencyEdge                                    : loaded 3 times (x 70B)
Class dagger.internal.codegen.kotlin.KotlinMetadata$ClassMetadata                     : loaded 3 times (x 78B)
Class dagger.spi.internal.shaded.kotlinx.metadata.KmDeclarationContainerExtensionVisitor: loaded 3 times (x 70B)
Class dagger.internal.codegen.kotlin.$AutoValue_KotlinMetadata                        : loaded 3 times (x 80B)
Class dagger.spi.internal.shaded.androidx.room.compiler.processing.javac.kotlin.KmPropertyContainer: loaded 3 times (x 79B)
Class dagger.spi.internal.shaded.androidx.room.compiler.processing.util.NamingUtilsKt : loaded 3 times (x 71B)
Class dagger.internal.codegen.binding.ComponentDescriptor$ComponentMethodDescriptor   : loaded 3 times (x 74B)
Class dagger.spi.internal.shaded.androidx.room.compiler.processing.javac.JavacPackageElement: loaded 3 times (x 193B)
Class dagger.internal.codegen.model.AutoValue_DaggerElement                           : loaded 3 times (x 74B)
Class dagger.internal.codegen.base.DaggerSuperficialValidation$ValidationException$KnownErrorType: loaded 3 times (x 83B)
Class dagger.spi.internal.shaded.androidx.room.jarjarred.kotlinx.metadata.KmExtensionVisitor: loaded 3 times (x 70B)
Class dagger.spi.internal.shaded.androidx.room.jarjarred.kotlinx.metadata.internal.metadata.ProtoBuf$Modality$1: loaded 3 times (x 74B)
Class dagger.spi.internal.shaded.androidx.room.jarjarred.kotlinx.metadata.internal.metadata.jvm.JvmProtoBuf$JvmFieldSignature$1: loaded 3 times (x 144B)
Class dagger.spi.internal.shaded.androidx.room.jarjarred.kotlinx.metadata.internal.protobuf.WireFormat$FieldType$1: loaded 3 times (x 83B)
Class dagger.spi.internal.shaded.androidx.room.jarjarred.kotlinx.metadata.internal.protobuf.ByteString: loaded 3 times (x 108B)
Class dagger.spi.internal.shaded.kotlinx.metadata.internal.protobuf.Internal$EnumLite : loaded 3 times (x 70B)
Class dagger.internal.codegen.writing.DirectInstanceBindingRepresentation_Factory_Impl: loaded 3 times (x 75B)
Class dagger.spi.internal.shaded.androidx.room.compiler.processing.XEquality$Companion: loaded 3 times (x 71B)
Class dagger.internal.codegen.kotlin.AutoValue_KotlinMetadata_FunctionMetadata        : loaded 3 times (x 77B)
Class androidx.room.compiler.processing.javac.JavacBasicAnnotationProcessor$xEnv$2    : loaded 3 times (x 79B)
Class com.google.common.graph.AbstractDirectedNetworkConnections                      : loaded 3 times (x 98B)
Class dagger.spi.internal.shaded.kotlinx.metadata.internal.metadata.deserialization.Flags$EnumLiteFlagField: loaded 3 times (x 76B)
Class dagger.internal.codegen.bindinggraphvalidation.AutoValue_DuplicateBindingsValidator_BindingWithoutComponent: loaded 3 times (x 76B)
Class org.gradle.api.internal.classpath.GlobalCacheRootsProvider                      : loaded 2 times (x 70B)
Class com.google.common.collect.RangeSet                                              : loaded 2 times (x 70B)
Class org.jetbrains.org.objectweb.asm.MethodWriter                                    : loaded 2 times (x 105B)
Class org.objectweb.asm.MethodVisitor                                                 : loaded 2 times (x 105B)
Class org.objectweb.asm.Frame                                                         : loaded 2 times (x 73B)
Class com.google.common.collect.RangeGwtSerializationDependencies                     : loaded 2 times (x 71B)
Class com.google.common.collect.MapMakerInternalMap$InternalEntryHelper               : loaded 2 times (x 70B)
Class com.google.common.io.ByteSource$AsCharSource                                    : loaded 2 times (x 86B)
Class org.jetbrains.org.objectweb.asm.RecordComponentWriter                           : loaded 2 times (x 78B)
Class org.objectweb.asm.ClassTooLargeException                                        : loaded 2 times (x 83B)
Class org.objectweb.asm.CurrentFrame                                                  : loaded 2 times (x 73B)
Class org.objectweb.asm.Label                                                         : loaded 2 times (x 73B)
Class com.google.common.io.CharSink                                                   : loaded 2 times (x 79B)
Class com.google.common.base.PatternCompiler                                          : loaded 2 times (x 70B)
Class com.google.common.util.concurrent.AbstractFuture$Failure                        : loaded 2 times (x 72B)
Class com.google.common.hash.PrimitiveSink                                            : loaded 2 times (x 70B)
Class [Lorg.jetbrains.org.objectweb.asm.AnnotationVisitor;                            : loaded 2 times (x 69B)
Class org.objectweb.asm.MethodWriter                                                  : loaded 2 times (x 106B)
Class com.google.common.io.ByteStreams$LimitedInputStream                             : loaded 2 times (x 92B)
Class com.google.common.util.concurrent.AbstractFuture$TrustedFuture                  : loaded 2 times (x 114B)
Class com.google.common.cache.LocalCache$StrongEntry                                  : loaded 2 times (x 108B)
Class org.jetbrains.org.objectweb.asm.Frame                                           : loaded 2 times (x 73B)
Class org.gradle.internal.classloader.SystemClassLoaderSpec                           : loaded 2 times (x 71B)
Class com.google.common.base.CharMatcher$SingleWidth                                  : loaded 2 times (x 112B)
Class org.objectweb.asm.SymbolTable                                                   : loaded 2 times (x 72B)
Class com.google.common.collect.ImmutableRangeSet$ComplementRanges                    : loaded 2 times (x 207B)
Class org.jetbrains.org.objectweb.asm.Label                                           : loaded 2 times (x 72B)
Class org.jetbrains.org.objectweb.asm.Attribute                                       : loaded 2 times (x 75B)
Class com.google.common.collect.CollectCollectors                                     : loaded 2 times (x 71B)
Class org.objectweb.asm.ModuleWriter                                                  : loaded 2 times (x 82B)
Class org.gradle.internal.IoActions                                                   : loaded 2 times (x 71B)
Class com.google.common.base.CharMatcher$Whitespace                                   : loaded 2 times (x 112B)
Class com.google.common.cache.LocalCache$AbstractReferenceEntry                       : loaded 2 times (x 107B)
Class [Lcom.google.common.collect.MapMaker$Dummy;                                     : loaded 2 times (x 69B)
Class com.google.common.io.Files                                                      : loaded 2 times (x 71B)
Class com.google.common.collect.Iterables$4                                           : loaded 2 times (x 81B)
Class com.google.common.collect.MapMakerInternalMap$StrongKeyDummyValueSegment        : loaded 2 times (x 142B)
Class com.google.common.cache.LocalCache$HashIterator                                 : loaded 2 times (x 86B)
Class [Lorg.jetbrains.org.objectweb.asm.Symbol;                                       : loaded 2 times (x 69B)
Class com.google.common.base.CharMatcher$JavaLowerCase                                : loaded 2 times (x 111B)
Class [Lcom.google.common.io.FileWriteMode;                                           : loaded 2 times (x 69B)
Class [Lcom.google.common.collect.MapMakerInternalMap$Strength;                       : loaded 2 times (x 69B)
Class com.google.common.cache.RemovalCause$5                                          : loaded 2 times (x 80B)
Class kotlin.io.FilesKt                                                               : loaded 2 times (x 71B)
Class com.google.common.base.CharMatcher$JavaIsoControl                               : loaded 2 times (x 112B)
Class com.google.common.cache.RemovalCause$4                                          : loaded 2 times (x 80B)
Class org.jetbrains.org.objectweb.asm.SymbolTable$Entry                               : loaded 2 times (x 74B)
Class org.gradle.api.GradleException                                                  : loaded 2 times (x 82B)
Class com.google.common.base.CharMatcher$Digit                                        : loaded 2 times (x 112B)
Class com.google.common.base.AbstractIterator$1                                       : loaded 2 times (x 71B)
Class com.google.common.cache.RemovalCause$3                                          : loaded 2 times (x 80B)
Class com.google.common.collect.AbstractRangeSet                                      : loaded 2 times (x 114B)
Class [Lkotlin.jvm.functions.Function1;                                               : loaded 2 times (x 69B)
Class org.jetbrains.org.objectweb.asm.RecordComponentVisitor                          : loaded 2 times (x 77B)
Class com.google.common.collect.CollectSpliterators$1                                 : loaded 2 times (x 90B)
Class com.google.common.collect.MapMakerInternalMap$WeakValueReference                : loaded 2 times (x 70B)
Class com.google.common.cache.RemovalCause$2                                          : loaded 2 times (x 80B)
Class org.gradle.internal.classpath.DefaultClassPath$ImmutableUniqueList$Builder      : loaded 2 times (x 75B)
Class com.google.common.cache.RemovalCause$1                                          : loaded 2 times (x 80B)
Class com.google.common.base.Strings                                                  : loaded 2 times (x 71B)
Class org.objectweb.asm.Handler                                                       : loaded 2 times (x 72B)
Class com.google.common.collect.MapMakerInternalMap                                   : loaded 2 times (x 161B)
Class com.google.common.collect.HashBiMap                                             : loaded 2 times (x 143B)
Class org.gradle.api.Action                                                           : loaded 2 times (x 70B)
Class org.gradle.internal.Cast                                                        : loaded 2 times (x 71B)
Class Settings_gradle                                                                 : loaded 2 times (x 128B)
Class com.google.common.util.concurrent.AbstractFuture$Waiter                         : loaded 2 times (x 72B)
Class com.google.common.collect.ImmutableList$SerializedForm                          : loaded 2 times (x 73B)
Class org.gradle.internal.classloader.VisitableURLClassLoader                         : loaded 2 times (x 117B)
Class org.objectweb.asm.Attribute                                                     : loaded 2 times (x 77B)
Class [Lorg.objectweb.asm.Label;                                                      : loaded 2 times (x 69B)
Class Settings_gradle$1$1                                                             : loaded 2 times (x 74B)
Class com.google.common.util.concurrent.AbstractFuture$Listener                       : loaded 2 times (x 72B)
Class org.jetbrains.org.objectweb.asm.MethodTooLargeException                         : loaded 2 times (x 83B)
Class org.jetbrains.org.objectweb.asm.Context                                         : loaded 2 times (x 72B)
Class kotlin.sequences.ConstrainedOnceSequence                                        : loaded 2 times (x 75B)
Class com.google.common.io.ByteStreams$1                                              : loaded 2 times (x 85B)
Class org.objectweb.asm.RecordComponentWriter                                         : loaded 2 times (x 78B)
Class com.google.common.io.LineProcessor                                              : loaded 2 times (x 70B)
Class com.google.common.io.Closer$Suppressor                                          : loaded 2 times (x 70B)
Class com.google.common.collect.Interners                                             : loaded 2 times (x 71B)
Class org.objectweb.asm.AnnotationWriter                                              : loaded 2 times (x 79B)
Class com.google.common.io.ByteSource$EmptyByteSource                                 : loaded 2 times (x 85B)
Class org.gradle.internal.classloader.ClassLoaderSpec                                 : loaded 2 times (x 71B)
Class com.google.common.base.CharMatcher$Ascii                                        : loaded 2 times (x 112B)
Class com.google.common.io.Java8Compatibility                                         : loaded 2 times (x 71B)
Class com.google.common.io.Closer                                                     : loaded 2 times (x 78B)
Class org.objectweb.asm.Symbol                                                        : loaded 2 times (x 73B)
Class [Lorg.jetbrains.kotlin.build.report.metrics.GradleBuildTime;                    : loaded 2 times (x 69B)
Class kotlin.sequences.FilteringSequence                                              : loaded 2 times (x 75B)
Class org.gradle.internal.classpath.DefaultClassPath                                  : loaded 2 times (x 90B)
Class org.gradle.internal.classloader.VisitableURLClassLoader$Spec                    : loaded 2 times (x 74B)
Class org.objectweb.asm.ByteVector                                                    : loaded 2 times (x 79B)
Class com.google.common.io.Files$FileByteSink                                         : loaded 2 times (x 77B)
Class com.google.common.collect.MapMakerInternalMap$StrongKeyDummyValueEntry$Helper   : loaded 2 times (x 79B)
Class org.gradle.internal.classloader.VisitableURLClassLoader$InstrumentingVisitableURLClassLoader: loaded 2 times (x 123B)
Class org.objectweb.asm.Type                                                          : loaded 2 times (x 72B)
Class com.google.common.base.CharMatcher$Invisible                                    : loaded 2 times (x 112B)
Class com.google.common.util.concurrent.AbstractFuture$SynchronizedHelper             : loaded 2 times (x 78B)
Class com.google.common.cache.LocalCache$StrongValueReference                         : loaded 2 times (x 90B)
Class com.google.common.collect.ImmutableRangeSet$Builder                             : loaded 2 times (x 77B)
Class com.google.common.collect.Lists$ReverseList$1                                   : loaded 2 times (x 99B)
Class org.jetbrains.org.objectweb.asm.CurrentFrame                                    : loaded 2 times (x 73B)
Class kotlin.collections.ArrayAsCollection                                            : loaded 2 times (x 105B)
Class org.gradle.internal.installation.CurrentGradleInstallationLocator               : loaded 2 times (x 71B)
Class com.google.common.primitives.Ints$IntConverter                                  : loaded 2 times (x 90B)
Class [Lorg.objectweb.asm.AnnotationWriter;                                           : loaded 2 times (x 69B)
Class Build_gradle$2                                                                  : loaded 2 times (x 74B)
Class com.google.common.base.Platform                                                 : loaded 2 times (x 71B)
Class com.google.common.io.LineReader$1                                               : loaded 2 times (x 75B)
Class com.google.common.collect.MapMakerInternalMap$StrongKeyDummyValueEntry          : loaded 2 times (x 82B)
Class org.jetbrains.org.objectweb.asm.Symbol                                          : loaded 2 times (x 73B)
Class com.google.common.collect.MapMaker                                              : loaded 2 times (x 72B)
Class org.jetbrains.kotlin.name.Name                                                  : loaded 2 times (x 75B)
Class org.gradle.api.specs.Spec                                                       : loaded 2 times (x 70B)
Class com.google.common.base.CharMatcher$JavaUpperCase                                : loaded 2 times (x 111B)
Class com.google.common.io.CharSource                                                 : loaded 2 times (x 85B)
Class org.jetbrains.org.objectweb.asm.ModuleVisitor                                   : loaded 2 times (x 80B)
Class com.google.common.util.concurrent.Uninterruptibles                              : loaded 2 times (x 71B)
Class com.google.common.base.Charsets                                                 : loaded 2 times (x 71B)
Class kotlin.io.FileSystemException                                                   : loaded 2 times (x 82B)
Class org.gradle.internal.classloader.ClasspathUtil                                   : loaded 2 times (x 71B)
Class com.google.common.collect.ImmutableBiMapFauxverideShim                          : loaded 2 times (x 120B)
Class org.jetbrains.kotlin.name.ClassId$Companion                                     : loaded 2 times (x 71B)
Class org.jetbrains.kotlin.build.report.metrics.DoNothingBuildMetricsReporter         : loaded 2 times (x 86B)
Class org.jetbrains.kotlin.name.FqName                                                : loaded 2 times (x 72B)
Class org.jetbrains.org.objectweb.asm.Type                                            : loaded 2 times (x 72B)
Class com.google.common.base.CharMatcher$JavaDigit                                    : loaded 2 times (x 111B)
Class com.google.common.collect.Iterators$10                                          : loaded 2 times (x 81B)
Class com.google.common.collect.MapMakerInternalMap$InternalEntry                     : loaded 2 times (x 70B)
Class [Lcom.google.common.collect.HashBiMap$BiEntry;                                  : loaded 2 times (x 69B)
Class org.jetbrains.kotlin.build.report.metrics.BuildTime                             : loaded 2 times (x 70B)
Class org.gradle.internal.service.CachingServiceLocator                               : loaded 2 times (x 82B)
Class com.google.common.collect.ImmutableMap$SerializedForm                           : loaded 2 times (x 73B)
Class org.gradle.internal.classloader.ClassLoaderFactory                              : loaded 2 times (x 70B)
Class com.google.common.base.CharMatcher$JavaLetter                                   : loaded 2 times (x 111B)
Class com.google.common.io.ByteSource$SlicedByteSource                                : loaded 2 times (x 85B)
Class org.objectweb.asm.ClassReader                                                   : loaded 2 times (x 93B)
Class org.gradle.internal.service.DefaultServiceLocator                               : loaded 2 times (x 83B)
Class com.google.common.collect.Lists$ReverseList                                     : loaded 2 times (x 200B)
Class org.gradle.internal.service.ServiceLookupException                              : loaded 2 times (x 82B)
Class kotlin.io.FilesKt__FileReadWriteKt                                              : loaded 2 times (x 71B)
Class org.objectweb.asm.RecordComponentVisitor                                        : loaded 2 times (x 77B)
Class com.google.common.io.CharStreams                                                : loaded 2 times (x 71B)
Class com.google.common.util.concurrent.AbstractFuture                                : loaded 2 times (x 106B)
Class com.google.common.base.CharMatcher$Any                                          : loaded 2 times (x 112B)
Class com.google.common.util.concurrent.ListenableFuture                              : loaded 2 times (x 70B)
Class org.jetbrains.kotlin.build.report.metrics.GradleBuildTime$Companion             : loaded 2 times (x 71B)
Class org.jetbrains.org.objectweb.asm.AnnotationWriter                                : loaded 2 times (x 78B)
Class org.gradle.api.internal.classpath.DefaultModuleRegistry                         : loaded 2 times (x 86B)
Class com.google.common.collect.Multimaps$CustomSetMultimap                           : loaded 2 times (x 178B)
Class kotlin.io.FilesKt__UtilsKt                                                      : loaded 2 times (x 71B)
Class com.google.common.util.concurrent.AbstractFuture$UnsafeAtomicHelper             : loaded 2 times (x 78B)
Class com.google.common.io.Closer$SuppressingSuppressor                               : loaded 2 times (x 75B)
Class org.jetbrains.kotlin.name.FqNameUnsafe                                          : loaded 2 times (x 72B)
Class [Lorg.jetbrains.org.objectweb.asm.Type;                                         : loaded 2 times (x 69B)
Class com.google.common.util.concurrent.internal.InternalFutureFailureAccess          : loaded 2 times (x 72B)
Class org.jetbrains.org.objectweb.asm.AnnotationVisitor                               : loaded 2 times (x 77B)
Class org.gradle.api.internal.classpath.ModuleRegistry                                : loaded 2 times (x 70B)
Class org.gradle.internal.installation.GradleInstallation$1                           : loaded 2 times (x 75B)
Class [Lorg.objectweb.asm.SymbolTable$Entry;                                          : loaded 2 times (x 69B)
Class [Lcom.google.common.base.Supplier;                                              : loaded 2 times (x 69B)
Class org.objectweb.asm.Edge                                                          : loaded 2 times (x 72B)
Class org.jetbrains.org.objectweb.asm.ClassWriter                                     : loaded 2 times (x 104B)
Class org.jetbrains.org.objectweb.asm.SymbolTable                                     : loaded 2 times (x 72B)
Class com.google.common.cache.LocalCache$SoftValueReference                           : loaded 2 times (x 97B)
Class org.gradle.internal.installation.CurrentGradleInstallation                      : loaded 2 times (x 73B)
Class com.google.common.util.concurrent.AbstractFuture$AtomicHelper                   : loaded 2 times (x 78B)
Class org.objectweb.asm.SymbolTable$Entry                                             : loaded 2 times (x 74B)
Class com.google.common.io.CharStreams$NullWriter                                     : loaded 2 times (x 99B)
Class com.google.common.io.Files$FileByteSource                                       : loaded 2 times (x 85B)
Class com.google.common.collect.Interners$InternerBuilder                             : loaded 2 times (x 76B)
Class org.gradle.api.UncheckedIOException                                             : loaded 2 times (x 82B)
Class org.gradle.internal.classpath.ClassPath                                         : loaded 2 times (x 70B)
Class Settings_gradle$1                                                               : loaded 2 times (x 74B)
Class com.google.common.io.ByteSink                                                   : loaded 2 times (x 76B)
Class com.google.common.cache.RemovalCause                                            : loaded 2 times (x 80B)
Class [Lorg.jetbrains.org.objectweb.asm.AnnotationWriter;                             : loaded 2 times (x 69B)
Class com.google.common.collect.MapMakerInternalMap$Segment                           : loaded 2 times (x 142B)
Class org.jetbrains.org.objectweb.asm.ByteVector                                      : loaded 2 times (x 78B)
Class org.gradle.internal.classpath.DefaultClassPath$ImmutableUniqueList              : loaded 2 times (x 199B)
Class org.gradle.api.internal.ClassPathRegistry                                       : loaded 2 times (x 70B)
Class org.gradle.api.internal.DefaultClassPathRegistry                                : loaded 2 times (x 76B)
Class kotlin.io.ByteStreamsKt                                                         : loaded 2 times (x 71B)
Class org.jetbrains.org.objectweb.asm.ModuleWriter                                    : loaded 2 times (x 81B)
Class org.gradle.util.internal.GUtil                                                  : loaded 2 times (x 71B)
Class org.jetbrains.org.objectweb.asm.MethodVisitor                                   : loaded 2 times (x 104B)
Class org.jetbrains.org.objectweb.asm.FieldWriter                                     : loaded 2 times (x 77B)
Class com.google.common.util.concurrent.AbstractFuture$Cancellation                   : loaded 2 times (x 72B)
Class com.google.common.io.AppendableWriter                                           : loaded 2 times (x 100B)
Class com.google.common.io.Files$2                                                    : loaded 2 times (x 76B)
Class org.jetbrains.kotlin.build.report.metrics.BuildMetricsReporter                  : loaded 2 times (x 70B)
Class com.google.common.base.Stopwatch                                                : loaded 2 times (x 72B)
Class org.gradle.api.internal.classpath.UnknownModuleException                        : loaded 2 times (x 82B)
Class kotlin.io.FileAlreadyExistsException                                            : loaded 2 times (x 82B)
Class org.gradle.api.internal.classpath.Module                                        : loaded 2 times (x 70B)
Class org.jetbrains.org.objectweb.asm.FieldVisitor                                    : loaded 2 times (x 76B)
Class org.jetbrains.kotlin.name.ClassId                                               : loaded 2 times (x 72B)
Class org.gradle.api.internal.classpath.DefaultModuleRegistry$DefaultModule           : loaded 2 times (x 86B)
Class org.objectweb.asm.FieldVisitor                                                  : loaded 2 times (x 77B)
Class org.gradle.internal.classloader.ClasspathUtil$1                                 : loaded 2 times (x 76B)
Class org.objectweb.asm.ClassWriter                                                   : loaded 2 times (x 106B)
Class org.gradle.internal.InternalTransformer                                         : loaded 2 times (x 70B)
Class com.google.common.base.CharMatcher$JavaLetterOrDigit                            : loaded 2 times (x 111B)
Class com.google.common.collect.ImmutableSortedSetFauxverideShim                      : loaded 2 times (x 147B)
Class org.jetbrains.org.objectweb.asm.ClassTooLargeException                          : loaded 2 times (x 83B)
Class org.gradle.kotlin.dsl.VersionCatalogAccessorsKt                                 : loaded 2 times (x 71B)
Class com.google.common.io.ByteSink$AsCharSink                                        : loaded 2 times (x 80B)
Class [Lorg.jetbrains.kotlin.build.report.metrics.BuildTime;                          : loaded 2 times (x 69B)
Class com.google.common.base.CharMatcher$RangesMatcher                                : loaded 2 times (x 112B)
Class com.google.common.util.concurrent.AbstractFuture$Trusted                        : loaded 2 times (x 70B)
Class com.google.common.collect.Range                                                 : loaded 2 times (x 87B)
Class com.google.common.util.concurrent.AbstractFuture$UnsafeAtomicHelper$1           : loaded 2 times (x 76B)
Class com.google.common.collect.ImmutableRangeSet$1                                   : loaded 2 times (x 209B)
Class kotlin.io.FilesKt__FilePathComponentsKt                                         : loaded 2 times (x 71B)
Class kotlin.io.TerminateException                                                    : loaded 2 times (x 82B)
Class com.google.common.collect.MapMakerInternalMap$AbstractStrongKeyEntry            : loaded 2 times (x 80B)
Class [Lorg.jetbrains.org.objectweb.asm.Label;                                        : loaded 2 times (x 69B)
Class kotlin.io.NoSuchFileException                                                   : loaded 2 times (x 82B)
Class com.google.common.io.ByteSource                                                 : loaded 2 times (x 84B)
Class com.google.common.util.concurrent.AbstractFuture$SetFuture                      : loaded 2 times (x 75B)
Class com.google.common.io.ByteSource$ByteArrayByteSource                             : loaded 2 times (x 85B)
Class kotlin.io.CloseableKt                                                           : loaded 2 times (x 71B)
Class com.google.common.collect.HashBiMap$BiEntry                                     : loaded 2 times (x 83B)
Class [Lkotlin.Function;                                                              : loaded 2 times (x 69B)
Class org.gradle.internal.service.ServiceLocator                                      : loaded 2 times (x 70B)
Class [Lorg.objectweb.asm.Type;                                                       : loaded 2 times (x 69B)
Class [Lorg.objectweb.asm.Attribute;                                                  : loaded 2 times (x 69B)
Class org.jetbrains.kotlin.build.report.metrics.GradleBuildTime                       : loaded 2 times (x 86B)
Class com.google.common.collect.ImmutableRangeSet$AsSet                               : loaded 2 times (x 299B)
Class [Lorg.jetbrains.org.objectweb.asm.SymbolTable$Entry;                            : loaded 2 times (x 69B)
Class org.gradle.internal.classloader.InstrumentingClassLoader                        : loaded 2 times (x 70B)
Class org.gradle.internal.classpath.TransformedClassPath                              : loaded 2 times (x 96B)
Class org.objectweb.asm.FieldWriter                                                   : loaded 2 times (x 78B)
Class com.google.common.collect.MapMaker$Dummy                                        : loaded 2 times (x 79B)
Class com.google.common.collect.Interner                                              : loaded 2 times (x 70B)
Class com.google.common.collect.Interners$InternerImpl                                : loaded 2 times (x 75B)
Class com.google.common.io.ByteStreams                                                : loaded 2 times (x 71B)
Class com.google.common.util.concurrent.SettableFuture                                : loaded 2 times (x 114B)
Class org.objectweb.asm.ModuleVisitor                                                 : loaded 2 times (x 81B)
Class org.objectweb.asm.Context                                                       : loaded 2 times (x 72B)
Class com.google.common.collect.MapMakerInternalMap$1                                 : loaded 2 times (x 83B)
Class com.google.common.io.LineBuffer                                                 : loaded 2 times (x 75B)
Class org.gradle.internal.installation.GradleInstallation                             : loaded 2 times (x 75B)
Class com.google.common.collect.MapMakerInternalMap$StrongValueEntry                  : loaded 2 times (x 70B)
Class com.google.common.io.ByteArrayDataInput                                         : loaded 2 times (x 70B)
Class [Lorg.jetbrains.org.objectweb.asm.Attribute;                                    : loaded 2 times (x 69B)
Class org.gradle.internal.service.UnknownServiceException                             : loaded 2 times (x 83B)
Class com.google.common.base.AbstractIterator$State                                   : loaded 2 times (x 79B)
Class com.google.common.util.concurrent.AbstractFuture$SafeAtomicHelper               : loaded 2 times (x 79B)
Class com.google.common.collect.MapMakerInternalMap$Strength$2                        : loaded 2 times (x 80B)
Class [Lorg.objectweb.asm.AnnotationVisitor;                                          : loaded 2 times (x 69B)
Class org.gradle.api.internal.ClassPathProvider                                       : loaded 2 times (x 70B)
Class [Lorg.gradle.api.internal.ClassPathProvider;                                    : loaded 2 times (x 69B)
Class com.google.common.collect.MapMakerInternalMap$Strength$1                        : loaded 2 times (x 80B)
Class org.gradle.api.internal.DefaultClassPathProvider                                : loaded 2 times (x 76B)
Class org.objectweb.asm.AnnotationVisitor                                             : loaded 2 times (x 78B)
Class com.google.common.collect.ImmutableSet$SerializedForm                           : loaded 2 times (x 73B)
Class com.google.common.collect.ImmutableRangeSet                                     : loaded 2 times (x 115B)
Class org.gradle.api.internal.classpath.EffectiveClassPath                            : loaded 2 times (x 90B)
Class org.jetbrains.org.objectweb.asm.ClassReader                                     : loaded 2 times (x 91B)
Class org.gradle.internal.classloader.ClassLoaderVisitor                              : loaded 2 times (x 76B)
Class com.google.common.io.ByteSource$ConcatenatedByteSource                          : loaded 2 times (x 85B)
Class org.jetbrains.org.objectweb.asm.ClassVisitor                                    : loaded 2 times (x 87B)
Class org.gradle.internal.classloader.DefaultClassLoaderFactory                       : loaded 2 times (x 82B)
Class com.google.common.base.Platform$JdkPatternCompiler                              : loaded 2 times (x 75B)
Class org.objectweb.asm.MethodTooLargeException                                       : loaded 2 times (x 83B)
Class com.google.common.collect.MapMakerInternalMap$Strength                          : loaded 2 times (x 80B)
Class com.google.common.collect.MapMakerInternalMap$StrongKeyDummyValueEntry$LinkedStrongKeyDummyValueEntry: loaded 2 times (x 82B)
Class org.jetbrains.kotlin.name.FqNameUnsafe$1                                        : loaded 2 times (x 74B)
Class org.objectweb.asm.ClassVisitor                                                  : loaded 2 times (x 88B)
Class [Lorg.objectweb.asm.Symbol;                                                     : loaded 2 times (x 69B)
Class com.google.common.cache.LocalCache$Values                                       : loaded 2 times (x 118B)
Class com.google.common.io.ByteArrayDataOutput                                        : loaded 2 times (x 70B)
Class org.gradle.api.internal.classpath.ManifestUtil                                  : loaded 2 times (x 71B)
Class [Lcom.google.common.cache.RemovalCause;                                         : loaded 2 times (x 69B)
Class org.gradle.internal.classloader.ClassLoaderHierarchy                            : loaded 2 times (x 70B)
Class [Lcom.google.common.base.AbstractIterator$State;                                : loaded 2 times (x 69B)
Class com.google.common.io.FileWriteMode                                              : loaded 2 times (x 79B)
Class [Lcom.google.common.collect.MapMakerInternalMap$Segment;                        : loaded 2 times (x 69B)
Class com.google.common.cache.LocalCache$ValueIterator                                : loaded 2 times (x 86B)
Class kotlin.sequences.FilteringSequence$iterator$1                                   : loaded 2 times (x 79B)
Class kotlin.io.FilesKt__FileTreeWalkKt                                               : loaded 2 times (x 71B)
Class org.gradle.internal.classloader.FilteringClassLoader                            : loaded 2 times (x 105B)
Class com.google.common.io.LineReader                                                 : loaded 2 times (x 72B)
Class com.google.common.collect.Lists$RandomAccessReverseList                         : loaded 2 times (x 200B)

---------------  S Y S T E M  ---------------

OS:
 Windows 11 , 64 bit Build 26100 (10.0.26100.8972)
OS uptime: 2 days 10:15 hours
Hyper-V role detected

CPU: total 12 (initial active 12) (12 cores per cpu, 2 threads per core) family 23 model 104 stepping 1 microcode 0x8608107, cx8, cmov, fxsr, ht, mmx, 3dnowpref, sse, sse2, sse3, ssse3, sse4a, sse4.1, sse4.2, popcnt, lzcnt, tsc, tscinvbit, avx, avx2, aes, clmul, bmi1, bmi2, adx, sha, fma, vzeroupper, clflush, clflushopt, hv, rdtscp, rdpid, f16c
Processor Information for processor 0
  Max Mhz: 2100, Current Mhz: 2100, Mhz Limit: 2100
Processor Information for processor 1
  Max Mhz: 2100, Current Mhz: 1988, Mhz Limit: 2100
Processor Information for processor 2
  Max Mhz: 2100, Current Mhz: 2100, Mhz Limit: 2100
Processor Information for processor 3
  Max Mhz: 2100, Current Mhz: 2100, Mhz Limit: 2100
Processor Information for processor 4
  Max Mhz: 2100, Current Mhz: 2100, Mhz Limit: 2100
Processor Information for processor 5
  Max Mhz: 2100, Current Mhz: 2100, Mhz Limit: 2100
Processor Information for processor 6
  Max Mhz: 2100, Current Mhz: 2100, Mhz Limit: 2100
Processor Information for processor 7
  Max Mhz: 2100, Current Mhz: 2100, Mhz Limit: 2100
Processor Information for processor 8
  Max Mhz: 2100, Current Mhz: 1988, Mhz Limit: 2100
Processor Information for processor 9
  Max Mhz: 2100, Current Mhz: 2100, Mhz Limit: 2100
Processor Information for processor 10
  Max Mhz: 2100, Current Mhz: 2100, Mhz Limit: 2100
Processor Information for processor 11
  Max Mhz: 2100, Current Mhz: 2100, Mhz Limit: 2100

Memory: 4k page, system-wide physical 5966M (191M free)
TotalPageFile size 24398M (AvailPageFile size 356M)
current process WorkingSet (physical memory assigned to process): 832M, peak: 1337M
current process commit charge ("private bytes"): 1715M, peak: 1729M

vm_info: OpenJDK 64-Bit Server VM (21.0.10+-14961533-b1163.108) for windows-amd64 JRE (21.0.10+-14961533-b1163.108), built on 2026-03-02T19:58:50Z by "builder" with MS VC++ 16.10 / 16.11 (VS2019)

END.
